Actual,Predicted
8.606851063346772,8.56784543680932
8.46884293047519,8.460598025130704
9.561912317739012,9.411108778391473
8.578476419833136,8.526492302094479
7.932003152361385,8.188855092363589
8.585785982881848,8.468720182529816
8.333510708982942,8.446973761106383
8.443761913330354,8.594788292267669
8.958025443361693,8.975306999664845
9.15302900526307,9.338533371954233
9.465757483840688,9.312944209395734
9.274910142625483,9.136003447131177
9.232101863757697,9.095742000238797
9.602652693506046,9.742239528700491
9.554284623436097,9.873984415115142
8.14351740579748,8.227850181381914
10.007036428164689,9.691541546225379
9.871532381294577,9.957826039880185
8.911260254572033,8.604220475053737
8.776938645174996,8.833256580206157
8.874028122556336,8.750288305699083
9.843843699608612,9.752239389154237
8.464846711044029,8.362433456134966
9.567525185909115,9.84372282867651
9.28720881623276,9.195085592082792
9.62535969288916,9.899748247725235
8.146419323098003,8.200426983281682
7.820037989458753,8.126847224047777
7.947325027016463,8.11256794732998
9.448175472033382,9.365170554822292
8.507748732588238,8.433393164594962
8.296546520300614,8.384660220200281
9.6004210780406,9.595997028003548
9.3502762122737,9.914333197033319
9.615938804529582,9.905119351811745
9.455558477608704,9.487832598554064
8.762489547371581,8.789589067307697
9.672752760526098,9.386218296039349
7.690286020676768,8.106279825472603
9.608982254736222,9.50700263671649
9.562685957753686,9.288708739737089
8.104099056143582,8.152654724170766
9.302919553269277,9.411327115955963
9.414015640094997,9.016791136918382
9.495293724856706,9.249713650718766
8.503702601233739,8.427236045276281
9.12674134809987,8.956748306683
8.613593685702552,8.477759357699798
9.784535083358834,9.877259478582527
8.28576542051433,8.369070918095533
9.362975618399776,9.350891278104497
9.66147968357552,9.77795955425143
9.364005219520331,9.478138410690606
8.74369111054302,8.496929395862221
9.080117784926207,9.280586582337977
9.308827318690836,9.375956430508213
7.892825526251117,8.12226213519344
8.663714844079005,8.369813265814805
7.592366128519796,8.09531927973509
9.942419762537916,9.88311092531092
8.310169021981912,8.414528799022829
8.938662873666118,8.839894042166723
9.40771473139643,9.356349717216803
8.39931015075952,8.379245448600873
9.356257246876336,9.034214474564868
8.52595469708481,8.352520930707016
8.972844314437573,9.138012152724507
9.218606116393214,9.06757645441929
9.460086905084928,9.991231687247506
8.315566483564277,8.344442440820801
9.942227380852058,9.830011229626393
9.424644974623188,9.150894069029551
8.88599431515281,8.644438254433219
9.630168502920114,9.556914603959427
9.586308009295324,9.301328650964745
9.3910773406399,9.151723751774622
9.154933364704444,9.09534899262271
8.835646922534773,8.95731598435068
7.487733761436444,8.04737235057258
9.379914355947635,9.3734237147601
9.384797753713336,9.351327953233481
8.90150275745161,8.778584854057286
9.794397869948424,9.863416876993716
8.778479952508487,8.729720907123909
8.23880116587155,8.268810308480669
7.418780882750794,8.064926690757762
9.087494541977335,8.858190730071177
8.212025804623437,8.314792199562747
8.869398159883518,8.722777772573055
9.427868184504756,9.377615795998354
9.167432870964909,9.244648219222544
9.027858802380862,8.850112240184963
9.615138591096644,9.836168348945076
9.560645068907071,9.353948004007389
7.989899374942939,8.216190955438025
7.987524479848767,8.152698391683666
8.430327258394575,8.550640436727328
9.062652099076578,8.613565322814008
9.438590860658538,9.604686863070343
8.72729202920964,8.555705868223548
9.113609183016411,8.873343357046943
8.158516244806831,8.372607986640308
8.393442383980062,8.381341489219999
8.863898604317479,8.553828165168914
8.981304494957135,8.683870018580526
9.233959237574815,8.90120323027616
9.311090275076326,8.947054118819542
9.637632201310456,9.345170833914798
7.88758403166028,8.080035650220628
8.089175678837561,8.20300336654269
8.437067146936952,8.324530054939103
7.762170607138205,8.131344977876319
8.111928063310739,8.2707753465611
9.064505023752638,8.894260095725304
8.6652683094816,8.726096503553338
8.842604480678025,8.550596769214428
8.859647499714997,8.700551008507738
9.460943436186543,9.240019462855308
9.27865301215827,9.270674056910027
8.23323750070527,8.225535803198296
8.385944904806284,8.4805540785253
9.323847612769775,9.731060645398484
8.002359546252707,8.307499724908704
8.918248591035702,8.776052138309176
8.32020459757888,8.346101806310942
9.306650052113593,9.389275021942241
8.525359754082631,8.58168803839813
9.415808631610384,9.24194083342284
9.62450089845157,9.782850315696058
9.31343832997975,9.020764880592143
9.176886995716965,8.931595819253488
8.34924780056679,8.356887681996861
9.284798282894192,9.134693421744224
9.309642573050043,9.301503321016337
8.177796683277778,8.216802300618603
9.48311183169221,9.531893119068611
8.817890200945513,8.524134256397963
7.590852123688581,8.050647414039965
7.7752758464868625,8.125668201199518
9.777697546477828,9.790186457863
9.772980154456343,9.963895824173072
9.613669867953924,9.781845962899393
9.224736252259914,8.888583319048506
9.652073119254888,9.790273792888796
9.382022193665792,9.131243688225245
7.914252278742441,8.225754140762788
9.7706416392027,9.819574694043663
9.105535257610056,8.982905146909177
8.916640227198839,8.567190424115843
9.72232532346202,9.872106712060509
8.37309184744198,8.611643952246474
8.065893546964274,8.230819572259009
9.281637253858216,9.055174880756129
9.917932716967623,9.951319580458314
7.558516743045645,8.076236576598463
8.369620826949102,8.449593811880291
9.63782786411884,9.886604326342798
8.479283618343016,8.664918317982595
9.421573272264558,9.29211480574317
9.639522006701664,9.535124515023096
9.291920358968603,9.191723193589612
8.832587702434553,9.14015186085653
8.529911963824013,8.34474811341109
9.507031738585551,9.324909107929912
9.518486617560317,9.396218156493097
7.636752112435779,8.11824472400678
9.52369019117654,9.693637586844504
9.8220605538404,9.528967395704415
9.277531621516506,9.28246428539261
9.167432870964909,8.84592015894671
9.52937575208596,9.611236990005112
9.543808099577095,9.454863626315728
8.245384468120747,8.282041564888903
8.16763571524637,8.256059394714319
9.439227397917458,9.167313053879372
7.959974528080536,8.125100523531838
8.794673401383422,8.49304298721426
8.882114044208821,8.650464371213205
9.137662146478196,9.245084894351528
9.47730940283042,9.88341659790121
9.154827662045925,8.792558458184793
9.26624800391448,9.437876963798228
9.44896349413878,9.56735113954216
9.062768007509048,8.897273154115299
9.366660126231135,9.236307724258939
9.044521887281242,8.808584435418528
8.499843553081124,8.277238138470072
9.76789689822978,9.87319839988297
8.753213480544126,8.746314562025324
8.741296282225147,8.620202784774573
9.050406334059858,8.77338842002237
9.663769906600864,9.933808907786032
9.035391569511642,8.80797309023795
9.560292770154089,9.7929811786885
8.77909581088053,8.762733546875145
9.146761390333312,8.964652126517622
8.0507033814703,8.193964191372709
9.106201332235038,8.84849654220772
9.424644974623188,9.782981318234754
9.378478484253662,9.798046610184722
9.619863900211849,9.492155682331013
9.463198053273784,9.443815745552417
9.21562637640542,9.046965388331218
9.3722891389622,9.126483929319313
9.685269351744411,9.775994516171
8.029758520440822,8.208723810732389
9.932220771359,9.80066666095863
8.54849804124465,8.505837568493508
9.358932776026007,9.42761509826709
8.863898604317479,8.736271034058678
9.677966176435952,9.745427257142078
9.796347676978224,9.68922716804176
9.921916688004496,9.883765938004398
9.33034316437088,9.278315871667257
8.124743020385568,8.310076108169714
9.446755465483632,9.630712700757824
9.145161645951188,9.051856149775846
9.39015879855202,9.647088018094747
8.999001866111735,9.021550895824314
9.474165107897395,9.422855339361158
9.347577390281268,8.930416796405229
9.982344942613622,9.78926944009213
9.709902803463462,9.951843590613096
9.623773649733524,9.80686744779021
9.785323194185484,9.649227726226771
8.4071550862073,8.557976578894268
8.319229938632326,8.285098290791794
9.84341902607001,9.83070990983277
9.35470042248302,9.224211823186065
9.320180837655714,9.49080198943116
9.009080614161975,8.85613835696495
9.43148192061972,9.23884044000705
9.072571442231286,8.980110426083677
9.570040734716605,9.581630416259957
8.336869637284956,8.532649421413161
9.474779405697564,9.548967116611909
9.737669067841187,9.981362829332454
9.737432968206043,9.79839595028791
9.226213721132472,9.021245223234025
9.863914777416303,9.915119212265491
9.621920081084202,9.614381050933801
9.571853592555165,9.487570593476674
8.592671652592143,8.769152671271218
9.40951904583656,9.300367965680978
9.536401457297078,9.417920910403632
9.30008966411979,9.22063108712839
9.089189170412032,9.000896162223343
9.705463352014885,9.267355325929742
8.180320874773685,8.261168493723439
9.337501517592862,8.973254626558617
8.361474616416817,8.335839940779804
8.843326450242271,8.626971249273835
9.377717481384314,9.16312097264112
9.278092474027002,9.270674056910027
9.3101857069459,9.021550895824314
8.440312147080279,8.399550842098657
9.678968055041988,9.764160620175517
9.045229851912582,8.954695933576772
8.94324493313279,8.810680476037653
8.155936337972394,8.200426983281682
9.243678431586693,9.043733992376731
9.064736398117391,8.77391243017715
9.09504174761272,8.801029955687094
9.474779405697564,9.324472432800928
8.675904882571059,8.519199827440437
8.85209276347713,8.771292379403242
9.273690687476943,9.028712367939661
7.60887062919126,8.13728375963051
9.66147968357552,9.608311266640914
8.770283819098399,8.720507061902335
9.326165937481774,9.135261099411903
9.293485953062852,9.364166202025627
9.42424134192346,9.18521673416774
9.048174321385792,9.169321759472702
7.787796878181171,8.073747528363251
9.533510237357516,9.497177446314335
9.590419293693932,9.682939046184382
9.04251326133268,8.78330094545032
7.562161631225652,8.05759054859082
9.510963348560765,9.141505553756383
9.150271845510064,8.842121085324544
8.9939241414114,8.831335209638624
9.41954725755152,9.321765047001223
8.948975607841776,8.70133702373991
7.957177323459475,8.21750098082498
8.446126742982377,8.469025855120107
9.126088819528592,9.009018319622456
9.387649386946594,9.185697076809625
8.3707791729607,8.38356853237782
8.65817178467581,8.479637060754431
8.821437352166997,8.849544562517282
8.139440521874608,8.203178036594284
9.648917831534549,9.586783182781975
9.71878315904038,9.590844261481532
7.911324018963353,8.24099410276435
9.63795828472548,9.48486320767697
9.425451751593128,9.211504576932613
8.685753832960154,8.418677212748182
9.556197008479035,9.63058169821913
9.010913347279288,8.95251255793185
9.548168831368535,9.891233082710034
9.350884616968491,9.474120999503949
9.714805812589493,9.891407752761628
8.53168763756669,8.489724256233975
8.558527054909215,8.459768342385633
8.551014739891748,8.624089193422536
7.306531398939505,8.080341322810918
7.9714309977693505,8.171781094820291
9.439704535103449,9.265477622875109
9.37577006109992,9.109409931776014
9.599608345181776,9.720187434686768
9.15440473964588,9.267660998520032
8.921991410536698,8.759807823510949
9.633776365405584,9.84092810785101
9.11833472618016,8.982730476857583
9.722145515855674,9.739575810413685
9.450694960020746,9.598442408725862
8.77043908654689,8.760157163614135
8.738094230177667,8.511208672580018
9.381095292398673,9.902673971089431
9.259701801513907,9.114475363272236
9.3492323708428,9.692152891405957
7.67786350067821,8.063616665370807
8.906393407058367,8.519636502569421
9.347054195292005,9.728396927111678
8.775085935057266,8.607408203495325
9.701432566051784,9.718921076812713
8.254788926148725,8.26649593029705
9.598659321249375,9.68302638121018
9.540075680658964,9.855993399800978
8.94494150776486,8.676621211439382
8.938531648680692,8.639634828014387
8.223090551161533,8.316844572668975
8.81537000096066,8.825745767987621
8.496378051702317,8.422039611241363
9.37940781309172,9.555036900904794
9.262553243423117,8.961071390459947
8.005367067316664,8.245491856592892
8.61558951327243,8.441253316916686
9.44034036408688,9.224168155673166
9.323847612769775,9.044214335018616
8.5657928612523,8.366494534834523
7.673223121121708,8.209859166067748
9.504277838590472,9.599839769138613
8.937743936942443,8.640333508220763
8.76280248744611,8.68352067847734
9.665864679957084,9.456479324292971
9.608579434992608,9.90721539243087
9.195226734166134,9.234604691255898
9.378140332251116,9.66713140651514
9.635804166591036,9.418270250506819
8.053887083618223,8.178462224293757
7.5595594960077,8.110122566607668
9.591854259261831,9.854159364259242
8.90354343566472,8.537016172703007
9.397400683117311,9.57499295429939
8.481773246184977,8.427192377763381
8.046229101075378,8.132917008340662
7.912056888179006,8.15313506681265
9.581490049669227,9.897215531977123
9.250714266114455,9.246700592328772
9.372374183823416,9.3280968363715
8.946114375560743,8.684787036351395
9.469700127423376,9.436348600846781
8.277411998949004,8.258242770359242
9.639522006701664,9.380934526978637
9.872461173931006,9.857390760213729
8.847359875474174,8.583740411504358
9.72800257300116,9.913590849314046
8.67334187390617,8.413262441148774
8.764209507142004,8.797492887142319
9.76841211133904,9.768440036439566
8.671800909642677,8.487453545563255
9.378309422545737,9.308446455567193
9.715771471424866,9.910534123411153
9.753129670947564,9.637481165257086
9.040026434306505,8.993254347466113
9.247828816387177,9.144518612146376
8.664923303440572,8.411122733016748
9.58211080356025,9.762370252146681
8.693999567522082,8.588500170410292
9.673130546703616,9.697087320363483
9.10331179921766,9.253119716724845
9.079776001955066,9.124256886161492
8.958540111412168,8.776794486028448
9.796013694230895,9.970271281056245
8.846209127360996,8.899150857169932
9.989160534274278,9.832063602732621
9.331406899955626,9.507701316922864
8.60392119492606,8.759414815894862
9.668903811079362,9.667306076566733
8.09376775793108,8.246408874363759
8.305236829492593,8.427978392995554
9.669662152875055,9.73289468094022
8.897272113133987,8.595967315115928
9.58107599956325,9.129453320196408
8.984818995876008,8.77055003168397
9.41336284529417,9.489753969121598
9.361687124470707,9.0729475585058
8.74369111054302,8.665442328137377
8.784468454090355,8.650377036187407
9.244065241377804,9.35586937457492
9.31217467785745,9.181941670700356
8.713746330456916,8.627495259428615
9.133891199812776,9.032336771510234
9.157572306437528,8.921945298902928
8.22764270790443,8.428502403150336
8.953381472167242,8.608237886240396
8.958025443361693,9.08630981745273
10.03038448572448,9.808919820896438
8.563695025067657,8.545531337718208
9.12161844191538,9.193950236747433
8.401108712395436,8.341385714917909
9.25253742067597,9.059410629507278
7.801800401908973,8.077328264420924
8.152774052744075,8.215928950360635
8.934191535338075,8.706227785184538
9.42569365781533,9.295826544339539
9.141633173966392,9.436261265820985
8.628913441026645,9.022424246082284
9.654064192201435,9.689489173119151
9.353487881194669,9.42503871500608
9.693753688131835,9.65521017549386
9.580661777948766,9.767654021207393
7.9748769005588755,8.196496907120821
8.049746290952191,8.16558030798871
9.659248037927185,9.57359559388664
7.81762544305337,8.103135764543914
9.388653907372598,9.28220228031522
9.89600966268017,9.948437524607016
9.555559953069064,9.57075720554824
8.538758969330798,8.567190424115843
9.300181075975972,9.020983218156633
9.140347000155648,9.005044575948697
8.862483576488332,8.56697208655135
7.556427969440253,8.0553198379201
8.335911094196945,8.333176222492998
9.364948090202622,9.237355744568502
8.58110651715989,8.641075855940036
9.907031266159493,9.777566546635343
7.615298339825815,8.104009114801883
9.758866322925,9.41115244590437
9.019785010255124,8.833693255335142
9.7242412622591,9.675428233965848
8.194229304819817,8.266888937913137
9.591034531092426,9.917870265578095
9.10331179921766,8.918670235435544
9.676524215119054,9.876124123247166
7.685243607975833,8.054009812533147
9.14622842650894,9.135872444592481
9.395740518379736,9.418095580455226
8.389132521348719,8.459462669795343
9.356170820187725,9.559272649655945
8.806723554725636,8.548195056005014
7.849323818040561,8.196409572095023
8.294549515143679,8.403611920798214
8.931816237309167,8.556972226097603
8.855378246041125,8.617015056332985
9.301733800405394,9.268752686342493
9.606091787896707,9.853286014001274
9.051813463747946,8.756838432633852
9.45383541953829,9.876910138479339
9.512073267650624,9.428051773396074
9.72483924110847,9.621804528126539
7.860185057472165,8.11994775700982
8.906257878156621,8.870330298656949
9.151121012316212,8.9482768091807
9.0642735958414,8.912207443526572
7.5688956634069955,8.088419812697133
9.640693195592126,9.848788260172732
9.642577230581775,9.827434846365385
9.378478484253662,9.549971469408574
7.898039690764619,8.281299217169629
9.85828095969805,9.993327727866632
8.645762292210945,8.596403990244912
8.259716961021523,8.377149407981747
7.259819610363186,8.095537617299582
9.042749779782222,9.068580807215955
8.234564993267135,8.500772136997286
9.658162296163171,9.756824478008575
9.62681135926088,9.224866835879542
9.46769209462013,9.59852974375166
7.599901959208498,8.06527603086095
9.21562637640542,9.136876797389146
9.164505835632385,9.087576175326785
9.890148988096948,9.820710049379022
9.848291917068178,9.959965748012209
8.391629968440892,8.249640270318245
9.231122911158712,9.217181353609412
9.725018565057663,9.839356077386665
8.24301946898925,8.277936818676448
9.359622074691938,9.145129957326954
9.583626581720113,9.139758853240444
8.739536422559677,8.572343190637861
8.514389264083503,8.427017707711787
7.859026979751538,8.072786843079484
9.112948025967532,9.078012990002023
8.13593277200489,8.254662034301568
8.98894529119609,8.716969993357559
9.564371824969498,9.464557814179186
9.157361447185297,9.038624893367611
9.890858136135986,9.862630861761543
9.337589572891646,9.471107941113955
9.559023465985362,9.346087851685665
8.157370441186774,8.464484433778667
7.937731775260109,8.183090980660992
8.766550149546351,8.90967472777846
9.479221814964246,9.485736557934938
9.306650052113593,9.24704993243196
8.619569258033104,8.52815166758462
9.086815885690685,8.822776377110527
9.15957325492253,9.044738345173396
8.600062669238532,8.459069662179257
9.4949928598676,9.506871634177793
9.465292619805044,9.37997384169487
9.585346272599638,9.953284618538746
9.527338498762017,9.428095440908972
9.14782646658694,8.885395590606917
8.99317889233952,8.779239866750762
9.256555795773146,9.166352368595605
9.850666776352544,9.876211458272964
8.54110501146255,8.345359458591668
7.7406644019172415,8.126017541302707
8.551014739891748,8.461864383004759
9.418329675518716,9.203644424610891
9.412382853382338,9.608267599128016
9.61326893243235,9.728702599701968
8.272570608424903,8.35352528350368
9.617337639062423,9.644598969859535
8.55756708555451,8.557277898687893
9.015055148790369,8.93006745630204
9.573941275985648,9.685471761932494
9.528357644224036,9.542067649573951
9.744081420312916,9.82333010015293
8.45531778769815,8.346276476362537
9.10320049641828,8.901334232814856
9.887104073285604,9.959747410447717
9.335297611380566,9.221460769873461
8.878358040627822,8.837535996470205
8.477204183199873,8.448720461622322
9.51384657977485,9.794727879204439
9.43148192061972,9.89022872991337
8.99317889233952,8.674656173358953
9.555630757048275,9.90664771476319
7.771067086065406,8.062612312574144
9.916847904237963,9.831190252474652
9.28442691532888,8.911159423217008
9.63652272167307,9.764029617636822
9.233861567017527,9.03696552787747
9.400051227201992,9.636258474895929
8.496582237512113,8.686446401841536
9.82140944150052,9.841539453031587
9.830755556370027,9.946385151500788
9.34862295977619,9.06875547726755
9.498971993463552,9.342987458269874
9.518707035620796,9.791976825891835
8.40737832540903,8.42496533460556
9.045465728785947,8.638368470140332
9.891010031025017,9.63595280230564
7.795234929002173,8.145362249516724
9.403684292051873,9.280106239696092
8.244596756382498,8.31697557520767
8.47595444339964,8.50575023346771
8.89740886527095,8.84535248127903
9.344783848525674,9.273468777735527
9.889337916931686,9.766474998359135
9.783351751296149,9.765295975510877
7.70796153183549,8.09837600563798
8.196161139282902,8.18741406443794
8.189522110748094,8.208811145758185
8.32069157104845,8.276845130853985
9.011523512653032,8.651599726548564
9.577480365762678,9.537133220616425
9.816785218696834,9.845382194166652
8.70201162840878,8.51937449749203
9.337941716569905,9.102816137328347
9.672185813520455,9.900010252802625
7.97728198675515,8.275185765363844
9.397732385583245,9.310105821057334
7.917171988845776,8.089686170571188
8.978156076009824,8.78356295052771
8.942591637231851,8.736052696494186
9.159888828480083,8.92923777355697
9.677715549868228,9.501151189988095
9.879860621904973,9.874814097860213
8.448914350662942,8.44710476364508
9.789478635924262,9.872456052163697
9.481283120423663,9.953852296206424
8.226840890408578,8.235229991061754
8.3707791729607,8.269028646045161
8.469472455204826,8.345359458591668
9.184919994629272,8.896836478986314
9.6067647354322,9.790186457863
9.591990815318308,9.360541798455056
8.266421472984554,8.28977071467193
8.939843124278502,9.210325554084354
9.16785032035523,8.783519283014812
8.75273950944749,8.607320868469527
7.734121303328305,8.151082693706423
9.114379980830272,8.969717558013842
7.642524134232902,8.076454914162955
9.706377178268736,9.809880506180203
9.7524902289842,9.624075238797259
8.413387022690648,8.409594370065303
9.302372457422676,9.116877076481652
8.772765209949785,8.679284929726188
9.016512874996026,8.838060006624987
9.104424146384634,9.01770815468925
8.11969625295725,8.336931628602265
9.475930197953147,9.221679107437954
8.922391597295857,9.020764880592143
9.190341725469493,9.294341848900991
9.291920358968603,9.529098398243109
9.63776264743639,9.782631978131565
7.815207062189088,8.143746551539481
9.576302060306649,9.607961926537728
9.90628363983813,9.772108107523037
9.79322615827859,9.656825873471103
9.383621184117988,9.682502371055397
7.713784616598755,8.1148823255136
9.861206160279522,9.97354634452363
9.885679933886165,9.68612677462597
9.372119027538808,9.902935976166821
9.38697914563464,9.048450083769765
9.061956366209923,8.677625564236047
9.525516008736886,9.737567104820355
8.6652683094816,8.584832099326821
9.496195777086555,9.594424997539205
8.891786635857315,8.812034168937506
9.62648162008158,9.18438705142267
8.967759126769497,8.917796885177575
9.152923101106232,9.001769512481312
9.416378455387454,9.365257889848088
9.94136120496421,9.935380938250377
9.347577390281268,9.263818257384967
9.543664802306663,9.663594337970364
9.311994025702685,8.985350527631491
9.657331226912843,9.512330073290101
9.294313805752362,9.135654107027989
8.797095076549056,8.535094802135475
9.263881138904212,9.206089805333205
9.773151050808124,9.90210629342175
8.370547611074752,8.29880988984191
9.302463660851988,9.310324158621826
8.886270902072013,8.852732290958869
8.150179269682326,8.22003369657309
9.921180112067049,9.953502956103238
9.288226910633254,9.192116201205698
8.497602541651233,8.685354714019075
9.37305428246393,9.794291204075455
8.83346272071993,8.686228064277044
8.857515151192198,8.643914244278436
9.579279798734897,9.752938069360614
9.394493583599107,9.472199628936416
9.642901705746048,9.849050265250122
7.797291273547472,8.143528213974989
9.589735252351163,9.862194186632559
9.521714556684753,9.90018492285422
8.950921764797261,8.679110259674594
8.760923376338836,8.696489929808182
7.681099001536359,8.100865053873195
9.363490551469855,9.39866353721541
9.39274525863144,9.252377369005572
9.633252393688068,9.629097002780583
9.533075832485352,9.631586051015795
9.62350906446938,9.807129452867601
9.66529381317554,9.67481688878527
9.455167134121536,9.383816582829935
9.488729397516371,9.511544058057929
9.981697813072689,9.92961682654778
8.593413217327646,8.382302174503765
9.754639455799712,9.661105289735152
8.94767606249969,9.14923470353941
8.541495483939203,8.433000156978878
9.635150486348124,9.595647687900362
9.200189020919808,9.254386074598902
9.44311737225863,9.427396760702598
9.692087278241504,9.642109921624323
9.098179005087852,8.803650006461002
8.619388703730907,8.518588482259858
9.552226498441476,9.380759856927043
9.382190628902842,9.47067126598497
8.98619632032839,9.226962876498668
9.322239464473592,9.04801340864078
9.422625179955515,9.706388500610855
9.20974019190415,9.001070832274937
9.418573310554638,9.392943093025712
9.878887435667895,9.848438920069544
8.538367426647644,8.809195780599106
9.102977853647683,9.246351252225583
9.464594918315443,9.61922814486553
7.693481640835175,8.060647274493713
7.629003889652957,8.131781653005303
9.612934696659329,9.590145581275156
9.106756055719613,9.346873866917838
9.152181457802651,9.171767140195016
9.467769401256945,9.589839908684866
9.666878750268348,9.758745848576108
9.290629203204986,9.227617889192144
9.292565312231853,9.305302394638504
8.53346016388011,8.67557319112982
8.737131611781498,8.505706565954812
8.258681496264236,8.386843595845205
8.751474487140904,8.75779911791762
9.595058406939556,9.8553820546204
8.017966703493599,8.36518450944757
8.644354337032917,8.4890255760276
9.640237896224932,9.619315479891327
8.612503371220562,8.424353989424983
9.56282655529346,9.57529862688968
9.721185995542177,9.95769503734149
7.957177323459475,8.178505891806655
8.399535147948004,8.343132415433848
8.815963560853438,8.648979675774658
9.20693457884135,8.990372291614815
8.648396877031582,8.398677491840688
9.076694687106263,8.780418889599021
8.94494150776486,8.77565913069309
9.423999084079178,9.49023431176348
9.856815144337697,9.743418551548748
7.801800401908973,8.169510384149572
9.66675204770245,9.906778717301886
9.067854723679428,8.866662227573478
9.631547587032957,9.606302561047587
9.118773178450692,8.785134980992055
9.705463352014885,9.437614958720836
9.267476563346992,9.09626601039358
9.734240155229443,9.78250097559287
9.85466488783856,9.917651928013601
8.818926087090677,8.77565913069309
9.698490846702954,9.665646711076592
9.363747918605496,9.11351467798847
9.430760217368796,9.435562585614608
9.68489612456914,9.835819008841888
8.264105763728956,8.435052530085105
9.754000978835746,9.779007574560993
9.421411342056125,9.623682231181172
8.556798446008598,8.535094802135475
9.8967650067753,9.87180103947022
8.643297068211963,8.770375361632375
9.345919666218006,9.652808462284446
9.60689927061335,9.499579159523751
9.493713172839865,9.218578714022163
9.391661428436556,9.306961760128646
9.935761113086423,9.972061649085083
9.257319373170178,9.085261797143167
8.875007486048396,8.759807823510949
9.336708670790989,9.404121976327719
9.151227107483676,8.627713596993107
8.87570644462861,8.918932240512934
9.38235903577424,9.584861812214442
9.800402224452805,9.937127638766315
8.212025804623437,8.285753303485272
8.415381925269553,8.385446235432454
8.733432966413652,8.623739853319348
9.792555991828849,9.90944243558869
9.0442857876461,8.820025323797923
9.219002745054835,8.758104790507907
9.211739392889893,9.22063108712839
8.042056410058754,8.163396932343788
9.77650609077534,9.69774233305696
9.360138737064576,8.999455134297694
9.685828931452487,9.675733906556136
9.05193063522854,8.944739740635924
9.678279371339702,9.883591267952804
8.470730317005897,8.419157555390065
9.3048320350689,9.148361353281441
8.767017621311778,8.46269406574983
9.711176264112805,9.768527371465362
8.959183074206774,8.909194385136578
9.060795734696166,8.856269359503646
7.791935956938058,8.081782350736567
9.570668634412815,9.461413753250497
7.845024417241484,8.141432173355863
9.291182759820284,9.029454715658936
9.806866513931702,9.686781787319447
8.080237416216702,8.170034394304354
9.011889433252344,8.864129511825368
9.529448434427817,9.368663955854169
9.58644532477786,9.383030567597762
7.705262474866325,8.07662958421455
9.71438304344534,9.771758767419849
8.165932137321585,8.192872503550248
9.220983532074662,9.217225021122312
8.660080678964786,8.769895018990493
9.61767040669386,9.608049261563524
9.717880604750643,9.53761356325831
8.890272839380247,8.627407924402819
9.697692639556532,9.387484653913406
9.918720933176717,9.90782673761145
9.024251728612985,8.986573217992648
9.305195902988862,9.046572380715132
9.545454543987823,9.280542914825078
8.271036865792954,8.313875181791879
9.533510237357516,9.842500138315353
8.848652886213905,8.843824118327584
9.671996759734087,9.852019656127219
8.849944227235596,8.594220614599989
9.343209045050608,9.580276723360104
8.698847859222488,8.51256236547987
8.366370301681654,8.361429103338303
9.556409270127691,9.40774637989829
9.659311868393488,9.539753271390333
9.438352054687252,9.293555833668819
8.514790306799927,8.429506755947
8.770594329891145,8.812514511579389
9.680093969966707,9.689925848248135
9.526464118059266,9.535823195229472
9.88659568486591,9.983371534925784
9.424887076064874,9.357223067474774
9.035153304082828,8.861160120948272
9.319194776888263,9.292507813359256
9.408617295560266,9.452156240516024
8.784315349902657,8.897709829244283
9.222466551774025,9.250281328386446
8.706986763048892,8.565269053548311
8.453187861440325,8.354442301274549
9.554284623436097,9.854814376952719
9.666308462257454,9.55599758618856
9.786616600804711,9.52228626623095
9.443275825752862,9.931407194576618
9.656947423415522,9.506303956510113
9.319194776888263,9.267224323391048
8.7662383802531,8.779458204315254
9.94280441491308,9.750361686099604
8.299783171949787,8.265797250090674
9.125762395500884,9.023341263853151
8.646465527120377,8.640377175733661
8.219056661060598,8.231212579875095
9.357121103184378,9.07552394176681
9.149421957006766,8.874609714920998
9.726631035173233,9.71844073417083
9.231612507251722,9.25696245785991
7.252762418053187,8.16330959731799
8.671800909642677,8.672560132739825
8.955448122347393,8.863998509286672
8.593413217327646,8.51566275889566
8.480736654405622,8.440336299145818
8.241966560231802,8.256146729740117
7.55171221535131,8.042219584050562
8.57130251706327,8.610246591833723
9.585964638073326,9.455824311599494
8.874867635688053,8.715135957815823
9.458683724312134,9.419754945945368
9.601571320056523,9.935468273276173
8.811205187562887,8.55081510677892
8.422003004412488,8.419419560467457
9.836599606994495,9.923590709767794
7.993282328101591,8.3161022249497
9.133675287040695,9.011070692728683
9.681343501555002,9.873809745063548
9.644716823578769,9.540932294238592
9.786223132375476,9.765121305459283
9.501740523796377,9.500103169678532
9.130539301772629,8.848147202104531
8.96392819372262,9.068580807215955
9.694616660508636,9.323206074926873
8.569406062863171,8.43094778387265
8.454679286026995,8.395970106040982
8.688453800850768,8.726227506092032
7.671826797878781,8.139772807865722
9.094368195723762,8.895482786086461
9.61573881119536,9.515037459089806
7.560601162768557,8.086149102026413
9.320270431348378,9.17045711480806
9.504948404498696,9.346306189250157
8.533853632309345,8.383786869942313
9.240675571772256,8.879194803775336
9.914526399651344,9.990969682170116
9.429556219952412,9.247268269996452
9.85513729159508,9.84485818401187
8.905037290767,8.605137492824603
9.617603862025726,9.81057918638658
9.544166252942194,9.65298313233604
8.785539527561276,8.591556896313183
8.889859587773016,8.61714605887168
9.267948684596496,9.593551647281236
9.178849704884811,9.094955985006624
9.718301898127525,9.627000962161455
9.04085606398372,8.774305437793236
9.358329249689632,9.128710972477133
8.657824321155983,8.669547074349833
9.048879705849558,9.095436327648507
9.491450899044924,9.69119220612219
8.974744612722734,8.790462417565667
8.911799556189527,8.750375640724881
9.041566627727496,8.864173179338266
8.795127912413138,8.699153648094988
9.5085913957772,9.591106266558922
8.965206802770357,8.669940081965919
9.10364563330522,8.936399245672318
7.978996370854115,8.175361830877966
8.920923462230686,8.838191009163683
9.51148146411212,9.86756529071907
9.664341643744413,9.922018679303449
9.157993891603974,8.729720907123909
8.574895901544526,8.51426539848291
9.618601567386348,9.709881901642731
8.661120360222881,8.730768927433472
9.15143926405602,9.163382977718511
7.845024417241484,8.13671608196283
10.01971382150426,9.966646877485674
8.955448122347393,8.672079790097943
8.978786553302003,8.640901185888442
8.930626469173578,9.188011454993243
8.580355766373877,8.436187885420464
9.341193180394946,9.628616660138698
9.74449182104567,9.69857201580203
9.75944395695215,9.487090250834791
8.850374303939237,8.55767090630398
9.630168502920114,9.413772496678277
8.858652969548489,8.666359345908244
9.734003244543665,9.616302421501333
8.153061946801051,8.339464344350377
9.32901190169368,9.202203396685242
9.010791269515602,8.687101414535013
8.10530751550515,8.12252414027083
9.79740455372797,9.845294859140855
9.32491827668362,9.149060033487816
8.768574284141687,8.646053952410462
9.387565631345389,9.370541658908802
9.323669057283183,9.233469335920539
7.708410667257367,8.066455053709207
9.684211512748409,9.612809020469456
9.327323087461798,9.505867281381128
9.26974071525763,9.167225718853576
9.40079542866686,9.166483371134301
9.036106025364846,8.897535159192689
9.299998243906716,9.150719398977957
9.405989388981,9.079978028082452
9.588297240667746,9.952847943409761
8.951051374025619,8.587801490203915
9.585895949678203,9.905337689376237
8.885717651712119,8.870548636221441
8.766394277049736,8.48282478919602
8.270781013162674,8.471209230765028
9.624104282899042,9.819705696582357
9.378140332251116,9.17421252091733
9.700391696525696,9.571848893370701
9.41033811378308,9.192116201205698
9.774289614064449,9.655122840468064
8.742414582525413,8.702341376536575
9.67401149314871,9.88625498623961
9.262743050769233,9.200063688553216
8.476579508530941,8.336625956011977
8.971956271245688,8.813387861837358
8.8110561229431,8.60129475168954
9.249464926660233,9.137138802466536
9.248599084093271,9.15744419596432
8.926251835034533,8.972162938736156
9.464750005164392,9.532984806891072
9.539644119118783,9.770710747110286
9.419141561574516,9.051375807133962
8.376320632534823,8.447803443851456
9.645817254152318,9.821408729585396
9.144414221860016,9.053952190394972
9.375515769935166,9.57586630455736
9.613001552751612,9.771627764881153
8.279697133877628,8.293569788294096
9.037176752966994,8.65146872400987
8.975756630519417,8.801597633354774
9.38857023586688,9.243469196374285
9.562193710635698,9.604293855454257
9.541441064795483,9.445387776016762
8.025843344150903,8.136235739320947
9.462110252078716,9.56001499737522
9.433723894495,9.369406303573443
8.866722667194098,8.685878724173856
9.532206456208034,9.941014047414278
9.34469642447526,9.65887824657733
9.248214024404264,8.9992804642461
9.058004710672485,8.829981516738773
9.38151671766514,9.299057940294025
9.70868847423106,9.639970213492298
9.112727543109182,8.61063959944981
8.305978210967302,8.346756819004419
9.451716691551452,9.323031404875278
9.17678358844734,9.041026606577027
8.656259239539235,8.483523469402394
9.224637676677007,8.98762123830221
8.213381737034572,8.415489484306594
9.676461473957694,9.807697130535281
8.223090551161533,8.253002668811426
8.697178688412643,8.554133837759203
9.465370112152714,9.49735211636593
9.584314812992975,9.650101076484741
8.268988209506656,8.403655588311112
8.043020885298283,8.238330384477544
9.568853625188556,9.69494761223146
9.400464740833158,9.449754527306608
8.115819701211327,8.16702133591436
9.419709489868552,9.202334399223936
8.782015969721936,8.417148849796735
9.40335455830888,9.646476672914169
9.29081375612606,9.163251975179815
9.600827196903634,9.514731786499516
9.290167671835738,9.269538701574666
8.53030683056162,8.51313004314755
8.703506769479729,8.650682708777698
9.797793647977064,9.906516712224494
9.84823907830565,9.864857904919365
9.137769679141348,9.232202978046484
9.58486505717771,9.62237220579422
8.703506769479729,8.573653216024814
9.169622538697624,8.865614207263915
8.463792414689122,8.44906980172551
9.510000421187373,9.756562472931185
7.547501682814967,8.178200219216366
9.41442342055165,9.106920883540802
9.500170136485425,9.569709185238677
8.65591111072806,8.595443304961146
9.256269303864585,9.02141989328562
9.36082720525012,9.65918391916762
9.673130546703616,9.590844261481532
9.834887461043872,9.903983996476384
9.510222717509285,9.660100936938488
8.779557455883728,8.642211211275397
9.10464646741712,8.88500258299083
9.687257547490988,9.895512498974083
8.105005537547246,8.169641386688268
8.062432791583195,8.237151361629286
9.734240155229443,9.70625749807216
9.78846944095186,9.839356077386665
9.07015834137632,9.027533345091403
9.6714924414986,9.587394527962553
9.42617729477462,9.522810276385732
8.985320060649112,9.0077519617484
9.49288426657184,9.266700313236266
9.56050416429926,9.295564539262148
8.877381954654766,8.80509103438665
8.533066540572527,8.53919954834793
7.605392364814935,8.066891728838192
9.191157552559408,9.02962938571053
8.551401362745974,8.551906794601383
9.511185430954244,9.59595336049065
7.731930721948486,8.06837642427674
8.297543529356284,8.3671932150409
9.394576760974909,9.060371314791045
9.57637141083894,9.40717870223061
8.70317470904168,8.57522524648916
8.898092345579153,8.78129223985699
9.177610547353265,9.184605388987162
7.7284157798410416,8.182173962890126
8.641532465671846,8.505531895903218
9.039670667922676,8.769502011374406
7.731492029245684,8.116148683387655
8.398860004454372,8.381952834400577
8.406708458240965,8.393655727857364
9.43148192061972,9.301022978374455
9.742555598420644,9.679794985255693
9.69523261371567,9.390017369661516
9.2140335438138,8.890024346974155
9.179571838304549,8.7923401206203
8.916774356365426,8.834217265489922
9.307194813340065,9.043864994915428
7.996653875462607,8.272653049615734
7.521859252201629,8.083441716226709
9.523470868881551,9.42477670992869
8.385260520155413,8.400074852253438
8.33302993974291,8.341909725072691
9.458059455856434,9.636345809921727
8.571681376700306,8.488064890743834
8.94102198354136,8.84648783661439
8.994048295611075,8.742340818351565
9.556480013999533,9.832107270245519
8.655214489313613,8.545007327563425
9.608982254736222,9.60761258643454
9.263312256742289,9.36014879083897
9.045701550034536,8.794086821136238
9.751792189283934,9.558399299397976
9.444542550647126,9.487264920886386
9.56626503452421,9.459492382682965
9.666815400992093,9.570102192854764
9.194922119247805,9.271154399551909
9.443909388773974,9.26490994520743
8.8065738205036,8.554439510349493
9.34731582700326,9.354865021778256
8.660254034256889,8.517103786821309
9.736606180230051,9.684685746700321
9.55775254863573,9.74878965563526
8.405814603432848,8.39295704765099
8.425735580927402,8.672298127662435
9.267571005430456,9.108056238876163
9.285355075781627,9.478182078203506
8.989319566042951,8.825265425345739
8.748463629942055,8.676359206361992
9.282568005973063,9.1637323178217
8.140315540159985,8.198942287843133
8.65434302956347,8.351691247961945
9.42319113380496,9.542897332319022
8.998136760700307,8.793082468339573
9.169518377455928,8.842339422889037
7.748028524432376,8.210514178761226
8.513586695822125,8.5174094594116
8.069342366811636,8.19619123453053
9.018332049592685,8.684568698786903
9.06589246761031,9.037926213161237
8.000684784514748,8.205317744726308
9.733944008101387,9.899311572596249
9.487820581943367,9.579709045692423
9.444305161921976,9.51180606313532
7.99260665240021,8.16047120897959
9.10719961305667,8.91338646637483
8.913684824725294,8.804479689206072
8.807771066980044,8.685398381531973
9.374582815370232,9.090982241332865
9.87996300748917,9.82922521439422
9.458527693729824,9.182203675777746
9.153875834995056,9.064563396029296
9.564371824969498,9.234954031359086
8.852378886511985,8.791379435336534
8.835937789319836,9.025568307010973
8.681520484837913,8.62194948529051
8.780018887869153,8.787580361714369
9.217415285648144,9.19687596011163
9.924759687811669,9.987476281138239
8.939449862164238,8.86177146612885
8.914088348841334,8.758410463098198
9.328034514792826,9.414514844397551
8.350666240520924,8.31728124779796
8.250358951477294,8.300338252793356
8.865876285425417,9.553333867901754
9.695417325719395,9.739488475387887
8.170468578330674,8.171999432384784
9.60958618027043,9.686519782242057
7.660114319173928,8.14492557438774
9.02280524812934,8.958276669634447
8.40827078419205,8.569373799760767
9.346792495111682,9.418095580455226
8.379079889286603,8.45103483980594
8.107418811719974,8.211300193993399
8.775240458738327,8.717930678641325
9.284519770150434,9.058449944223513
9.04310445260027,8.93517655531116
8.703838719690246,8.516448774127833
9.418735700941484,9.157138523374032
9.014325488050224,9.119671797307152
8.67265729404031,8.37819742829131
9.21094019204815,9.072554550889715
9.089414904047302,9.089584880920114
8.782476268924539,8.495968710578456
9.85298342036236,9.914464199572015
9.112176123188952,8.88137817942026
7.768533300926033,8.115624673232873
9.782505655975346,9.972847664317255
7.929126487306799,8.213090562022234
9.639847474564585,9.834596318480733
7.572502985020384,8.033398746445073
9.343734255146714,9.014826098837952
7.699842407396986,8.116061348361857
9.01602720232985,8.737537391932733
9.566335084610053,9.674118208578893
9.09918532261002,8.704961427310483
8.92771217382708,8.78159791244728
9.347054195292005,9.522941278924426
9.53387209732166,9.25831615075976
8.607216694063826,8.615137353278351
9.651108271786734,9.778046889277228
9.583351156530735,9.568268157313028
9.366831168735615,9.467090529927297
7.758760544157663,8.114925993026498
9.25846364715791,9.146789322817096
8.907747686788648,8.76225320423326
9.43220310339067,9.623332891077984
8.716044050161402,8.610552264424014
8.851090687664982,8.75234067880531
9.823903073193286,9.913023171646365
8.79920924224139,8.87426037481781
9.260272740724393,9.157400528451422
8.781401907682376,8.506099573570898
9.116578992161708,8.969717558013842
9.499196754655731,9.915643222420274
7.637716432664798,8.112698949868676
9.215526898663482,9.27735518638349
9.315600882633676,9.394689793541652
8.54830418644129,8.538151528038368
8.619388703730907,8.518064472105076
9.695417325719395,9.722196140280097
9.3108189905424,9.07670296461507
9.500170136485425,9.78110361518012
9.45469731968959,9.183513701164701
9.57171425857138,9.66569037858949
9.194312610898985,9.106134868308631
9.67890546702757,9.686912789858143
9.653807502217354,9.594949007693986
8.130059039992796,8.402738570540244
8.687273461787838,8.53500746710968
9.151014905891367,9.034345477103564
8.441391477999955,8.431646464079025
9.613001552751612,9.615603741294958
9.55824698622306,9.567482142080856
9.005895898094458,8.80679406738969
9.07004328643746,9.166308701082707
9.000113045928519,8.808977443034614
8.42726848388825,8.516667111692325
8.780172651227646,8.769807683964695
9.221478116386638,9.055829893449605
9.231122911158712,8.947621796487223
7.532088143541722,8.075930904008173
9.375091807576672,9.20534745761393
8.169902647359145,8.221867732114825
9.339788439163067,9.246656924815873
9.328745436354804,9.674685886246573
9.569412440514636,9.903590988860298
9.781037392779565,9.88852569691033
8.850804195756417,8.675791528694312
7.885329239273191,8.0921752188064
8.10832229017324,8.292914775600618
8.58839695042257,8.650289701161611
7.750614732770409,8.080952667991497
9.33087517360492,9.089497545894318
9.1018638956401,8.818409625820681
8.096817470572319,8.239727744890295
9.228278517107196,9.17019510973067
9.845593574117226,9.876473463350354
8.708639655987193,8.598631033402734
8.683724062303869,8.53609915493214
7.993282328101591,8.18178095527404
8.866863661202087,8.995132050520747
9.16701524723781,9.052991505111205
9.878836189095,9.989790659321857
8.92665032079394,8.873780032175928
9.290075339995036,8.965787481852981
7.937374696163295,8.125668201199518
9.713476507257791,9.95826271500917
9.595670797663969,9.757261153137561
7.654443226470112,8.080909000478599
9.376024287617112,9.247137267457756
9.285540604539118,9.543683347551195
8.80956425335415,8.523435576191586
9.003439196207838,9.567307472029261
9.21064032698518,8.923167989264085
8.7662383802531,8.584570094249429
9.413852481341165,9.201373713940171
9.499121839871265,9.346786531892041
8.96264794774056,8.893343077954437
9.282474969735382,9.205129120049438
8.197814032221203,8.242260460638406
8.995660899074103,8.7639999047492
8.620651899784468,8.511034002528424
9.039196115772354,8.850068572672065
8.660773919893762,8.442345004739147
9.766292313358283,9.701497739166228
9.43067999595766,9.671847497908173
8.647870515057853,8.846225831537
8.389359819906353,8.253308341401716
8.094683648698815,8.236976691577691
7.412764017426562,8.06269964759994
8.631235907456897,8.439200943810459
8.718500048121273,8.610595931936912
9.363662136919832,8.987883243379603
9.405495886750224,9.385781620910365
8.261009786023827,8.320468976239546
8.910720661951359,8.588194497820002
9.643485495857655,9.701934414295213
8.60995467149755,8.443218354997116
7.918264686095274,8.172217769949276
9.584727524513486,9.671454490292087
8.81060879571578,8.473829281538936
9.612667227583843,9.8496616104307
9.743142728545545,9.666214388744272
8.066835314417336,8.190339787802138
9.13583231980112,9.17958362500384
8.866863661202087,8.612604637530241
8.753371421000903,8.520291515262898
9.703449989936392,9.947258501758757
8.226573474977114,8.423917314295997
9.524566999650077,9.891757092864815
9.434443462785092,9.42678541552202
8.214465160759186,8.487060537947169
9.242323417829232,9.079017342798688
9.562334377396374,9.466522852259617
9.492054672648171,9.552984527798566
8.859505484519133,8.791292100310738
8.95944014361693,8.922294639006116
9.298442820197728,9.096833688061258
9.174505918966966,8.825876770526317
9.083075020930307,9.274036455403207
8.185071477532283,8.240033417480584
8.726318950962243,8.615792365971828
8.53660358493606,8.82325671975241
8.787220328629298,8.662254599695789
7.807916628926408,8.179160904500131
9.53813218535584,9.551892839976105
8.864464055279676,8.92923777355697
9.657523073436217,9.868569643515734
9.543521484499182,9.418619590610007
8.854807632616227,8.55819491645876
9.53285855926342,9.844945519037667
9.871738854221547,9.786125379163442
8.558910784768106,8.60609817810837
8.086410275323782,8.128244584460528
9.386811515091962,9.357528740065062
7.23561914106675,8.038245840376803
9.252153874789594,9.015655781583023
9.528939547062684,9.45621731921558
9.864226838582823,9.807129452867601
9.757594352355724,9.714991000651851
7.460490305825338,8.10012270615392
9.26672070541229,8.951420870109388
9.535896096856046,9.735776736791518
9.07383312732152,9.124824563829172
8.209580483475577,8.339202339272985
8.516793111394898,8.470947225687638
8.853236764745898,8.97120225345239
9.696586376767783,9.7249908611056
9.322865162818028,9.41713489517146
8.550241045462437,8.426755702634397
8.786762208441091,8.533915779287216
9.136693831807884,9.069104817370736
9.587474590316283,9.554993233391896
9.573245865665552,9.549840466869878
9.505469645063013,9.245652572019209
9.418085981110297,9.480190783796834
9.619000370980867,9.465693169514546
7.791522819150732,8.146584939877881
8.841881989497114,8.901159562763262
8.758412389457677,8.61518102079125
8.16763571524637,8.234312973290885
9.748761707332973,9.620581837765382
8.187021067343505,8.18090760501607
9.193906065512758,8.757231440249939
9.03049574505712,9.208622521081315
9.816403445629014,9.8836786029786
9.451873788401985,9.749095328225549
9.150059441091251,8.945351085816503
9.250714266114455,9.406523689537133
9.442879644930755,9.323992090159045
9.099073559547596,8.935394892875653
8.608677881538416,8.589722860771449
9.116469156366112,9.074519588970146
9.628721705350891,9.88057820956281
7.544861068658458,8.087197122335976
9.203819154985917,9.181330325519777
8.739216115061744,8.746751237154308
8.796641458940915,8.654831122503051
8.62604759632832,8.45134051239623
9.505916206547065,9.76293792981436
9.237663667625071,8.972992621481227
8.821437352166997,8.73365098328477
9.125000324809168,9.051637812211354
7.632401126601453,8.092393556370892
9.60723552940128,9.863940887148496
9.329455852866344,9.231416962814311
8.067462667010057,8.210164838658038
8.848222068371385,8.631206998024984
9.588023099071895,9.286656366630861
9.663388566822505,9.593376977229642
9.478610240906502,9.473378651784675
7.60688453121963,8.04431562466969
9.281078386481523,9.2062208078719
9.843047288724712,9.897040861925529
9.29182818882245,9.151549081723028
9.878938679614716,9.868831648593124
9.062999784077473,8.849282557439892
9.443671849677882,9.615210733678872
9.711358054751088,9.584730809675747
9.51708950714519,9.77062341208449
8.389814262086407,8.37138529627915
9.423433587436891,9.151898421826216
8.757311846936409,8.732471960436513
9.13043098874788,8.864784524518845
9.762039188951752,9.953808628693526
8.037220031133012,8.165099965346828
9.692643056808937,9.795164554333423
9.559376212117632,9.890971077632644
7.828038032125829,8.205492414777902
8.639410824140487,8.608630893856482
9.88659568486591,9.807435125457891
8.146419323098003,8.37793542321392
8.740496729931813,8.563740690596864
8.963160242833732,8.751292658495748
9.427304872213677,9.381152864543129
8.994668835500674,8.94115900457825
8.191740021277457,8.236321678884215
9.049936850483158,8.752733686421397
8.68609172787805,8.705179764874975
9.177507214880942,9.121942507977874
9.632072452548218,9.876735468427746
7.716460800176355,8.11034090417216
9.45634070543332,9.761060226759726
8.704668113450987,8.489549586182381
9.606024468229242,9.445780783632848
9.32741204356202,9.341939437960312
9.766579035268668,9.86581859020313
8.640118538253535,8.7299829122013
9.51775153960896,9.305520732202996
9.584246011176582,9.385301278268482
9.2213792190914,9.139715185727546
8.85623355614316,8.622036820316309
9.399306471488806,9.691847218815667
9.191055610564316,8.971333255991086
9.761981590241948,9.996690126359814
9.631416327598494,9.289451087456364
8.865876285425417,8.570203482505837
9.730918287184853,9.717480048887063
9.668081624649718,9.783548995902432
8.98632143762602,8.800243940454921
9.838575628358983,9.86215051911966
8.742733867330168,8.594962962319263
7.912789220690681,8.135449724088774
8.369388996647842,8.463043405853018
9.545311482471128,9.892281103019597
8.339500903005945,8.440641971736108
9.43220310339067,9.507919654487356
8.028129059431759,8.176890193829411
9.3048320350689,9.113209005398181
9.57838048699361,9.851582980998232
9.429475901892854,9.400977915399029
9.04085606398372,9.013035730809115
9.497772413172754,9.357659742603758
9.254261559034113,8.990459626640611
9.418735700941484,9.399973562602364
9.284055409798464,9.338227699363943
9.842781677418731,9.837696711896523
8.400659375160286,8.412301755865007
9.37695589894852,9.645122980014316
9.534233826390537,9.846997892143895
9.89998141320684,9.790099122837201
7.816416983691801,8.095537617299582
8.296546520300614,8.345490461130364
8.010027528481734,8.173571462849129
9.311090275076326,9.258534488324255
8.60611940061064,8.44509605805175
9.52405562147478,9.431108499298967
8.886962034866128,8.771816389558024
8.87626525995469,8.6733024804591
9.276128112514186,9.364035199486933
9.57838048699361,9.737610772333253
9.418004736441931,9.277005846280302
7.90100705199242,8.128550257050817
9.463508636396089,9.341022420189445
9.382274835883653,9.302726011377494
8.74209519574531,8.567408761680335
9.5385643997409,9.5009765199365
8.938137870372788,8.68832410489617
7.896924656268864,8.16501263032103
8.459987717645458,8.398633824327788
9.11833472618016,9.023515933904745
9.240772579096385,9.268490681265103
8.694502206386648,8.577670627211473
9.726810038127258,9.69149787871248
8.99949587624899,9.096440680445173
9.093357016490364,8.793038800826675
9.552865680310472,9.843941166241002
9.04981944514108,9.077663649898835
9.591171199125986,9.913940189417232
8.341886969516187,8.31640789753999
9.273502946933824,9.062118015306982
7.848543482456679,8.183134648173892
9.51044496442652,9.739182802797599
8.901094121608562,9.03299178420371
9.038958755220564,8.792252785594503
8.798454696065095,8.648193660542486
9.673256443720025,9.717392713861267
9.71220597437066,9.427833435831582
9.673193497193076,9.599752434112817
7.805882040228621,8.11942374685504
9.492507263739853,9.611324325030909
9.872925246953487,9.893853133483942
9.282474969735382,9.311590516495883
7.955425088912672,8.149510663242078
8.059276223305648,8.30846041019247
8.625688787569537,8.531339396026208
9.864694747816973,9.968917588156394
7.914983005848394,8.236889356551895
9.724719673941472,9.647393690685035
8.520587424484253,8.585923787149282
9.71462464769875,9.701104731550142
9.37568530456302,9.505867281381128
8.456168489578463,8.44225766971335
7.580189417944541,8.06466468568037
9.527629789180622,9.114868370888322
7.860185057472165,8.094402261964222
9.828710125578304,9.865250912535451
9.77406200509567,9.771933437471443
9.66599149499752,9.94524979616543
8.184792654165078,8.204313391929645
9.685642439673126,9.66879077200528
8.591929537530255,8.522038215778835
9.722025626154055,9.810753856438174
9.271435471335993,8.922076301441624
9.68121861863258,9.723768170744442
9.427304872213677,9.731933995656455
8.973731569708402,9.079323015388976
9.276221741089696,9.324559767826726
8.764521909518802,8.721511414698998
7.9229859587111955,8.158768175976551
9.015784277513886,8.998057773884943
9.315870873185649,9.352113968465654
9.85906533498338,9.981930507000135
7.784473235736469,8.182304965428822
9.0079793598445,8.76089951133341
9.48531707193041,9.15207309187781
9.103089181229208,9.912062486362599
9.509481537516857,9.165173345747348
9.069813136839208,9.115741721146291
8.630164670075398,8.488326895821226
9.258940041812243,9.305608067228793
8.136518252115291,8.386013913100134
9.228867676590069,9.467789210133672
9.422867770827205,9.69010051829973
9.94927320768526,9.932891890015163
9.13140538388804,8.859981098100015
9.152499372286332,9.282027610263626
9.368796057668156,9.346437191788853
9.453051228782922,9.575211291863882
9.14120463314132,8.911377760781502
9.591990815318308,9.827827853981471
8.925454386826402,8.813256859298662
7.421177528595393,8.051782769375325
9.540938245404796,9.557307611575514
9.166806369952454,8.982293801728598
10.014984203549805,9.9404027022337
7.995306620290822,8.179073569474335
9.527993782923948,9.638572853079548
8.648572269472618,8.642123876249599
9.648788832566362,9.925599415361122
8.33758794211651,8.274443417644571
8.546363568716018,8.83910802693455
9.79784922051313,9.985511243057807
9.361257257293044,9.188579132660923
9.053569596026234,8.890024346974155
7.816819965764552,8.272172706973851
8.215817791832453,8.21212987673847
8.109525659752872,8.220383036676278
9.647949933410914,9.80547008737746
9.422058905620926,9.462854781176146
9.532930988916153,9.634293436815499
9.310728546007452,9.57385759896403
9.531481398171628,9.444514425758793
9.344521553442204,9.49874947677868
7.714677473800927,8.153266069351345
9.36717316600297,9.00102716476204
9.282568005973063,8.701293356227012
8.454892165218858,8.35837237743541
8.57300625623545,8.498326756274972
7.7458682297922685,8.085232084255546
9.555984701765809,9.653725480055313
9.237566358229774,9.104562837844286
9.74981175993208,9.946428819013686
7.971085753505607,8.24326481343507
9.2985343827121,9.121287495284395
7.791935956938058,8.082437363430044
8.905444318789714,9.105130515511966
8.801469470733185,8.721817087289288
8.830543010616596,8.843169105634107
9.612332790605375,9.948175519529626
9.06184036365774,9.024825959291698
9.594649938011557,9.473946329452355
8.477204183199873,8.629503965021945
9.311090275076326,9.130108332889884
9.460709909543985,9.214954310451592
8.550627967502475,8.459331667256649
9.571923252267498,9.736606419536589
9.09133158539398,8.903866948562966
9.215029361462314,8.9652198041853
9.57122643668638,9.426436075418831
9.689799159992674,9.66058127958037
8.224699561967235,8.394703748166927
9.136693831807884,9.19827332052438
9.2681374707024,9.172684157965882
7.721791776817535,8.164881627782336
9.577272530367564,9.785383031444168
8.657302899400882,8.453698558092746
7.710653323501202,8.228898201691477
9.626943224494804,9.172029145272406
9.523836379320944,9.529840745962384
9.5385643997409,9.634992117021874
9.308555419473135,9.127488282115976
7.945555428253489,8.162130574469732
9.381263883817768,9.29154712807549
8.880446450715093,8.765222595110357
9.51332968849511,9.662808322738192
7.701200180857446,8.097371652841318
8.676246121270838,8.414921806638915
9.40705780905387,9.301372318477643
9.334503014596605,9.441414032343003
9.357639058997062,9.287879056992018
9.8513517981156,9.760448881579148
8.796338932845732,8.671424777404466
8.73052880173936,8.523173571114196
9.573454539543818,9.392768422974118
8.559486103606488,8.371210626227557
9.587543170366375,9.91516287977839
8.39502555744203,8.377891755701022
9.906433209824698,9.664031013099349
9.611864390851084,9.401632928092505
7.949444420250626,8.12758957176705
8.215276958936633,8.410074712707186
9.949846191514146,9.900272257880015
8.10076824307173,8.290425727365406
8.771835409789817,8.954171923421992
9.46699606582284,9.165522685850535
9.377971213360134,9.76835270141377
9.399968503952577,9.132553713612198
9.401126007182269,9.629795682986957
9.334767950351235,9.228709577014607
8.074649075066652,8.234443975829581
9.104535313079204,9.049847444182516
9.512886426076506,9.263730922359171
7.786136437783072,8.124270840786767
9.299175085676673,9.063821048310023
8.97979449089521,8.822427037007339
8.792093929503284,8.573871553589306
8.164794804244766,8.273919407489789
9.025936648977904,8.712821579632205
7.669495251007694,8.04283092923114
9.69953369561506,9.682109363439311
9.644133752071204,9.750274351073807
9.567874946326796,9.8752071054763
9.320449594656212,9.229626594785474
7.294377299288821,8.05449015517503
9.503159228533116,9.394864463593244
8.9641840463529,8.820199993849517
9.88786617163317,9.76525230799798
9.785098083035908,9.992061369992577
9.226508953137769,9.196613955034238
8.866722667194098,8.885526593145613
8.97221007835365,8.818846300949666
9.417923485172336,9.294691189004178
8.780172651227646,8.65116305141958
9.12543586488574,8.82971951166138
8.992433087457218,8.71976471418306
8.51959031601596,8.415576819332392
9.41450495669259,9.35870776291332
9.758057074325922,9.388794679300359
9.734062477477194,9.935555608301971
8.518392471991719,8.538762873218946
9.79968138381054,9.983895545080564
9.176680170483548,8.790811757668854
8.781708985836179,8.665180323059985
9.642901705746048,9.839792752515649
9.737846105993372,9.67053747252122
8.704336438489406,8.711511554245252
9.676586952344206,9.423685022106229
9.013960457931187,9.074650591508842
8.925720273560222,8.72404413044711
9.479068956510876,9.330542217093814
9.554071910278983,9.373642052324593
8.850804195756417,8.609416909088653
7.708410667257367,8.069642782150796
9.255218130754267,8.98735923322482
9.5566214867309,9.838439059615796
8.892336539638013,8.74469886404808
9.855242239908131,9.923547042254894
8.976893927666076,9.037009195390368
9.463663891791525,9.20451777486886
8.127699852817772,8.205055739648918
7.790696031174738,8.194182528937201
8.013674142832684,8.242828138306086
9.44683440765853,9.2373994120814
8.574518258035507,8.574133558666698
9.445175311879977,9.401327255502217
8.068402958569699,8.271474026767475
9.923437227843747,9.841845125621877
9.306468399070404,9.184168713858178
9.268892258925796,9.153121112187373
8.514990767861038,8.38955098164491
9.430198532298864,9.50446992096838
8.459987717645458,8.48845789835992
9.344346651823916,9.350454602975512
9.54029139160713,9.565822776590714
9.704914655156124,9.764029617636822
8.585412430393381,8.343001412895152
9.086249986745132,8.957752659479665
8.82981174915805,8.82718679591327
8.4368504387337,8.461427707875774
9.162409838218633,8.86998095855376
9.832635811564176,9.669620454750351
9.117896081584902,8.94456507058433
8.61974977974133,8.486973202921373
8.833754223418396,8.60330345728287
9.332380997885208,9.688615822861182
10.01332801821566,9.770798082136082
9.464439807410836,9.872980062318478
8.502688505213357,8.394529078115333
9.56927276595613,9.810098843744697
9.131513591430211,8.830287189329061
8.327967858305488,8.447847111364354
9.71462464769875,9.764684630330299
9.764972332679385,9.490365314302176
9.072227069846548,8.734305995978248
9.36417671669105,9.103340147483129
9.521055143538536,9.181723333135864
8.230044310126114,8.356975017022659
8.195057690895077,8.301036932999732
9.18163220783944,8.945176415764909
9.668397930203518,9.668878107031079
8.71948076085107,8.733825653336364
7.8050670442584895,8.111825599610707
8.565030520830398,8.305272681750882
9.479603858903946,9.255696099985855
9.179778066393542,9.111112964779055
9.268609280100158,8.883998230194166
9.62661352880094,9.281459932595945
7.385230923066573,8.06833275676384
9.53791600808964,9.442811392755754
9.969743348313193,9.946778159116874
9.096051225574056,9.073689906225075
9.668650902630873,9.988698971499396
7.791935956938058,8.245011513951008
8.667680024690174,8.487060537947169
8.491670234185152,8.364223824163803
8.85666093701725,8.861858801154648
8.948715833843691,8.840592722373097
9.613736674915236,9.75184638153815
9.12945564323572,8.798453572426084
9.283311984432006,9.299450947910112
8.215276958936633,8.170209064355948
8.42989086301344,8.414048456380945
9.680906343078094,9.33290026279033
9.82860235534434,9.94180006264645
8.31996102188653,8.330075829077208
8.209580483475577,8.345184788540074
9.235813167949214,9.571455885754615
9.524347869595513,9.902455633524939
9.030735122676456,9.085654804759253
9.708992194810463,9.763854947585228
9.437555622660446,9.19512925959569
9.719684899460376,9.680056990333084
9.93411374607789,9.874988767911807
9.17367638760459,8.99871278657842
9.210340371976184,9.482374159441758
9.844055968766702,9.991493692324898
8.82585367025321,8.694131884111664
9.579348943073732,9.788614427398654
8.728264161496178,8.541513926531549
8.652423140676342,8.498981768968449
7.85049318087114,8.112393277278388
9.0395520509959,9.047882406102085
8.42463920980563,8.379114446062179
8.433376705323127,8.664088635237524
8.97322466309509,8.865832544828407
8.041091003708633,8.12841925451212
9.176059437999308,8.960503712792267
8.3774712482411,8.313132834072606
8.77971129020447,8.598587365889836
9.186559843310778,9.16508601072155
8.481358738407021,8.368241235350462
8.670772279344538,8.452868875347676
9.134862230800223,8.989760946434236
9.035034150076132,9.062816695513359
9.126632622902696,8.904434626230646
9.57637141083894,9.966646877485674
9.181838011503473,8.918975908025832
9.267759862843668,9.4528112532095
8.999125391527247,8.962250413308206
9.444305161921976,9.574425276631711
8.582980931954241,8.652866084422621
8.351610750626559,8.40286957307894
9.524859098381524,9.733811698711088
7.627057417018934,8.119467414367938
8.948585921534317,8.793388140929864
9.65739517984351,9.869573996312399
9.456106101326672,9.606215226021789
9.306014122044465,9.455343968957612
9.092344813738476,9.030546403481397
8.329175442077402,8.266364927758355
9.025335217553026,9.049629106618024
9.330520532232288,9.77516483342593
9.7853794640558,9.866517270409506
9.254644297532709,9.881626229872372
7.845024417241484,8.134620041343704
8.063692634269517,8.280600536963252
9.676775140407363,9.68071200302656
9.897871813750491,9.819967701659749
9.64088826045181,9.712458284903741
9.144734614878187,9.162684297512136
7.8713112033234065,8.058245561284297
9.770527425279898,9.937476978869503
7.81035268372429,8.075756233956579
9.050992878742049,8.950329182286927
9.61413742298365,9.937389643843705
9.192583650386924,9.387004311271522
8.816556768641856,8.615705030946032
9.182455168486648,8.821990361878354
9.390743422947509,9.334559628280472
8.955448122347393,9.058318941684817
8.217978203150732,8.32776145089359
9.350450079960828,9.475387357378004
9.867445781188865,9.991450024811998
9.051461866908694,9.097270363190244
9.178746500385005,9.029280045607342
7.953318346560431,8.198156272610962
9.335650562941629,9.158448548760985
9.631810054226063,9.706912510765637
9.373309200254322,9.263294247230187
9.432042885493988,9.451501227822547
9.13905916997122,8.880941504291275
9.617137925318126,9.72918294234385
8.275121630216509,8.263744876984449
9.32954461945466,9.444077750629809
9.854612384753992,9.981668501922744
9.45930760329985,9.348183892304792
9.18778796750567,9.192552876334682
8.34212526333359,8.367673557682782
9.714866193593643,9.688266482757994
9.56317796268366,9.474994349761918
8.253488028345904,8.27614645064761
9.878528654494932,9.87319839988297
9.211439767419485,9.241067483164871
9.431000842996584,9.288752407249987
9.352360631996612,9.197050630163224
9.3031929889908,9.346917534430736
9.719985298994011,9.77769754917404
8.283999304248526,8.37391801202726
9.619996684702816,9.757610493240747
9.513181956185786,9.691148538609292
8.882252884889363,8.695354574472821
8.18646442942209,8.26540424247459
7.965545573129992,8.246627211928251
8.798605650854423,8.630420982792812
8.381373468273702,8.255841057149826
9.4181672191785,9.367877940621996
9.783689989080532,9.926298095567496
8.567886305731756,8.470466883045756
8.012018239159062,8.289290372030047
9.13108069099055,8.852863293497565
7.983781068977451,8.101301729002179
9.745780556506093,9.907302727456667
8.688453800850768,8.604962822773011
9.696401880595555,9.665777713615288
8.242229891372231,8.304617669057405
9.540219493127752,9.463990136511507
9.274722630905451,9.012380718115638
9.618668045697824,9.48739592342508
8.831565879121063,8.682603660706471
8.648572269472618,8.48164576634776
9.904387147778964,9.72044943976416
9.552439604462528,9.429274463757231
9.592605086913911,9.633769426660717
7.567862605463882,8.089031157877711
9.778887584302796,9.842543805828251
9.694061978050115,9.792850176149805
9.289059126687574,9.186395757016
8.892886141190731,8.59592364760303
9.624368710744834,9.503203563094322
9.577895907011127,9.673026520756432
8.552174160311482,8.679153927187492
8.975124239427704,9.332157915071058
9.346006983397716,9.254298739573104
8.916371914881694,9.07722697476985
8.820404065485645,8.69570391457601
9.30546871706776,9.446959806481107
9.078978053779355,8.799501592735648
8.516192691082654,8.420292910725426
9.178643285232928,8.947840134051715
9.07954808172616,9.242377508551824
8.995908761263994,9.023603268930541
9.14120463314132,9.149671378668394
9.632793693113202,9.643376279498378
9.09313217107064,8.704393749642803
9.337501517592862,8.973865971739196
9.323043861889268,9.481238804106397
8.968778235137956,8.77220939717411
9.842994172107163,9.931843869705602
9.544524278079384,9.728484262137476
8.151909872940905,8.244749508873618
9.19085169539232,9.15574116296128
9.12543586488574,9.195303929647284
9.07954808172616,9.243381861348489
9.084096645401932,8.922512976570609
9.497472293122485,9.346655529353345
9.402529747968488,9.197268967727716
8.937612591306213,8.633215703618314
9.07440609473535,8.831640882228914
9.796792813865164,9.838264389564202
9.11250701162742,8.645660944794376
9.612934696659329,9.992017702479679
9.664214619292034,9.965773527227704
9.347577390281268,9.405694006792062
9.648724326841457,9.485037877728564
9.708992194810463,9.950140557610055
8.791638037085997,8.557452568739487
8.754318540250866,8.578281972392052
9.660332602134424,9.552722522721176
9.6868850617653,9.520888905818198
9.52558897214577,9.384602598062108
9.319105086767571,8.993996695185386
9.255122514748075,9.404995326585688
9.593559871137028,9.897564872080311
9.562545340443464,9.43953632928837
8.948975607841776,9.19403757177323
9.586170674954657,9.317485630737174
9.641538201979952,9.742152193674693
9.684522758043336,9.93786998648559
9.446202695698169,9.60106245949977
8.862908295118627,8.54430864735705
9.488426550754516,9.374690072634156
9.618468597503831,9.413947166729871
7.717796211013582,8.166584660785375
7.690286020676768,8.066149381118919
9.449121024069791,9.461108080660209
9.556267767368151,9.851801318562725
9.866875434039397,9.765383310536674
9.447465720810811,9.205958802794509
9.020026965252676,9.30569540225459
8.941545475242885,8.825309092858637
8.334951631422454,8.308285740140876
9.007489523929737,8.857448382351903
8.09376775793108,8.346931489056013
9.41058370340406,9.399362217421785
9.10985683339786,9.178841277284565
8.685077700412423,8.439550283913645
7.715123603632105,8.19819994012386
8.036573409707312,8.166934000888563
9.080459451121662,9.34429748365683
9.47883962501119,9.48516888026726
9.178849704884811,9.250281328386446
8.634086942887738,8.670071084504613
9.340403256274351,9.151112406594043
7.966586697638402,8.179815917193608
9.19339765124587,9.162465959947642
8.352554369474591,8.376014052646386
9.145908511816794,9.11517404347861
9.73050227671916,9.72582054385067
9.031931152002144,8.999804474400882
8.791941988456118,8.699808660788465
9.197153810172008,8.932905844640441
9.41132011058867,9.435475250588812
9.175438319966918,9.098231048474009
9.453051228782922,9.065829753903353
8.642768014324304,8.509854979680165
7.587310506022615,8.04820203331765
8.981304494957135,8.894085425673712
9.37695589894852,9.686301444677564
8.585785982881848,8.566360741370772
7.841492924460013,8.115450003181278
7.498869733976931,8.050996754143153
9.207736986106068,9.251154678644415
8.2960476427647,8.29007638726222
8.631771096123673,8.612822975094733
8.041734711487537,8.348634522059053
9.115040192121858,8.986835223070038
7.91862865334224,8.194662871579085
9.200693994924375,8.970940248375
9.321792297270326,9.246918929893264
9.772980154456343,9.854246699285039
7.860956364876389,8.109860561530276
9.76284522273366,9.691104871096394
9.143880005275912,9.231242292762717
8.579416534596369,8.476230994748352
9.670419920024225,9.705558817865784
7.661527081358517,8.171344419691307
7.81156848934518,8.14291686879441
9.911108439667489,9.84009842510594
8.991437814919227,8.835527290876877
9.361085258668608,9.256045440089043
9.764627703152708,9.775907181145202
9.574358290170174,9.85394102669475
9.660906307329444,9.935773945866464
9.003931019653137,8.914652824248886
9.515985144802135,9.398576202189613
9.679718805828,9.594818005155291
8.8023721336499,8.688629777486458
9.521128433142438,9.45735267455094
8.879193928110318,8.854609994013504
9.074062353683557,9.010677685112597
7.8050670442584895,8.143833886565277
8.625509334899697,8.493217657265852
9.265680467009346,9.463422458843826
8.776938645174996,8.645835614845968
9.386140711779872,9.463204121279334
7.925518979786926,8.144052224129771
9.679155795585109,9.721584795099519
9.169726689090886,9.037576873058049
8.743053050224676,8.916705197355114
9.688746104486064,9.870447346570367
9.025575833531088,8.726926186298408
8.589699882202986,8.463960423623885
8.522180732927277,8.349769877394413
9.156623089470196,8.737974067061717
9.514215624322716,9.872281382112103
9.58911921482184,9.898787562441468
9.55016412883091,9.505779946355332
9.512516890578416,9.524382306850075
9.02280524812934,8.732733965513903
8.266935347610456,8.31470486453695
9.382274835883653,9.362288498970994
9.848925764543443,9.874508425269925
9.07566546864958,8.746183559486628
8.227108234348146,8.484702492250653
8.724857555881988,8.606753190801847
8.134174272137903,8.236889356551895
9.202912856147384,9.239801125290814
9.004545458996587,9.105479855615153
8.988695696785708,8.892862735312555
9.638675294175094,9.425388055109268
8.6347984334905,8.468851185068512
9.116469156366112,8.82238336949444
9.05193063522854,8.622779168035581
9.121290555142672,9.026354322243145
9.911257289800488,9.972541991726967
9.368198456591765,9.088493193097653
9.006386515055114,8.77648881343816
9.245128197461849,8.94482707566172
9.711721536914174,9.848089579966356
7.696667081526462,8.043529609437517
9.232297539328226,9.39674216664788
9.50873980776916,9.297573244855476
9.251386341412184,9.23822909482647
9.360138737064576,9.196482952495543
8.660080678964786,8.851422265571916
9.64277192831416,9.491457002124637
8.701346403039162,8.44741043623537
8.751316246773456,9.033821466948782
9.835155177159304,9.81739131839874
9.288134399416204,9.659576926783707
9.399637542506564,9.254822749727886
7.677400430514807,8.238941729658123
9.745429247877851,9.949223539839188
9.521128433142438,9.83944341241246
8.968268810776454,8.956835641708798
8.58260632996447,8.408066007113856
9.71153981234754,9.732938348453118
9.163143937145207,8.885439258119817
9.408289184655835,9.376131100559805
9.10719961305667,8.934958217746669
7.7488913372555315,8.084970079178154
9.752432077616172,9.84516385660216
8.7879833961978,8.589155183103768
9.46923709299621,9.210281886571456
9.354007721788596,9.052249157391932
9.30228124567454,9.344035478579437
7.976938756959434,8.191038468008513
9.076466063419854,8.739939105142149
8.291295851905407,8.268373633351684
9.462187991418748,9.994550418227789
9.325096609274372,9.09028356112649
9.353141170607854,9.400803245347435
7.5485559791698735,8.04794002824026
8.791790024319363,8.659416211357389
8.738094230177667,8.504614878132351
8.52615293278771,8.408983024884725
9.10331179921766,9.188884805251211
9.326344047732489,9.419361938329281
8.943375541113124,9.036616187774282
8.866722667194098,8.772515069764399
9.148039345778804,9.080545705750133
9.668461179310146,9.933459567682846
9.800956363888462,9.835076661122615
9.812358619125026,9.697698665544062
9.513625087655372,9.494688398079123
9.435721418230584,9.46355346138252
8.446126742982377,8.405489623852848
9.382948236582498,9.18547873924513
9.428109506952936,9.440016671930252
9.487138427825885,9.353467661365505
9.818855161695424,9.658266901396752
9.004176840696656,8.97862573064513
9.097395612960048,9.11517404347861
9.938613354511505,9.88455195323657
9.002208578282412,8.827972811145443
9.68781601606062,9.666782066411953
8.485702524324866,8.328372796074168
9.431642228411022,9.496828106211147
8.821732380934442,8.678367911955322
9.43747594455993,8.961639068127628
8.13593277200489,8.219378683879613
9.059168584174444,8.967272177291528
8.481151420068972,8.385882910561438
8.877242435993919,8.64352123666235
9.479451058842528,9.575080289325188
8.920656296853728,8.66592267077926
9.796792813865164,9.631979058631881
9.663960521971394,9.791671153301547
9.418410893792872,9.572285568499685
9.544524278079384,9.304647381945028
9.712871692917354,9.993196725327937
8.2409125416889,8.425489344760342
9.43731656931057,9.697654998031163
9.547026871355778,9.594905340181088
8.74209519574531,8.753432366627774
8.029758520440822,8.183571323302877
9.075436609511382,8.853081631062057
8.968141414126814,8.866181884931596
7.820840879907344,8.100035371128122
9.308827318690836,9.150239056336074
9.483872808823522,9.285346341243908
9.322150047028188,8.964652126517622
7.9672801789422,8.306058696983055
9.268420583052707,9.191461188512221
8.701180027529253,8.674612505846053
7.658227526161352,8.175842173519849
8.017966703493599,8.18261063801911
7.428927194802272,8.03719782006724
7.680637427560936,8.090384850777564
7.861341795599989,8.135187719011382
9.916403777802676,9.949922220045565
8.820256365906321,8.83884602185716
9.087720658428273,9.33517097346105
7.631431664576906,8.071171145102241
9.543234787249512,9.346480859301751
9.60393530751386,9.856386407417062
8.440959885416648,8.497409738504105
9.286004275897172,9.228360236911419
7.952263308657046,8.37483502979813
9.307376334487778,9.434558232817945
9.368369236201092,9.191286518460627
9.471473109194427,9.155522825396789
9.73790511174645,9.633332751531732
9.742731773656734,9.889966724835979
9.807912337613098,9.758614846037412
9.447307929883465,9.548399438944228
8.910720661951359,8.793955818597544
8.869257522797287,8.765004257545865
8.622813673279921,8.539417885912423
8.23323750070527,8.367760892708578
9.069122370060644,8.873299689534043
9.158099260130491,9.065087406184078
9.490091074101684,9.815164275240917
9.191972714617998,8.996966086062482
8.624791202014256,8.432301476772501
9.274159884689135,9.429929476450708
7.929126487306799,8.22287208491149
8.413387022690648,8.303875321338133
9.158099260130491,8.826750120784286
8.906393407058367,8.561775652516435
8.942722330560143,8.860636110793491
9.117676687112764,8.814959892301703
8.229511118964457,8.244618506334923
9.557045784877424,9.660537612067472
9.305377787310936,9.254211404547307
9.607571675157244,9.917957600603891
9.410092463833022,9.594556000077901
8.649974302650056,8.627626261967311
9.385553389532843,9.293468498643023
8.106816038947052,8.219509686418307
8.02059914989697,8.254007021608091
9.636326803305096,9.607656253947438
8.336150816120663,8.428284065585844
9.026898187513526,9.087925515429973
9.522958929717996,9.199321340833944
8.143807976771484,8.374966032336824
9.369734424126433,9.201854056582054
7.533693709848633,8.037241487580138
9.31973274874738,9.337398016618872
9.26974071525763,8.866793230112174
8.889859587773016,8.629896972638031
8.85180655855245,8.717013660870457
8.673512945671192,8.552911147398047
7.973155433444133,8.215579610257446
9.119101891541913,8.820811339030096
7.416378479192928,8.06239397500965
9.28628237555134,9.225652851111715
9.063115652219658,9.12884197501583
9.387314322443542,9.282551620418406
9.536978699538375,9.531107103836439
7.928406026180535,8.110995916865637
8.922658299524402,8.633739713773096
9.19664704484418,9.030721073532991
9.837828403729851,9.921494669148666
8.328692583545568,8.288024014155992
9.74090979777877,9.841888793134775
8.661639795781266,8.516012098998848
9.67205978163422,9.5435523450125
8.458716261657262,8.40426693349169
8.925454386826402,8.75434938439864
8.87570644462861,8.744393191457792
8.366370301681654,8.53754018285779
8.674025985443025,8.584875766839719
8.86403999703599,8.717057328383357
9.775938231589151,9.849268602814615
9.117676687112764,9.015262773966937
9.272469743441732,9.260455858891786
9.996932357245992,9.826124820978432
8.66561319653451,8.577233952082489
9.471242028892997,9.84062243526072
9.017847259860732,8.784436300785678
8.357493812658563,8.48649286027949
9.632597042724184,9.814334592495847
9.372119027538808,9.2544297421118
7.527793987721444,8.06523236334805
9.883947890661512,9.90411499901508
8.480529207044645,8.418327872644994
9.108418382250798,9.015350108992733
9.16272451803452,8.888233978945317
8.490027523343468,8.47369827900024
8.699181359308954,8.767929980910061
8.950921764797261,8.609547911627349
9.162095059348188,8.927141732937844
8.102889134640868,8.259072453104313
8.111928063310739,8.277543811060362
9.452187908084165,9.55289719277277
9.790654744261785,9.47949210359046
8.946374826141717,8.585006769378415
9.942852486058383,9.969354263285378
9.780415554946131,9.94944187740368
8.808817483100642,8.51230036040248
8.278682162970906,8.447279433696673
9.340139809511028,9.303381024070973
8.333270353255308,8.310425448272902
9.381685238056503,9.378838486359511
9.2605580881368,9.371458676679671
9.294681520409934,9.303337356558075
8.193676665955241,8.313962516817677
8.98632143762602,8.824304740061972
9.338821533624722,9.428313778473465
9.346094292953802,9.190849843331641
9.028218795184896,8.895351783547767
8.130942302231878,8.23252260526205
7.890956716138919,8.269858328790232
9.676461473957694,9.742763538855272
9.068661593644244,8.70216670648498
8.798303718484979,8.708061820726273
8.28121766128665,8.233963633187699
7.763446388727362,8.12479485094155
9.75527752537094,9.92791379354474
8.855663430700124,8.60950424411445
8.495152060539358,8.506230576109594
8.9680140012452,8.737275386855343
9.38873757187798,9.349057242562761
9.630694092578098,9.685646431984086
9.595738817934032,9.546259730812205
9.126958763037132,9.11351467798847
9.44683440765853,9.279014551873631
8.880446450715093,8.703826071975122
7.837554360881084,8.141475840868761
9.09425589295538,8.99273033731133
9.796959689126297,9.547395086147564
9.73032393352694,9.887215671523375
9.022684613591526,9.013952748579982
9.356170820187725,9.725296533695888
8.884887201837403,8.73675137670056
9.082847851460906,8.827623471042255
9.261128538808288,9.047576733511796
9.283497892593909,9.269538701574666
9.563458999712138,9.720755112354448
9.25023393563786,9.129540655222204
9.737551024991497,9.860622156168214
8.430109084509125,8.414092123893845
9.537267195753865,9.264735275155836
9.436918020024674,9.365563562438378
9.077380244719953,8.827012125861676
9.179881164491476,9.638441850540852
9.384209641955154,9.441152027265613
8.766082459148864,8.635835754392222
9.343471684579365,9.137575477595522
9.65117262392164,9.54577938817032
8.104099056143582,8.307237719831313
8.53817159780143,8.637844459985551
8.302513718514158,8.232260600184658
9.089640586738398,8.812383509040693
9.93837195438963,9.894202473587129
8.617400451833262,8.56810744188671
7.911690520708339,8.25688907745939
9.52369019117654,9.403641633685835
9.9016859305895,9.857259757675033
9.486835098787386,9.751628043973659
9.634823485920109,9.869530328799499
9.665674427237482,9.62490492154233
9.268892258925796,9.021594563337214
9.52806656577634,9.064563396029296
9.906084178383392,9.866255265332114
9.475086413144906,9.244386214145154
7.554334823725748,8.06837642427674
8.660080678964786,8.517060119308411
8.935508711503221,8.89950019727312
9.363919459904483,8.96923721537196
9.06750872286864,9.04888675889875
9.5591645793702,9.638660188105344
9.31461029315198,9.133863738999151
9.69984020902742,9.973459009497834
9.146654820290047,8.96639882703356
9.461254720235749,9.253687394392525
9.169518377455928,8.850330577749455
9.61587214452889,9.336830338951192
9.632597042724184,9.358882432964915
9.12750209366718,8.701468026278606
9.500170136485425,9.95961640790902
9.048644632975885,8.8745660474081
8.390949464841986,8.30963943304073
9.282940064390528,9.813810582341066
9.041803370152843,8.833605920309344
9.113609183016411,8.982599474318889
8.156797046675651,8.25348301145331
8.53030683056162,8.491601959288609
8.878636747430072,8.578805982546832
8.653470809708786,8.579067987624224
7.472500744737558,8.054577490200826
9.67004110822602,9.29831559257475
8.328692583545568,8.286015308562662
9.620593996816144,9.824334452949595
7.767687277186908,8.196103899504735
9.33353098253138,9.219888739409118
8.636042325254618,8.471864243458505
9.64542900515042,9.376786113253283
9.013960457931187,8.903299270895285
8.24354550792826,8.269203316096755
8.110727582974489,8.215535942744548
9.197255132427529,8.951901212751272
7.502186486602924,8.04850770590794
8.326516830239528,8.39352472531867
8.596004371840527,8.504440208080757
9.63351441386512,9.517395504786322
8.915029272359911,8.716751655793066
9.531771484474335,9.58551682490792
7.317212408359839,8.046062325185627
8.404472321352118,8.54234360927662
8.85623355614316,8.819937988772127
7.866338923046544,8.160645879031184
7.613324979540639,8.06016693185183
8.081165777725433,8.179553912116218
9.47830431356186,9.259276836043528
9.405742668308667,9.501762535168673
9.256937657352966,9.553202865363058
9.256651274839433,8.990852634256697
8.428361977709622,8.389812986722301
8.60337088765729,8.539112213322134
8.24301946898925,8.338066983937626
8.0507033814703,8.148637312984109
9.344871264933788,9.233338333381843
9.604474863741965,9.595866025464854
9.605957144029531,9.683419388826266
9.314790473332646,9.25041233092514
8.57602797713713,8.537583850370687
9.529230371552156,9.32014934902398
9.62819507773027,9.647131685607645
8.286521373681236,8.433611502159454
9.917143878983614,9.809705836128611
8.116118431609365,8.19536155178546
8.506132244056813,8.436930233139739
9.636457419815208,9.380978194491535
9.239607869656751,9.246831594867468
8.163940954755008,8.296932186787277
9.677276802172448,9.996864796411408
9.747710550964284,9.612547015392066
9.952658596542577,9.987781953728529
8.262558973010657,8.327106438200113
9.20522732258936,9.004607900819712
9.842728546690564,9.890447067477862
9.012011377036412,8.760288166152831
8.03268487596762,8.141781513459051
9.693075115575647,9.81992403414685
9.463819123086465,9.297398574803884
9.582524425515684,9.67053747252122
7.662467815200237,8.186759051744463
9.567665104756411,9.734379376378767
9.562404703357233,9.626651622058269
9.237371711027214,9.349450250178847
9.03025631012242,8.883517887552284
9.48531707193041,9.772282777574631
8.343315881404946,8.266452262784153
9.632924771891735,9.282289615341016
9.7544653661431,9.625385264184212
8.959697146959389,8.659940221512171
9.67401149314871,9.489186291453917
8.615226931687603,8.499986121765113
9.421168397567744,9.391676735151657
9.6955404481032,9.995074428382571
9.32607687045878,9.575909972070258
7.870165946469845,8.14916132313889
9.02713842775492,8.813824536966342
8.9082888855571,8.591687898851879
8.53856321715243,8.553304155014132
9.287671714912506,9.510583372774162
7.94873845481361,8.24496784643811
9.273972232220956,9.583551786827488
9.050288983827956,8.659416211357389
9.41336284529417,9.256525782730925
9.879092395701406,9.954070633770918
7.504942068396171,8.047503353111276
9.029897050194,8.929499778634362
8.533066540572527,8.335883608292702
9.382190628902842,9.343336798373063
9.676900579444158,9.872892727292681
7.804251383528112,8.121301449909673
9.753768704286186,9.930315506754155
9.685455913108097,9.70822253615259
9.678592468183112,9.770186736955505
9.28868933838716,9.107182888618194
8.738094230177667,8.62142547513573
9.762211965178174,9.868263970925444
8.653994232908383,8.440467301684514
8.643473357326567,8.702035703946287
7.343426229147367,8.046761005392002
8.0507033814703,8.26850463589038
8.963544291996744,9.076004284408693
8.104099056143582,8.186104039050987
8.633908991112198,8.617189726384579
8.48714627006394,8.396363113657069
9.65194452670022,9.881626229872372
8.913281137711804,8.621512810161526
8.006700845440367,8.18317831568679
9.127610724377186,9.240281467932698
9.484785217645944,9.394034780848173
9.50762618057066,9.413510491600887
9.583626581720113,9.64477363991113
9.580109215426074,9.229058917117793
9.594173179957233,9.283992648344055
9.415075523607037,9.446042788710239
9.633579908183512,9.678659629920332
9.188094763028865,9.561892700429853
9.563388747859216,9.43695994602736
8.68676717538769,8.774392772819034
8.058960017769417,8.155711450073658
9.713899659750128,9.867041280564287
8.624431942085836,8.792209118081605
8.940760134888384,8.846531504127288
8.949365142352965,9.042991644657459
9.568154666608342,9.478269413229302
9.40195197567723,9.263687254846273
9.111514017669288,9.751671711486559
9.482807278621484,9.363947864461135
9.80802236071806,9.654642497826181
9.524566999650077,9.838570062154492
7.905072849498666,8.273264394796312
9.025696119812585,9.156396175654757
9.519367998447342,9.331328232325987
9.068546366358296,8.972730616403837
9.36768594269996,9.251373016208907
9.54781210893048,9.953677626154832
8.225770799348734,8.266452262784153
8.77971129020447,8.80679406738969
9.211539652551664,9.40578134181786
8.254268770090183,8.378808773471889
8.804475183846678,8.72517948578247
9.162934249578912,9.39525747120933
8.746716349694486,8.522474890907821
9.088624613292088,8.977970717951651
9.60346295688596,9.559141647117249
8.938794081433805,8.736358369084476
9.400216653174247,9.142597241578844
9.306014122044465,9.099934081477048
8.904765846682814,8.529156020381285
9.557469903071384,9.804247397016303
9.767725101522128,9.832456610348707
8.970177815492379,8.577670627211473
8.624791202014256,8.517147454334209
9.36228862824824,9.867215950615881
8.908829791587868,8.604919155260111
9.44311737225863,9.42075929874203
8.940629184845639,8.935001885259567
7.975564658495202,8.193571183756623
9.282009658666542,9.007926631799995
9.479451058842528,9.456610326831667
7.946263643580541,8.144881906874842
8.310414994188292,8.329508151409527
9.352360631996612,9.395999818928605
8.324093761450404,8.513042708121754
9.333088837235236,9.47123894365265
8.254788926148725,8.315403544743326
9.601909374892236,9.551892839976105
8.703838719690246,8.918713902948442
9.656627474604605,9.844770848986073
7.649692623711514,8.081913353275262
9.507923269105229,9.359974120787376
9.002701007197938,8.843300108172803
9.439625028047155,9.895556166486982
9.766120240743216,9.59796206608398
8.447199819595703,8.46404775864968
9.311722986264783,9.118711112023387
9.693383614729722,9.719532421993291
9.199582715323222,9.054650870601346
9.157993891603974,8.977752380387159
9.466454374960302,9.52564866472413
9.402694764470512,9.21443030029681
8.17948018535889,8.297849204558144
9.568643988906736,9.311546848982983
8.505727713306959,8.428415068124538
8.966866554188723,8.76993868650339
9.09918532261002,8.629023622380062
9.520101889570842,9.606651901150773
9.780698256443507,9.966428539921182
9.024974184996005,8.717100995896255
8.2482674474469,8.263570206932854
9.569621915779866,9.829749224549003
9.004913941467132,8.73509201121042
9.082847851460906,9.365170554822292
8.684739462628038,8.440161629094224
8.768729817231666,8.772733407328891
8.924656302187074,8.864871859544643
9.708566960165658,9.872412384650797
8.950792138768174,8.924958357292923
9.3672586470476,9.127531949628876
9.5620530240851,9.761977244530595
8.842026529498812,8.701162353688316
9.621323560768252,9.38451526303631
9.351579483668909,9.206963155591174
9.411974239802513,9.286831036682456
8.807471889715284,8.639896833091779
9.48044384215367,9.172509487914288
7.675546002537848,8.174794153210286
8.683046555502886,8.590639878542316
7.852050207265889,8.111083251891433
9.377886643187985,9.420584628690438
9.68277853533738,9.730449300217906
9.246479418592056,8.99417136523698
9.542948007780955,9.939485684462833
9.132054453577638,9.20879719113291
8.833899942908635,8.571862847995979
7.929846429742503,8.161431894263357
8.359134886757962,8.495663037988166
9.559658319461349,9.612940023008152
8.798756582859841,8.58518143943001
9.445886690007436,9.410628435749588
9.849453664043642,9.823810442794812
9.46691869937663,9.44036601203344
9.424644974623188,9.262944907126998
8.663542087751374,8.775746465718886
9.278839788400877,9.091899259103732
8.39185670010494,8.48644919276659
9.57456673206775,9.67564657153034
9.52427481557203,9.457964019731518
9.084323531392696,8.746314562025324
8.723068501163928,8.477934027751392
8.285008895449879,8.279814521731081
8.553525120663627,8.55085877429182
9.493261127326251,9.658223233883854
9.637240760804412,9.691890886328567
9.27049429479593,9.181461328058473
9.028818495352793,8.665049320521291
9.019300924562506,8.940722329449265
8.335911094196945,8.391341349673747
9.027378610294804,8.986616885505546
8.86177531100083,8.888976326664592
9.462498888358915,9.693637586844504
9.662116382947598,9.774116813116366
8.68084148294457,8.418065867567604
9.20432229965062,9.253076049211947
8.811652248147043,8.761292518949496
8.670429167315095,8.524832936604337
9.10886120302633,8.876312747924038
9.853088594952276,9.820055036685545
8.812843433517195,8.988363586021485
8.893572718629306,8.614001997942992
9.473012281423795,9.354865021778256
8.10832229017324,8.325359737684174
9.07954808172616,8.806575729825198
9.6634521335517,9.864945239945161
9.580868910203453,9.481631811722483
9.146974496354362,8.964739461543418
7.473069088032197,8.063092655216026
9.470008697972764,9.254342407086002
7.835974581721566,8.162043239443936
9.575816471867984,9.69036252337712
9.004176840696656,8.728367214224058
9.254644297532709,9.098143713448213
9.193295937366925,9.513028753496476
8.913146539151807,8.990983636795393
9.020510699691906,9.05709625132366
8.168486417126681,8.273351729822108
8.919586920999915,8.79151043787523
9.867497614802971,9.766474998359135
9.614070642790631,9.475343689865106
8.13622555490846,8.256801742433593
8.520388082312756,8.475357644490384
8.74798740166097,8.400118519766337
8.336630087637147,8.281430219708325
9.213634938925614,8.882426199729823
9.352707613263105,9.633070746454342
9.459697330106296,9.458400694860504
8.160803920954665,8.229553214384953
9.616338671246003,9.674947891323963
7.544861068658458,8.094009254348135
9.85003403180204,9.802238691422973
9.36340474770302,9.234779361307492
9.6004210780406,9.568792167467809
9.478380804172676,9.810710188925274
9.750394646402302,9.829792892061901
8.558143177745192,8.401865220282275
7.845807502637805,8.137327427143408
8.417814747435958,8.27701980090558
8.096817470572319,8.361123430748012
9.308917935337176,9.141898561372468
9.488426550754516,9.119104119639474
8.598588829620232,8.474527961745311
9.117896081584902,8.71557263294481
7.519692404116539,8.065101360809356
7.929846429742503,8.175973176058545
9.392245175273796,9.44547511104256
8.688116703257823,8.440729306761904
7.767687277186908,8.205929089906887
9.36314729221994,9.073078561044497
9.333442569110169,9.270412051832635
9.301642530382969,9.467352535004688
8.454253391642363,8.403917593388503
9.8492953234527,9.679532980178303
9.532206456208034,9.511020047903147
7.906547232368036,8.284879953227302
9.297618380083245,9.181111987955285
8.758883680017025,8.606491185724456
9.70216664573239,9.663288665380076
9.29807648628027,9.531194438862235
8.617400451833262,8.568063774373812
8.511778558714738,8.560028952000495
9.161990111035136,9.227050211524464
9.619399015594476,9.318140643430652
8.385716828627851,8.285010955765998
9.38857023586688,9.466391849720921
9.16701524723781,8.99731542616567
9.3647767252806,9.138929170495373
7.983440063006542,8.195754559401546
8.313852267398207,8.202697693952402
9.19624144759668,8.854653661526402
9.272657678041044,9.664686025792825
9.408863308108144,9.163775985334597
9.480901717619544,9.423466684541737
8.06054004653864,8.251255968295489
9.804274767464536,9.910796128488544
9.312987208936326,9.034301809590664
9.547026871355778,9.393205098103103
9.273033441314606,9.327616493729618
9.76359310138207,9.743898894190632
7.943782692458625,8.133746691085733
8.965206802770357,8.865046529596235
8.067462667010057,8.23304661541683
7.940583827104244,8.216452960515417
8.576216531865699,8.46151504290157
8.917176635955164,9.232639653175468
9.753187781764913,9.901058273112188
7.393263094763838,8.083048708610622
9.622847294873392,9.317703968301666
8.927181388251986,8.83827834418948
9.0455836463617,8.861160120948272
8.838986793496787,8.652211071729143
8.882252884889363,8.690682150592686
9.516795129751248,9.424121697235213
8.062432791583195,8.264749229781112
8.218247926685745,8.277674813599056
8.167919362957816,8.18374599335447
8.545780648268149,8.4266683676086
9.553504453886967,9.39447145597716
8.911125383710678,8.924041339522054
9.497847429113676,9.644293297269245
9.607638890751288,9.542504324702936
8.81314100828505,8.698061960272526
9.301459965343666,9.163295642692713
9.1649245084457,9.04692172081832
9.234935418831563,8.95024184726113
9.680593969977126,9.956035671851348
9.017483513266844,8.920547938490177
9.666942095531727,9.54722041609597
9.471396088360253,9.48599856301233
9.033961124637855,8.764698584955575
9.835101639669665,9.819269021453373
8.780787468338929,8.647014637694227
9.773037123152063,9.852980341410984
9.164610520270008,9.145784970020431
9.276970454273943,9.271940414784082
9.605283652624763,9.682546038568296
9.622185087048386,9.669882459827743
8.445697189711167,8.354835308890634
9.414178772232386,9.565866444103612
8.496173824192162,8.369682263276111
9.111293218374948,8.721424079673202
9.390743422947509,9.458357027347605
9.649240256170584,9.834159643351747
8.894670262984233,8.808671770444324
8.477204183199873,8.497104065913815
8.101980731853192,8.212042541712671
9.005159521036145,8.821990361878354
9.242517103671403,9.145872305046229
9.000853147109458,8.731554942665644
9.165656764349542,9.10644054089892
9.28498391497195,9.215740325683765
9.438829609615144,9.700362383830868
9.251194365984448,9.249276975589781
9.160834952072344,8.759807823510949
8.592671652592143,8.61801940912965
9.0413298292419,8.867797582908839
8.2987883944492,8.302696298489874
9.599879329534089,9.351851963388262
8.52377150677636,8.312870828995214
9.803667217253915,9.91293583662057
9.562475024372697,9.541805644496561
9.604946736749472,9.638005175411868
8.77786371462117,8.942600032503899
9.455323689894849,9.232071975507788
9.52427481557203,9.768658374004058
7.524021415206125,8.09671664014784
8.831857935197906,8.666839688550128
8.720950028930258,8.543871972228066
9.221774749601844,9.113252672911079
9.505320746909074,9.67451121619498
8.711443319075466,8.628106604609194
8.848365694942547,8.578019967314662
8.990690709916228,8.95220688534156
9.362546304865514,9.941843730159349
9.12063445889169,8.784217963221186
8.771680359010377,8.787798699278861
9.443275825752862,9.539360263774247
9.69590972432601,9.396043486441503
9.225426009394225,9.153688789855053
9.566054854819791,9.384384260497615
7.784473235736469,8.142218188588036
8.814033201652784,8.598500030864038
9.259987311865595,9.370978334037787
9.653101264828043,9.672764515679042
9.4953689269624,9.582722104082418
8.858368636308018,8.689983470386311
7.643003635560718,8.035844127167387
9.13097243659261,9.084825122014182
9.629248055780836,9.682327701003803
9.860997500915175,9.696737980260295
9.292104673778825,9.01513177142824
9.77684665156873,9.871670036931524
8.86120833720818,8.880155489059103
9.50599061407714,9.36158981876462
8.784927626058323,8.738891084832586
8.293549515060345,8.260338810978368
9.704060527839234,9.77258845016492
8.781862489558945,8.654656452451457
9.596010852756168,9.979572461303619
7.8407064517494,8.120035092035618
8.483843211734683,8.372869991717698
9.205830216498295,9.535561190152082
8.478244441277663,8.46863284750402
9.685393729854024,9.672589845627448
7.659171367666058,8.04431562466969
9.442324727955874,9.369187966008951
9.105646300861515,9.194692584466706
8.947025655972697,8.789196059691612
9.697508347391498,9.920228311274611
8.780941113572387,8.634307391440775
9.813945703874634,9.849181267788818
9.2471543450989,8.80539670697694
7.816819965764552,8.097415320354216
9.4869867748077,9.583988461956473
9.270305953143616,9.120414145026427
8.825265953515752,8.764392912365286
8.761863373274727,8.539112213322134
9.71902370267014,9.81621229555048
8.615770754777232,8.378852440984787
9.337853692275145,9.414209171807263
8.297045149081827,8.436537225523653
8.986946789406764,8.745048204151269
9.345308232386667,9.10189911955748
9.741380302992413,9.66652006133456
9.384629757072872,9.605385543276718
8.370084326378025,8.401690550230681
9.000236434169777,8.854478991474808
9.39282858154946,9.435038575459828
9.344346651823916,9.098143713448213
9.601030194502194,9.333686278022503
9.845169643211612,9.934027245350524
9.734180932819667,9.923852714845184
8.559294367434873,8.51112133755422
7.912789220690681,8.134751043882398
9.669788487282402,9.915031877239695
9.237858258012922,9.334690630819168
9.675017339716192,9.615778411346552
8.297045149081827,8.204095054365151
9.169518377455928,9.011114360241582
8.91918561004543,8.72631484111783
9.036701015565065,8.938014943649561
8.156510226079966,8.221911399627723
9.713536968577682,9.53813757341309
10.025129798518233,9.892237435506699
9.39532504618962,9.46045306796673
8.542080906924017,8.5116890152219
9.310366686043308,8.90321193586949
9.491073355339758,9.07670296461507
9.60541838719786,9.75416075972177
8.796187635470453,8.579591997779005
7.489970898834801,8.063223657754722
8.190354403763262,8.415751489383986
9.39282858154946,9.053297177701495
9.296242800976886,9.276918511254506
9.768240403128102,9.820622714353226
8.826000545482966,8.635137074185845
7.792348924113037,8.16614798565639
9.280612424961516,8.941857684784626
9.412382853382338,9.228534906963013
9.316500567804573,9.450671545077476
8.044626279767337,8.378328430830006
8.976135873302548,8.619242099490807
9.203114326884442,9.421763651538695
9.6822172456036,9.635428792150858
9.089302043599126,9.299538282935908
9.479298235429685,9.424864044954486
9.398561160701128,9.451326557770953
9.291920358968603,9.089803218484606
9.68096880599076,9.431326836863459
9.49732219931357,9.159278231506056
8.57338447106598,8.556928558584705
8.793308627496552,8.534483456954897
8.434028950155469,8.410162047732982
8.326032685955079,8.423305969115418
8.847072312567807,8.652429409293635
9.726929355631276,9.79638724469458
9.310728546007452,9.196002609853661
9.368625350941896,9.536696545487441
9.448175472033382,9.68355039136496
8.956093075610639,8.683695348528932
8.603554357064281,8.53863187068025
8.398860004454372,8.477017009980525
9.046290859969677,9.003472545484351
9.635738817791797,9.571193880677225
8.626944055375356,8.645748279820172
9.538204234060796,9.219364729254336
9.267665438595452,9.15006438628448
9.614270969992395,9.857172422649235
9.675959402904097,9.89306711825177
8.91798070997329,8.898845184579644
9.614538010517382,9.951275912945416
9.692828247710418,9.681672688310327
7.677400430514807,8.075843568982377
8.485083137498004,8.402127225359665
9.504352368122833,9.493684045282459
9.727108305197802,9.53534285258759
7.9483852851118995,8.131912655544
8.759825595314295,8.692690856186015
8.263848131368906,8.427017707711787
7.949091499830517,8.269159648583857
8.659039915644474,8.567714434270625
9.191157552559408,9.221373434847665
8.148445666243235,8.225317465633804
9.05345261643904,8.808060425263745
9.406564833939129,9.613420365650034
8.987196820661973,8.970983915887897
9.068085324395312,8.758235793046603
7.7488913372555315,8.096367300044653
8.30622521603216,8.327150105713011
9.446202695698169,9.294822191542874
8.661293535389994,8.815527569969383
9.054855469135788,8.854216986397418
9.224243277145174,9.443379070423433
9.619332585860503,9.560713677581594
9.056256356593469,9.070283840218995
9.476006870370282,9.48512521275436
8.213923595622743,8.270557008996608
9.519221155568957,9.179889297594128
9.491148875484791,9.621236850458859
9.218010878280404,9.08967221594591
9.356170820187725,9.194910922031198
9.326878188224134,9.026310654730246
9.109967397829395,8.782471262705249
9.737846105993372,9.901363945702476
8.859647499714997,8.764349244852388
7.84971375760487,8.261648836365321
9.03013657115323,9.097183028164446
9.172949982757624,8.918757570461342
8.690810307580046,8.403000575617636
9.843684468165376,9.85791477036851
9.381348168869865,9.378008803614438
9.197660318818809,9.3649522172578
8.960082528170402,8.713869599941768
7.693481640835175,8.067153733915584
9.626151772138492,9.499972167139838
8.163656176168432,8.25064462311491
8.584103896698863,8.387192935948393
9.631481959469356,9.728003919495592
9.227885551191932,9.011725705422162
9.28498391497195,9.139627850701748
9.475776835480644,9.44774582171328
9.58486505717771,9.480452788874226
7.444833273892193,8.070559799921663
9.045229851912582,8.755484739734001
9.64711032991276,9.28901441232738
9.508665604526444,9.780273932435048
9.2850767180902,9.326131798291069
9.779680156808055,9.976777740478116
9.436918020024674,9.587350860449654
8.687273461787838,8.57094583022511
8.985445287623167,8.988581923585977
9.74548780788724,9.774509820732451
9.602112152952344,9.843548158624916
9.373139262281274,9.673681533449908
8.819517540604888,8.657451173276959
8.841014310483892,8.576840944466403
8.61122983334262,8.689110120128342
9.983314852395685,9.935511940789072
9.147294070258548,9.13561043951509
9.725138096494574,9.724292180899223
8.315321775377567,8.260338810978368
9.155989777226102,9.052118154853236
8.286521373681236,8.325316070171276
9.359966545931997,9.534687839894112
9.106090350602384,8.948407811719395
9.2098402469345,9.03360312938429
9.314700387300425,9.214517635322608
9.45634070543332,9.64219725665012
8.703672758358856,8.46605646424301
9.207536444643448,9.213163942422755
8.048788283534199,8.360730423131926
8.315566483564277,8.212479216841656
7.805474625270857,8.127676906792848
9.060563446657955,8.90203291302123
8.641885635373555,8.546361020463278
8.885025658050846,8.714699282686839
8.064321960910803,8.22457511791453
8.138272638530186,8.303962656363929
9.147613542067878,8.839326364499042
8.592671652592143,8.574526566282785
8.213110697596676,8.333307225031694
8.330140460246382,8.450860169754346
9.751617603198,9.729575949959937
7.437206366871292,8.060341601903424
9.560081331311986,9.51883653271197
8.58466490653125,8.362826463751052
9.30118605527576,9.13932217811146
9.71317414581262,9.822587752433655
8.846640813100485,8.746794904667206
9.224933374279082,9.327922166319906
8.974997713204976,9.163382977718511
9.019058793810718,8.754393051911538
9.175645402179295,8.944259397994042
8.900003608959596,8.621862150264715
9.719865150009126,9.986908603470559
8.605753368395717,8.568893457118882
9.323222529032856,9.29573920931374
9.82271124250884,9.798701622878198
9.621389858378247,9.586826850294873
7.581209826196346,8.048900713524027
9.134107065976591,8.960634715330963
9.54987932996818,9.680537332974968
9.435162513668947,9.922018679303449
9.548026157663058,9.52486264949196
7.4205789054108,8.066062046093121
8.50532301884575,8.453261882963762
8.623353387244627,8.706795462852218
9.379661116592883,9.682895378671484
9.469391461628812,9.100501759144729
9.371608519572304,9.310324158621826
9.367771379925012,9.671192485214696
8.81640849968169,8.525225944220423
9.696217350378207,9.846954224630997
9.40771473139643,9.460540402992528
8.71028982137815,8.641730868633513
9.002701007197938,9.055436885833519
9.1085291058295,8.869107608295792
7.9868449011613825,8.1913878081117
8.123261319121745,8.219946361547294
9.281730368062856,9.017271479560264
9.073374516903025,8.854653661526402
8.457230850243555,8.461602377927369
8.474703139795285,8.445489065667836
9.630234216736469,9.588267878220522
9.023649282664286,9.134911759308714
8.946505025998682,8.979280743338606
9.734477009801846,9.483596849802915
8.928905412284868,8.744349523944893
8.040768994367578,8.167938353685228
9.284519770150434,8.885439258119817
8.973097896282471,8.596272987706216
9.55669221559184,9.220805757179985
8.537583881063972,8.44623141338711
9.397317740306333,9.42503871500608
8.663714844079005,8.46435343123997
9.31847703058076,9.195871607314965
9.16701524723781,9.11635306632687
8.754318540250866,8.633434041182806
9.403437001938096,9.126483929319313
8.934718614016768,8.6591105387671
9.845434621087511,9.90690971984058
8.900957872545062,8.904827633846732
8.254788926148725,8.289203037004249
8.973858256222792,8.969106212833264
8.474494436883122,8.416712174667751
8.938794081433805,8.704612087207295
8.503499864284235,8.676053533771702
9.526245403371703,9.677000264430191
9.621124641561948,9.889966724835979
8.368693183097793,8.290600397417
9.186150133174966,8.922905984186695
9.25378292981902,9.177443916871814
9.689551481972831,9.695034947257255
9.006754319877503,8.918844905487138
8.332308352219117,8.3812978217071
9.460086905084928,9.452418245593414
9.682092471756036,9.567045466951871
8.577535420422398,8.586753469894353
8.791790024319363,8.689852467847615
9.096947684621092,8.786532341404806
9.519367998447342,9.460933410608614
9.482654967296842,9.379624501591682
8.146709052203319,8.194575536553288
9.362975618399776,9.548137433866838
8.224699561967235,8.301910283257701
8.017966703493599,8.188200079670112
9.18901458526143,8.809763458266787
9.304741047397666,8.963516771182261
8.955964118230874,8.780331554573223
8.258681496264236,8.346058138798044
9.3672586470476,9.22574018613751
9.296242800976886,9.308446455567193
9.577618898699106,9.403903638763225
8.756839814829462,8.557146896149197
9.311090275076326,9.208709856107111
9.685269351744411,9.493465707717966
8.765458531504226,8.749676960518505
8.209852481301272,8.409594370065303
9.313077449427295,9.14360159437551
8.166784289056151,8.279159509037603
8.67965211911394,8.6251372137321
9.699472381656918,9.879311851688755
9.261793653565098,9.369973981241124
7.735870319952567,8.072568505514992
8.862766742283796,8.962949093514581
8.84043543926657,8.75351970165357
9.46280968867222,9.531587446478321
9.599879329534089,9.449230517151827
9.587406005562649,9.53896725615816
9.732817848482622,9.912280823927091
9.042158378735948,9.033297456794
8.507748732588238,8.52614296199129
8.620651899784468,8.412869433532688
9.03455739202181,9.187618447377156
7.208600337960199,8.038726183018685
8.628913441026645,8.520946527956374
8.897819009510757,8.77871585659598
8.420241665339788,8.495182695346283
8.837826364007704,8.538326198089962
9.22197245620589,9.015175438941139
8.811801223938751,8.595181299883755
9.705280486511947,9.850971635817654
8.985820874482043,9.068973814832042
8.25582842728183,8.236103341319723
8.19533366716287,8.262740524187784
9.37873202323664,9.354646684213764
9.664468652063627,9.768003361310582
9.041803370152843,8.899019854631238
9.502338118495564,9.549884134382776
9.080117784926207,8.95932468994401
9.37999875481674,9.432767864789108
9.436519311833914,9.737392434768761
8.340456012916183,8.22204240216642
7.546974117516527,8.058638568900383
8.863757191604241,8.681555640396908
9.167954655479743,9.110632622137171
8.24117615049496,8.361822110954387
8.757154527656606,8.579941337882193
8.340694647925071,8.373044661769292
8.402231172946555,8.620333787313267
9.578311275656766,9.499491824497953
9.600488775972456,9.555910251162764
9.34425918954197,9.24731193750935
8.149312843635345,8.218505333621644
9.686574550972557,9.864901572432263
9.229456489168411,9.072336213325222
8.643649615368796,8.645136934639593
9.540219493127752,9.249233308076882
9.091444217032327,8.791117430259144
9.485772721999046,9.513989438780243
9.649949224651184,9.455562306522104
8.890135107818843,8.579635665291903
9.35079772467144,9.349537585204644
8.2960476427647,8.324180714835915
8.054840221101024,8.283176920224262
7.988203597022576,8.239029064683919
9.669472621333282,9.858045772907206
8.323608442343572,8.554395842836595
9.532061486651386,9.750361686099604
9.657139343577324,9.61128065751801
9.259130536145614,9.165784690927927
8.890823576004383,9.366436912696347
8.286017468404763,8.32832912856127
9.186969385652942,9.335782318641629
9.42778773074551,9.512330073290101
9.677903525682558,9.451020885180665
9.15978364835903,9.047140058382812
9.68483390649477,9.680843005565256
9.328301169609748,8.876356415436936
9.677402178300998,9.60250348742542
8.687442166975924,8.478720042983564
8.635153989049803,8.597452010554475
9.672815734801128,9.565167763897238
8.10349427838097,8.143397211436293
9.426902311924838,9.249626315692968
7.1180162044653335,8.048071030778956
8.069968149059841,8.174488480619997
7.962415680121064,8.149030320600195
9.623112055266786,9.958088044957575
8.655214489313613,8.456886286534335
8.066835314417336,8.09841967315088
9.298168082341704,9.201592051504663
9.20079495913265,8.964346453927332
9.553078650176042,9.448095161816466
9.21632244365373,9.263294247230187
7.691200097522863,8.1602092039022
9.514436985696058,9.701759744243619
9.701738498076075,9.558399299397976
8.828054536815424,8.714218940044956
8.918784137975802,8.60919857152416
8.445911989411274,8.332390207260826
9.544953739112396,9.696563310208703
9.284334051884509,9.22774889173084
9.674828820533808,9.946690824091078
9.392578591964387,9.504338918429683
8.584290934948731,8.44112231437799
9.059401196410896,8.919674588232208
8.912203841620542,8.760288166152831
7.651595573857601,8.091476538600025
8.166216268592143,8.29741252942916
9.84633502103182,9.919092955939252
9.822223265705164,9.737130429691371
8.613048677059759,8.747799257463871
7.917171988845776,8.179684914654914
9.387481868728596,9.110414284572679
9.408453253565146,9.637743170334478
9.52588077255636,9.406785694614523
9.641733102094262,9.822587752433655
8.137688184977605,8.19562355686285
9.802948727157515,9.93328489763125
9.596078849900314,9.302638676351698
9.28312604170183,9.380497851849652
8.007034012193408,8.155798785099456
9.099743950634156,8.807754752673457
9.869775638050593,9.833198958067982
9.233763886919771,8.786838013995094
8.58615939588096,8.527758659968534
8.665095821339733,8.56727775914164
9.380167531188448,9.252508371544266
8.416709652837914,8.50430920554206
9.239510749275963,9.500277839730126
7.6638772587034705,8.063092655216026
9.313708904953216,9.382855897546168
8.498621805830801,8.39579543598939
9.91338837721339,9.836037346406382
8.18757739559151,8.280207529347168
7.934513463882263,8.104620459982462
9.906084178383392,9.980882486690572
9.444542550647126,9.19543493218598
9.508888197738267,9.780404934973744
8.821289805136113,9.037882545648339
9.565774546478782,9.630407028167536
7.27655640271871,8.040734888612015
9.725018565057663,9.663856343047755
8.690474003558043,8.771030374325852
8.824824939175638,8.55448317786239
9.260843354149287,9.214779640399998
9.195125206169704,9.176264894023557
9.517604459155686,9.54494970542525
9.58493381641726,9.625865606826096
8.27715777243181,8.35754269469034
7.692569648067906,8.067677744070364
9.752024923328158,9.913110506672162
7.518064181233078,8.052874457197786
9.232590980911002,9.800142650803847
9.348100311680668,9.430846494221576
9.095939111666208,8.955612951347641
9.058470422638056,8.814086542043732
9.2850767180902,9.26718065587815
8.528133131454572,8.427716387918164
9.269646477873591,9.368707623367067
9.775824621045972,9.686214109651766
9.19207456316929,9.526784020059491
9.035153304082828,9.16735672139227
8.967504187316237,9.204954449997844
8.39795910349254,8.433349497082064
9.254931255304058,9.21525998304188
8.494947582468917,8.436187885420464
7.789040401657477,8.089249495442203
8.351374706721296,8.321385994010415
8.222553638396958,8.242042123073913
8.96098117384356,9.04517502030238
9.709174382889795,9.939747689540223
7.396335293800808,8.083922058868591
9.079662048334066,8.827841808606747
8.67060073804555,8.566229738832076
8.386856689688234,8.366669204886117
9.53885243891622,9.170719119885453
8.965206802770357,8.718542023821904
9.728717411895008,9.93389624281183
8.448700194970938,8.588893178026378
9.693877015504505,9.824552790514087
8.552174160311482,8.572823533279744
8.041734711487537,8.321254991471719
9.02280524812934,9.032511441561828
7.591861714889934,8.075537896392087
9.09829086816756,8.840767392424691
8.01532730902172,8.148899318061499
9.574427775630369,9.46355346138252
9.705524299752216,9.922935697074315
7.7284157798410416,8.06466468568037
9.437953917961844,9.461981430918177
9.714443449981347,9.488400276221745
9.536473630802217,9.317398295711378
9.498522319469616,9.591804946765297
9.74946186489702,9.837827714435218
9.612533466213929,9.935075265660087
9.083642718930223,8.992555667259737
9.471087945687758,9.73603874186891
9.87770809954864,9.99057667455403
8.566173813637858,8.53269308892606
9.35079772467144,9.151636416748826
8.698180525197055,8.549199408801677
9.537699784080726,9.529884413475282
8.880446450715093,8.685442049044871
7.89655270164304,8.15309139929975
9.653101264828043,9.645384985091708
9.600217956742634,9.7135936402391
8.157943507105037,8.382651514606954
9.449357272446685,9.566128449181003
9.311632623458054,9.357397737526366
7.565793282428515,8.086061767000617
9.39091039573133,9.10303447489284
8.336869637284956,8.350861565216874
8.63994165667529,8.496536388246135
9.258368340986763,9.235259703949374
8.339261982923576,8.417934865028908
9.132054453577638,8.664961985495493
7.841099765422119,8.062830650138636
9.019058793810718,8.901989245508332
9.126197603863757,8.906705336901366
9.650013651414085,9.487046583321893
7.774435510302958,8.126672553996183
9.835101639669665,9.971100963801316
8.799058378546453,8.835920298492963
8.163371316459912,8.365402847012062
9.848503244203368,9.95118857791962
9.296518068217235,9.119366124716864
8.960852845322371,8.75465505698893
9.75080246487048,9.470016253291494
8.901911226379612,8.847273851846563
9.283869605264298,9.398183194573528
9.170455438277267,8.846880844230476
8.993675786759683,9.047795071076289
9.31325790598287,9.406218016946845
8.494129251817686,8.450379827112464
7.828834527588089,8.111083251891433
8.72534492491121,8.650420703700307
9.661161181805143,9.89817621726089
9.79138211875182,9.76350560748204
9.079662048334066,9.062292685358576
8.242229891372231,8.265797250090674
9.566825297862628,9.384340592984715
9.234252192022495,8.808104092776643
8.183118079394745,8.26819896330009
9.61326893243235,9.462854781176146
9.297435078827116,9.472854641629894
9.85712942855798,9.956952689622216
9.06207235530708,8.929980121276245
7.9355873855892,8.168113023736822
9.693136823020671,9.698965023418117
7.806696372521179,8.170296399381744
9.399803036921504,9.439667331827064
8.85180655855245,8.614438673071977
9.728538750071586,9.866473602896608
9.42706335548747,9.318402648508043
9.31217467785745,9.231285960275615
8.700680734850161,8.533304434106638
9.908375586608903,9.80940016353832
9.259701801513907,9.410060758081908
9.028938392241612,8.723694790343922
9.37007543009734,9.231416962814311
9.048879705849558,8.809588788215192
9.534450801041515,9.163164640154019
9.45226642258976,9.128055959783657
7.988203597022576,8.34531579107877
9.509481537516857,9.542897332319022
8.811503250158239,8.63247335589904
9.599066156080047,9.849443272866209
7.635303886259415,8.230950574797705
8.535818655539403,8.540771578812276
8.953510763007166,8.709939523780907
9.105535257610056,8.952687227983443
8.92930284224307,8.738192404626211
9.447623486844112,9.009891669880426
9.488502271043805,9.35958111317129
9.914773624553096,9.957607702315693
9.522007489678424,9.346262521737259
8.817149624743406,8.919587253206412
9.091556835986216,9.219102724176945
9.03013657115323,9.024913294317496
9.818746324081037,9.719838094583581
9.64212278840172,9.60163013716745
8.501267040865978,8.408284344678348
8.754160749323518,8.695922252140502
7.791522819150732,8.137895104811088
9.021598247379304,8.734568001055639
9.655026193237628,9.990096331912147
8.44741429680832,8.432956489465978
8.708309295891688,8.65937254384449
9.207135241027236,9.35787808016825
7.807916628926408,8.130777300208639
8.227375506834035,8.394703748166927
8.53856321715243,8.53666683259982
9.157783121237507,9.319974678972386
7.457609289715606,8.046892007930698
9.907081088046258,9.958481052573662
8.851520271691061,8.809021110547512
9.704792681624228,9.695034947257255
9.50061907027523,9.621367852997555
9.2751913442958,9.705078475223901
9.658034484302055,9.786387384240832
9.380504998499504,9.614293715908005
9.465447598495786,9.328489843987587
9.478686708121222,9.45455795372544
8.306965865368573,8.30959576552783
9.47208906240146,9.358926100477813
9.777073627680467,9.757261153137561
8.339500903005945,8.347106159107607
9.67570827281739,9.703375442220862
9.377717481384314,9.300280630655182
9.577757412446818,9.683768728929453
9.0663545214478,8.79971993030014
9.699288417222856,9.864028222174294
9.134862230800223,8.970416238220219
8.354203562921775,8.410162047732982
9.11921143856508,9.01858150494722
9.739320206322216,9.71023124174592
9.475776835480644,9.336699336412497
9.475086413144906,9.739663145439481
8.88336291691676,8.968058192523701
8.569595870209286,8.326888100635621
9.571644584298577,9.934289250427916
9.58204184993154,9.900621597983204
9.472012088995733,9.563857738510283
9.62509552699144,9.912673831543177
8.723394022000136,8.493086654727158
8.480944058741116,8.37963845621696
9.493487175626202,9.701104731550142
8.83884181343129,8.623608850780652
9.202106567049078,8.928058750708713
9.082279701908664,9.149191036026512
8.956350940490871,8.883517887552284
8.775703886567738,8.612517302504443
8.09712193091871,8.2623038490588
8.796036315200814,8.607495538521121
9.225721474014485,9.01373441101549
9.21612361673191,9.092292266719818
8.9758830607617,8.691642835876452
8.266678443305896,8.279028506498909
8.71833650245078,8.64465659199771
9.245707515813471,9.69403059446059
8.532672762264625,8.500204459329606
8.679312040892672,8.42863340568903
9.611663580917012,9.464514146666287
9.544166252942194,9.394340453438463
9.584039577320697,9.564381748665065
9.25301664625662,9.19377556669584
9.116029692504942,8.734961008671725
9.358070484000518,9.424034362209415
8.217438537730187,8.200077643178494
9.711358054751088,9.504251583403885
7.881559917056899,8.149423328216281
9.42617729477462,9.454383283673845
9.827847638327382,9.485387217831752
8.19836438996762,8.289901717210626
9.392661928770137,9.618223792068866
9.37305428246393,9.252595706570064
9.370842268630213,9.171941810246608
9.485924559229828,9.243818536477473
7.903596289614301,8.101258061489279
9.68986106991376,9.60673923617657
9.254357257392956,9.393685440744987
8.785845337961213,8.488239560795428
8.249575150000199,8.270251336406318
8.259975659768276,8.315709217333614
7.765993079407675,8.069380777073404
8.782322859397507,8.581862708449725
9.376871242863814,9.583027776672706
9.632465920977454,9.648791051097787
9.777243825961875,9.789444110143725
7.600902459542082,8.069337109560506
9.26926943950547,9.293905173772007
9.636914443294582,9.319843676433692
8.688116703257823,8.665879003266362
9.353487881194669,9.442025377523581
8.747193183526933,8.728541884275652
8.892611378172106,8.864959194570439
9.123147160273806,8.867317240266955
9.473627287593242,9.379100491436901
9.830271490204868,9.746562612477438
9.727525729694754,9.985118235441721
9.92554254331696,9.892281103019597
8.863898604317479,8.854216986397418
8.41803561988302,8.462781400775626
8.069342366811636,8.286713988769037
8.652248422409102,8.509985982218861
9.757652204312585,9.68726212996133
9.270117576012044,9.488443943734644
9.630497028827335,9.79101614060807
8.870943863837724,8.608237886240396
9.502039365785896,9.324647102852522
9.82730820579731,9.828002524033064
8.76201995356159,8.68889178256385
7.421177528595393,8.039075523121873
9.795066803581708,9.759706533859873
9.064389316491878,9.050546124388891
9.371353167823884,9.379187826462697
9.809835996454671,9.6597515968353
9.2954165443313,9.280280909747686
9.258368340986763,9.117313751610636
8.848078421168667,8.814785222250109
9.412137705270794,9.3196253388692
9.532641238823578,9.598355073700066
9.64452250418184,9.596739375722823
9.330963814299922,9.53049575865586
9.21642184229205,9.222727127747518
9.111845125227084,9.066572101622626
9.576648764883153,9.471937623859025
8.401108712395436,8.308242072627978
9.677151410322754,9.589359566042983
7.684783943522785,8.040516551047522
9.471087945687758,9.544775035373656
9.371268036082466,9.295171531646062
8.405143687607614,8.330119496590106
9.243871855184976,8.872426339276075
9.131621787264775,8.751292658495748
8.929435283803425,8.81081147857635
9.46187699779161,9.403335961095546
9.572341108670264,9.492374019895506
8.992184362173012,8.704786757258889
8.920789888464375,8.884827912939237
9.243001154215731,8.927884080657119
9.600150240473774,9.93415824788922
9.086589564540008,8.921683293825538
8.504513138258863,8.509330969525385
9.177403871729918,9.151374411671434
9.47324295306374,9.297660579881274
9.339524830357009,9.160806594457501
9.019058793810718,9.095873002777493
9.239510749275963,9.318708321098331
7.883823214892152,8.14518757946513
8.481151420068972,8.421690271138175
9.477003077203888,9.997257804027495
9.6097203364284,9.863722549584004
8.856376036730422,8.606709523288949
8.789050713521046,8.550989776830514
9.33820574297408,9.418139247968124
9.038365107236372,8.943822722865056
9.014447135152134,9.43158884194085
9.461254720235749,9.667480746618327
9.815912380280174,9.984768895338535
8.567315800819449,8.519767505108115
9.902286831959607,9.984113882645058
9.09873819539488,9.383205237649356
9.803998654035386,9.429361798783027
7.535296702444088,8.046018657672729
8.17695386822578,8.390424331902878
9.516058806914062,9.645384985091708
9.199683791787654,9.2430325212453
9.434763104788772,9.424645707389994
7.8547691834991324,8.081476678146277
9.348274558065496,9.396785834160777
8.414717399827001,8.377586083110732
7.436617265234227,8.056455193255461
8.408939605975984,8.436842898113941
9.153558357877198,9.175697216355877
9.172119159155985,9.144256607068986
9.495293724856706,9.434514565305046
9.777187096419954,9.604730530583241
7.7702232041587855,8.100996056411889
7.81923445385907,8.100996056411889
7.698029170272805,8.085494089332936
8.540714386457584,8.354529636300345
9.460554194813056,9.433117204892294
9.050288983827956,8.77417443525454
8.323365694436081,8.34051236465994
8.939974177289633,8.72941523453362
8.432288684325794,8.448895131673916
8.139440521874608,8.224356780350037
7.938445551164788,8.165143632859726
7.700295203420117,8.076542249188751
8.628376720376853,8.364485829241193
9.49799744411546,9.5633773958684
9.70759431571208,9.714030315368085
9.314790473332646,9.146439982713908
8.28349412616251,8.277718481111954
8.503499864284235,8.399114166969673
9.630694092578098,9.7617589069661
9.287394001418471,9.342638118166686
8.056426767522984,8.220994381856856
9.79968138381054,9.698222675698844
7.803843303538772,8.10575581531782
8.3030093814735,8.300076247715966
8.65834547117212,8.563216680442084
8.051659556841953,8.291342745136275
9.21632244365373,9.291983803204474
8.94102198354136,8.682603660706471
8.656781205623291,8.555793203249346
9.76927021041632,9.770012066903911
9.273690687476943,9.324865440417014
9.73867186987184,9.917040582833025
8.729073550451737,8.666141008343752
9.142810715182584,9.01884351002461
9.010058489805235,8.783431947989014
9.14580185083861,8.86631288747029
9.557469903071384,9.48145714167089
7.502186486602924,8.04737235057258
7.45876269238096,8.048027363266058
9.780867838988218,9.735602066739924
9.914328575714002,9.825775480875244
8.748939631537715,8.484047479557177
8.771059915373288,8.530247708203746
9.412055975876772,9.388139666606882
8.890135107818843,8.723913127908414
8.9237243977064,8.958538674711837
8.835646922534773,8.587364815074931
9.570040734716605,9.647393690685035
8.652248422409102,8.775964803283378
8.255568653283746,8.36828490286336
8.304742269640771,8.29234709793294
8.619569258033104,8.608587226343582
8.282735880201754,8.262915194239376
9.545669097895315,9.681323348207139
7.335633981927201,8.037372490118834
9.718241724224926,9.81084119146397
9.425935505533063,9.23229031307228
7.615791072035833,8.08820147513264
8.995412975433313,8.703476731871936
8.517593111437565,8.47142756832952
7.575071699507561,8.065712705989935
9.761290146826328,9.77232644508753
8.57300625623545,8.703040056742951
8.665957964681349,8.585749117097688
9.53625709465788,9.519797217995738
9.425209786838147,9.339581392263796
9.574705669198922,9.560451672504204
8.678801706612651,8.713214587248292
9.030376034755909,8.827929143632545
9.648466262323897,9.753156406925106
8.19063168090354,8.276059115621813
8.163656176168432,8.171999432384784
7.622663951323595,8.114096310281427
8.894944460956886,8.442650677329436
8.722905701000768,8.693913546547172
8.533263371593732,8.315883887385208
8.191463051326927,8.274137745054281
9.51199931135876,9.64302693939519
8.708804795117285,8.610726934475608
8.508354242749032,8.6506390412648
9.564652526725729,9.750405353612502
8.813289762469037,9.004302228229422
7.96311205897929,8.164532287679148
9.70625538300642,9.385519615832974
9.671996759734087,9.626913627135659
8.36474106822456,8.536754167625617
9.122819774446688,8.757362442788635
9.557964480394498,9.641149236340556
9.32232887392423,9.138405160340593
8.332308352219117,8.231387249926689
8.28828304520769,8.289596044620335
7.84971375760487,8.05051641150127
9.667132107249689,9.343642470963353
9.0953783535065,9.363729526896643
8.690305809124883,8.575705589131042
9.086136768516877,8.993691022595097
8.305731144875866,8.320163303649258
9.458137510729047,9.25779214060498
9.330431852234003,9.334428625741777
7.828834527588089,8.17413914051681
7.443078374348516,8.060778277032409
8.61558951327243,8.51933082997913
9.24725072599628,8.944914410687518
9.357639058997062,9.730449300217906
9.074978734045509,8.761641859052684
9.039670667922676,8.951551872648084
9.193601047971883,9.113340007936877
9.698245312357605,9.67874696494613
9.849506438669614,9.639184198260125
9.375006993531416,9.234561023743
8.556990661290303,8.796095526729568
9.823578169307826,9.87717214355673
9.55669221559184,9.646564007939965
8.02322468471667,8.212522884354554
9.239122173401634,9.106527875924716
9.04085606398372,9.14499895478826
8.260492856573185,8.286757656281935
9.43747594455993,9.157793536067508
9.625293657956655,9.797871940133128
9.799182035726814,9.705471482839988
9.700085352130934,9.93328489763125
7.509883061154913,8.080996335504395
8.17131687471973,8.285098290791794
9.35218709620442,9.0701091701674
9.47792177272096,9.276350833586825
9.024974184996005,9.017926492253743
9.520761931397454,9.831932600193927
9.119758993744943,8.952381555393154
9.191565216649847,9.185347736706436
9.39474309497396,9.23285799073996
8.584103896698863,8.510509992373642
8.718990524710849,8.967272177291528
9.52427481557203,9.416741887555373
8.557374981049069,8.468021502323442
9.723403490682363,9.943328425597896
8.058643712215618,8.310818455888986
9.592946185938263,9.366742585286637
9.259511415982631,9.514469781422125
8.915029272359911,8.618063076642548
8.192570471152173,8.22488079050482
9.109082539901957,9.18949615043179
9.077151777732436,8.906618001875568
7.803843303538772,8.118332059032577
9.482807278621484,9.531805784042813
8.267192185932146,8.37762975062363
9.706011747970496,9.802064021371379
9.19085169539232,9.327136151087734
9.470933838737231,9.498312801649696
7.844632644464681,8.087328124874672
8.8934354408475,8.774392772819034
9.712871692917354,9.626913627135659
8.73052880173936,8.86408584431247
9.301368670323749,9.244953891812834
8.30622521603216,8.261474166313727
9.123692565250511,9.452636583157906
8.780787468338929,8.644874929562203
9.548168831368535,9.78791574719228
9.751675801946746,9.553595872979145
9.982067652658984,9.921800341738956
9.234154550075438,8.967621517394717
9.00146947994869,8.97971741846759
8.552753366814787,8.470466883045756
9.42084437974393,9.463990136511507
9.747126097411703,9.869792333876891
9.867238419861009,9.970183946030449
9.275378768155404,9.01032834500941
9.93740577073959,9.59852974375166
9.23620303150191,8.981944461625412
9.46242117318499,9.40665469207583
9.534378481388618,9.673157523295128
9.57519179719905,9.471631951268737
9.485696794737327,9.382681227494574
9.660842578559068,9.657611888703276
8.430545384690566,8.386057580613032
9.664151101014628,9.996471788795322
8.437933510430605,8.456274941353756
9.249272581977973,9.251198346157313
9.112396727646056,9.173994183352836
9.429957713513836,9.621236850458859
9.468696615046134,9.42508238251898
9.287764268940986,9.055567888372215
9.67161854490356,9.841233780441298
7.605890001053122,8.092000548754806
8.185907481482324,8.414266793945437
7.911324018963353,8.156366462767135
9.47730940283042,9.795513894436612
8.117312461601975,8.297849204558144
9.88608703785596,9.98324053238709
9.059168584174444,8.935351225362755
9.292841593487926,9.119890134871646
7.961718815981363,8.124401843325463
9.616804980417433,9.378314476204729
9.46179923427044,9.639489870850415
9.054504940418054,8.879806148955915
8.477412321404392,8.375533710004504
9.536617962187329,9.193469894105549
9.06230429314878,8.664044967724626
9.242517103671403,9.32071702669166
9.743084031043104,9.517351837273424
8.15708378502887,8.25265332870824
9.596758567164112,9.680581000487866
9.66770192587285,9.315476925143845
9.148145768383063,8.943080375145783
9.532206456208034,9.461850428379481
8.519789817263504,8.45640594389245
9.080687163749312,9.008319639416081
9.811920359010635,9.591062599046023
8.556029215201436,8.458851324614765
9.101306450952048,8.986922558095836
9.790094865181038,9.976472067887826
9.674388804183245,9.639358868311719
7.856319571406588,8.226365485943367
9.337325383730672,8.981333116444834
8.164225652265827,8.31186647619855
8.441391477999955,8.331342186951263
8.630700432209832,8.5882818328458
7.995643604287271,8.266277592732559
8.713746330456916,8.874129372279114
9.52369019117654,9.208928193671603
9.55768189473384,9.365563562438378
9.512221163827776,9.442112712549378
9.443038136095204,9.34538917147929
9.201602306032898,8.786707011456398
9.172638504792172,8.891465374899804
9.468928284223589,9.060152977226553
9.87302834505142,9.934070912863422
9.779680156808055,9.992585380147359
8.313852267398207,8.356756679458167
8.384118837190895,8.36461683177989
9.312084355859469,9.138885502982475
9.44809663565824,9.36185182384201
9.717459133810848,9.979179453687532
9.494767151707292,9.363074514203166
8.19863945529737,8.348547187033256
8.62515033292133,8.534832797058085
8.382518288089635,8.458894992127663
9.42633845512952,9.211111569316527
9.272469743441732,9.46530016189846
8.754476306284166,8.54173226409604
9.078179468373843,8.830549194406453
9.79701530802561,9.754946774953941
7.980365765111246,8.12763323927995
8.513385953073284,8.53496379959678
9.330609204367128,9.22774889173084
9.328478899993224,9.104213497741098
9.953134492425542,9.935948615918058
8.450198322591959,8.671730449994755
8.772920092626467,8.905875654156295
9.60642831827175,9.430235149040996
9.307194813340065,9.501500530091283
8.863898604317479,8.603609129873158
9.651301315769189,9.5009765199365
9.320628725870304,9.1948672545183
9.41654120256008,9.533683487097449
9.378393956972433,9.49617309351767
9.561349294288288,9.60390084783817
8.255568653283746,8.19226115836967
9.457512901089752,9.473596989349167
9.762730114819863,9.875425443040792
9.369052063131004,9.72411751084763
9.515985144802135,9.704423462530425
9.486076373409563,9.695253284821748
9.103756886573398,9.181330325519777
9.51980839774982,9.42534438759637
9.196951134857168,9.075305604202319
9.25272913846797,9.404514983943804
9.72597441673448,9.772632117677817
9.275472466913964,9.24731193750935
9.369734424126433,9.42276800433536
9.67589662629464,9.846168209398824
8.65817178467581,8.589897530823041
9.21492982430999,9.212115922113192
9.513034202048402,9.870709351647758
7.467371066917559,8.07571256644368
8.726156679156613,8.683084003348355
9.29660980712836,9.123296200877725
7.910590612256477,8.180252592322594
8.731336360533149,9.218142038893179
8.915029272359911,8.558587924074846
8.4767877767812,8.449681146906089
9.173365135851288,9.010241009983613
9.431642228411022,9.7107552519007
9.083415678402517,8.96749051485602
9.58795455192857,9.878132828840496
9.736488011839958,9.6909302010448
7.358193752733032,8.150165675935554
8.489410810403786,8.50177648979395
9.313799080344412,9.115829056172089
9.444067716830038,9.473989996965253
9.531481398171628,9.731409985501672
7.869783902530146,8.142960536307308
9.24619002486988,9.306263079922271
9.393994374003915,9.42844478101216
9.714866193593643,9.814334592495847
9.035629778183564,8.793388140929864
9.93585793256658,9.928306801160826
9.385889044482708,9.078842672747093
9.308736693832376,9.216526340915935
8.498010371999463,8.395446095886202
9.490242257109,9.55743861411421
9.54831148472113,9.508749337232427
8.636042325254618,8.557714573816877
9.196951134857168,8.890766694693427
9.287671714912506,8.947578128974325
8.304494897963567,8.508501286780314
9.338557669776936,9.296175884442727
8.72729202920964,8.634351058953674
9.621920081084202,9.990707677092725
9.341719450032562,9.161898282279964
9.23366619727968,9.079672355492164
9.28887424963029,9.27678750871581
9.431722372670732,9.430235149040996
9.806976652155283,9.618267459581764
8.444622498581403,8.336931628602265
9.40426106461349,9.561587027839563
9.52500511575785,9.575211291863882
8.992184362173012,8.881814854549244
9.351405812254786,9.358052750219844
9.441055188786711,9.631149375886809
8.55159461813357,8.40653764416241
9.515837804297965,9.235303371462274
9.58911921482184,9.773549135448686
9.65200882504456,9.866255265332114
8.453827315794417,8.51906882490174
7.899524472032198,8.19562355686285
8.7937637591133,8.558587924074846
8.727940222393896,8.69627159224369
8.332789468417959,8.23422563826509
8.59044365315583,8.568893457118882
8.240385115516334,8.332695879851116
8.60300384782935,8.616971388820087
9.267759862843668,9.188404462609329
8.085794701281568,8.275709775518626
8.95712413640568,9.028625032913865
9.561701221091148,9.717087041270977
8.555066843844319,8.460729027669398
9.19624144759668,9.184037711319482
9.743494841225235,9.905861699531018
8.612139668725192,8.418633545235284
8.55159461813357,8.426581032582803
8.769507120030227,8.446624421003197
9.152393412021333,9.14355792686261
8.23323750070527,8.331080181873872
8.661985936317778,8.485532174995724
8.635153989049803,8.4777156901869
8.325063693631197,8.32090565136853
7.916078096302786,8.23278461033944
9.51804563563343,9.292551480872154
9.2681374707024,9.281372597570149
8.862766742283796,8.782645932756843
9.57692604202343,9.358882432964915
8.389814262086407,8.309071755373049
9.227689010310796,9.271198067064807
9.753420191271506,9.701847079269415
9.889439336810067,9.9602714206025
9.089414904047302,8.916967202432504
9.464672464746409,9.336306328796411
9.691345759329694,9.907346394969565
8.655562860681009,8.38531523289376
9.35331454092729,9.209495871339284
9.927350552800656,9.920446648839103
8.971448463693834,8.861553128564358
9.602179736502537,9.72892093726646
8.175547596021026,8.222959419937286
9.529884417576708,9.620800175329874
9.11195547005478,8.85412965137162
9.19136140537838,9.082510743830564
9.81109810324278,9.740798500774842
8.863757191604241,8.702647049126865
9.218705288307811,9.313511887063415
9.64956257688248,9.55883597452696
9.276221741089696,8.89867051452805
7.832014180505469,8.231125244849299
9.799792316197363,9.622852548436102
8.997023381479709,8.802296313561149
9.677715549868228,9.598442408725862
9.29228895462335,9.140020858317834
7.493873886783559,8.114794990487802
9.331672657143708,9.202378066736834
9.530900972993903,9.587612865527046
9.092569836241674,9.328402508961789
9.147400572202308,8.947316123896933
10.039416069760373,9.979266788713328
8.39049553837028,8.365621184576554
8.451480648050856,8.431602796566127
8.442038517815478,8.378939776010585
9.21453157659465,9.00355988051015
8.224163512637862,8.217719318389472
9.444146871458646,9.396480161570487
9.20833836930551,9.208491518542619
9.334944535200714,9.169758434601686
9.218804450388312,9.047489398485999
9.522446728338489,9.693375581767114
8.380456667842767,8.351385575371657
8.263332667439967,8.361603773389895
8.834336974017637,8.760244498639933
8.033009498596668,8.229247541794665
8.698681067461614,8.731511275152746
9.3200912359353,9.025262634420683
8.549853973655786,8.478632707957766
8.643473357326567,8.550727771753124
9.551586907757695,9.635254122099264
9.255504923930555,8.730070247227097
9.20552881497896,9.207181493155666
8.440528106480752,8.503610525335686
9.248214024404264,9.140064525830734
8.94389780251682,8.75325769657618
7.999342952713282,8.158549838412059
9.428993858017527,9.380148511746464
9.603732898850078,9.480671126438718
9.60911649193355,9.996471788795322
8.798001694924846,8.565138051009615
9.526682784921174,9.788090417243872
8.37655086161377,8.259421793207501
8.971067438732089,8.663040614927962
8.766082459148864,8.727799536556377
8.91018077801329,8.633215703618314
8.68169016329764,8.659590881408983
9.10286651367095,9.076746632127968
8.502282578680484,8.454178900734629
9.442879644930755,9.213469615013043
9.608915129379591,9.69237122897045
8.874308038583354,8.63587942190512
9.808407346285858,9.880796547127302
9.627140989748092,9.669183779621367
8.714895850248494,8.748454270157348
8.149890544402423,8.22029570165048
7.362010551259734,8.051782769375325
8.823500727991183,8.739720767577657
8.406708458240965,8.483130461786308
9.46769209462013,9.474514007120035
8.445052513638554,8.40029318981793
8.46674164792014,8.383655867403618
8.921190556249368,8.65146872400987
8.958025443361693,8.647363977797415
9.73554216168668,9.987170608547949
9.333884558067638,9.183033358522817
9.560997243589352,9.550801152153644
8.239593454305968,8.287412668975414
9.042631527550071,8.992293662182346
9.789702763229508,9.957520367289895
8.840580188488795,8.775266123077003
9.3729692954244,9.182465680855138
9.14569517848265,9.054126860446566
8.709134991587183,8.519156159927537
9.576787413063618,9.656389198342119
9.649369196922487,9.833286293093778
9.763708110007842,9.457047001960651
9.049936850483158,9.311415846444289
9.352620879232951,9.422331329206376
9.865733762924211,9.89586183907727
8.902047345620277,9.016441796815194
8.640295388550221,8.465401451549534
9.29302573859479,9.262027889356132
8.789812386190972,8.462781400775626
8.006367567650246,8.12226213519344
9.585895949678203,9.494033385385647
7.850103545175582,8.190601792879528
9.732877151670184,9.676345251736715
9.262078567380597,9.224604830802152
8.696677393390031,8.546710360566465
9.791438048727503,9.663900010560655
8.92771217382708,8.582168381040015
9.51162944783418,9.513989438780243
9.5591645793702,9.473116646707284
8.63141433550626,8.489767923746875
9.343033913701648,9.159059893941564
9.224834818126634,8.885875933248801
9.723822464203383,9.778046889277228
9.40968291310444,9.403641633685835
9.605687801896062,9.585036482266036
9.200593020521303,9.118187101868605
8.114922974204593,8.229509546872055
9.820214633342308,9.743156546471358
8.880724576151456,8.717974346154223
9.475776835480644,9.409405745388431
9.834619673237327,9.731235315450078
7.919719760924575,8.206933442703551
7.506591780070841,8.033442413957973
8.798907492088226,8.77448010784483
9.559305672844864,9.90891842543391
8.58316818033977,8.440991311839294
9.464827539570322,9.426741748009121
9.63756697186586,9.86044748611662
8.885579291282982,8.702254041510779
9.095266164130717,9.205958802794509
8.766550149546351,8.656970830635077
9.264733855806517,9.177400249358916
8.11312710422178,8.254749369327365
8.834919385216395,8.659590881408983
9.207837241758064,8.98539419514439
9.211739392889893,9.130108332889884
8.865876285425417,8.646446960026546
8.708474489581665,8.849806567594673
9.68121861863258,9.893678463432348
9.775654181026242,9.935817613379362
8.616676469901188,8.425751349837732
9.343296599224807,9.260499526404685
8.883640232503673,8.544221312331253
9.579487217410236,9.505910948894027
9.732995747495751,9.601979477270639
9.121071904218,8.883474220039385
8.690474003558043,8.62282283554848
9.305741456739437,9.536041532793964
9.654320816312682,9.907040722379277
8.513586695822125,8.300949597973935
8.722580021141189,8.657058165660873
8.97853441008332,8.60356546236026
9.522958929717996,9.433204539918092
9.727585347544355,9.684161736545539
8.52456594574565,8.621556477674424
9.606226413637351,9.205041785023642
9.424160595829507,9.370017648754022
8.506334448081361,8.684175691170816
8.57583938684897,8.445052390538851
9.40960098282706,9.487352255912182
9.379154445411636,9.469754248214103
8.5422759717837,8.456798951508537
9.541584681053092,9.641498576443745
9.120415664448196,9.25098000859282
9.422220731011684,9.6937685893832
8.925986089617076,8.750462975750677
8.114623886420098,8.360119077951348
9.389991700214258,9.356044044626515
9.18512512283512,9.284822331089126
8.192570471152173,8.289814382184828
9.237371711027214,9.079847025543758
8.701013624333928,8.459113329692155
9.27284557732758,8.96949922044935
9.343209045050608,9.189627152970484
8.58858318750291,8.409856375142693
9.594241302168507,9.618573132172052
8.182559264068665,8.315316209717528
9.749753452594089,9.64328894447258
9.494240301132503,9.81481493513773
8.98205864280585,9.000939829736241
9.04981944514108,8.719328039054076
7.960323629148839,8.147676627700342
9.511925349596956,9.763942282611024
9.326522126265592,9.095217990084016
9.262932822095353,9.239713790265018
9.30182506209836,9.60163013716745
7.753194269884341,8.045057972388962
8.301025253838453,8.281997897376003
8.57810012631976,8.781772582498872
9.595058406939556,9.302070998684018
8.47886807709457,8.470685220610248
8.278428259199071,8.401646882717783
9.399720293137584,9.231242292762717
9.29605924737872,8.971071250913695
9.267004219093725,9.500932852423603
9.662625450728235,9.710667916874904
7.778211474512493,8.222479077295404
9.312084355859469,9.359100770529407
8.593598522618644,8.479200385625447
9.60177416667137,9.917215252884617
8.110727582974489,8.26649593029705
9.916946572220285,9.981930507000135
8.786914938491025,8.648455665619876
8.219864741912652,8.536754167625617
9.473627287593242,9.469317573085117
8.025516386489008,8.244749508873618
9.209640126861787,9.219888739409118
9.281078386481523,9.027577012604302
7.479864131165026,8.08339804871381
9.370757093382087,9.332681925225838
8.045908742270779,8.297674534506552
8.456168489578463,8.397542136505328
7.650644551436897,8.065101360809356
9.745194973541537,9.810622853899478
9.41930385971656,9.146090642610721
7.523481312573497,8.062350307496752
9.140239744296691,9.12373287600671
8.21851757748959,8.331778862080247
9.95065735701252,9.904333336579572
9.333354147871328,9.846430214476214
8.631235907456897,8.414528799022829
8.34924780056679,8.287281666436717
8.890135107818843,8.965132469159505
8.996899596123358,8.927927748170017
8.163656176168432,8.197195587327196
8.549466751966532,8.454353570786223
9.95802308518414,9.978786446071446
9.506660032823548,9.358271087784336
9.432523462195268,9.290062432636942
9.089302043599126,8.801946973457962
8.755422380148488,8.705398102439467
8.366602832783736,8.25038261803752
8.6652683094816,8.524963939143033
9.733944008101387,9.681803690849023
8.973097896282471,9.028188357784881
9.11679862756782,9.041594284244708
9.177403871729918,9.131025350660753
9.826228466989177,9.934376585453712
9.50576737487541,9.69494761223146
9.505618521049591,9.498094464085202
8.512180649592693,8.553042149936742
8.654517382279456,8.401297542614595
8.597666575566114,8.671817785020552
8.802672840312818,8.657363838251161
9.750161532583428,9.83070990983277
9.137769679141348,8.85046158028815
9.437555622660446,9.642022586598525
7.671826797878781,8.094882604606104
9.751617603198,9.98402654761926
9.375515769935166,9.076484627050576
9.639847474564585,9.932105874782993
8.541690663016626,8.47745368510951
9.303466349965667,9.06783845949668
9.35686202463895,9.476872052816551
9.558176367247713,9.842369135776657
9.016876974763385,8.672385462688233
9.277531621516506,8.886530945942278
9.425451751593128,9.669838792314845
9.082961442646353,8.894915108418783
8.487764380725425,8.57151350789279
9.867342105899777,9.91656024019114
8.830250570199247,8.816226250175758
8.625688787569537,8.482606451631527
9.602517585757411,9.548224768892634
9.89500164888583,9.736955759639777
8.951440100949855,8.730681592407675
9.592741540485797,9.358576760374625
8.637284671674058,8.64408891433003
9.595262578853015,9.4670468624144
9.076466063419854,8.910679080575125
9.24725072599628,9.051812482262946
9.429395577381786,9.291721798127083
9.278279354984376,9.069235819909432
9.189218875354072,9.187050769709476
9.4478600892349,9.359275440581001
7.40671073017764,8.055974850613577
7.59890045687141,8.127851576844442
7.557994958530806,8.087022452284382
9.171495588152617,9.032118433945742
8.584851839890053,8.6024301070249
8.150756470275551,8.24837391244419
8.945984124827898,8.844129790917874
8.890961212781146,8.720201389312045
8.700847193443972,8.555531198171954
8.520587424484253,8.4436550301261
7.9229859587111955,8.141039165739777
9.5551350238842,9.758745848576108
8.296795865770052,8.284224940533825
9.245900547374733,9.955511661696566
8.280711075662847,8.224618785427428
8.917176635955164,8.691337163286164
9.23863624113103,9.383598245265443
9.291090521661292,9.38704797878442
9.231318778361375,9.16766239398256
8.394347361417392,8.339551679376173
9.771440771615795,9.688484820322486
9.090317329376452,9.196351949956847
9.61025678115393,9.22491050339244
9.434842999328025,9.675035226349761
7.22402480828583,8.037809165247818
8.460199469896118,8.521688875675649
9.353661191420406,8.876443750462734
7.931284761525891,8.169030041507689
9.245707515813471,9.763418272456244
9.035034150076132,8.79574618662638
8.981430225767635,8.827317798451967
9.883029710633732,9.842369135776657
9.088624613292088,8.985699867734679
9.727346854817254,9.715951685935618
9.30446803470088,9.016092456712007
8.805075243870684,8.453785893118544
9.127936545721369,9.084519449423894
8.776784383701493,8.69932831814658
9.443671849677882,9.302114666196918
9.257319373170178,9.098231048474009
9.619465440915834,9.815906622960192
8.052933036797567,8.231168912362197
9.096163326913784,9.148405020794339
9.30546871706776,9.357179399961874
9.718241724224926,9.909617105640287
9.673885691160873,9.742981876419764
9.742320649814571,9.799924313239355
9.454853949026583,9.648791051097787
9.74090979777877,9.91092713102724
9.80857229473984,9.949791217506869
8.165079258805068,8.195798226914444
9.385469458188632,9.196133612392355
9.264544425989694,9.464121139050201
9.846705538437144,9.932236877321689
9.651236971915612,9.724772523541107
9.488275092973083,9.053952190394972
9.366146823114384,9.256613117756721
9.479909389001037,9.422637001796666
8.898502209646642,8.692603521160219
8.805674944038582,8.5882381653329
9.531118671917154,9.435780923179102
9.24753981296529,8.896705476447618
8.35490952835879,8.354180296197157
8.97979449089521,8.760681173768917
9.668587665523315,9.732501673324133
8.970686268534983,9.15770620104171
8.104099056143582,8.34640747890123
9.583970756564328,9.416174209887693
8.723882104658486,8.778846859134676
9.079662048334066,8.812907519195475
9.602112152952344,9.831190252474652
8.86953877719374,8.602954117179682
8.420682291035394,8.36374348152192
8.08794755464267,8.177588874035788
9.23834456838578,8.970983915887897
9.43276366396591,9.2855646788084
8.905851181208021,8.782864270321335
9.0994088112689,8.973472964123111
9.540075680658964,9.954900316515989
8.671629544720656,8.482693786657324
9.40705780905387,9.033079119229507
9.004913941467132,9.065873421416251
9.835690394470303,9.859093793216768
8.229511118964457,8.244312833744633
9.630497028827335,9.72272015043488
9.279866434624791,9.257093460398606
9.374667665397858,9.239626455239222
8.319717386850606,8.342259065175877
9.554851637414007,9.803636051835724
8.900957872545062,8.868015920473331
9.10642325855641,9.195871607314965
9.201602306032898,9.182989691009919
9.754871528207344,9.902673971089431
8.446126742982377,8.261037491184743
8.940498217652733,8.625792226425576
7.586803535162581,8.112218607226794
9.642836819135375,9.528137712959342
8.953510763007166,8.650770043803494
8.357024439263416,8.318591273184913
9.49634604004702,9.611761000159893
9.321971188147367,9.212072254600294
9.768240403128102,9.897215531977123
8.463792414689122,8.433436832107862
8.24800570160062,8.518413812208264
9.03025631012242,8.70814915575207
9.218705288307811,9.259407838582224
9.276689752517717,8.922862316673795
9.619332585860503,9.722589147896183
9.705158557596356,9.645559655143302
9.077722847361343,9.04687805330542
8.475746001502063,8.427323380302077
9.253304071408298,8.922643979109303
9.485089169016064,9.621891863152335
9.192787212728591,8.812820184169677
8.373553741214627,8.39352472531867
8.459564078579602,8.455183253531294
8.127995055771946,8.196584242146617
9.747535250762242,9.418663258122905
9.894396352524348,9.81031718130919
9.573941275985648,9.589970911223562
8.315321775377567,8.313962516817677
9.605553103619997,9.723986508308935
9.179881164491476,9.11124396731775
9.642252650099197,9.44770215420038
9.521055143538536,9.304647381945028
8.775858314797526,8.51570642640856
9.436280010592396,9.719838094583581
8.422662707570003,8.373961679540159
7.640603826393634,8.07488288369861
9.770298958292384,9.807653463022383
9.037533407550814,8.76570293775224
9.605687801896062,9.490408981815074
9.608243627877057,9.725864211363568
8.735525185733225,8.67950326729068
9.169622538697624,8.834435603054416
8.071843149609158,8.229334876820461
7.890582534656536,8.091694876164517
8.900412690577083,9.078493332643905
8.19450550976564,8.181431615170851
9.28933637820268,9.158011873632
9.25272913846797,9.216570008428835
9.361859019615093,9.262857572101202
8.91798070997329,8.767929980910061
8.305484017727691,8.267412948067918
9.273784544532717,9.325214780520202
9.453051228782922,9.36469021218041
9.47516315028188,9.704423462530425
9.75411709588186,9.893503793380754
9.202207388745991,9.243469196374285
8.387539983189367,8.32239034680708
9.17812704961153,9.048144411179477
9.149740749847252,8.873911034714622
8.591186871324563,8.579985005395091
9.40705780905387,9.10216112463487
9.271435471335993,9.28814106206941
8.52674740422105,8.71810534869292
9.124019665509657,8.940154651781587
9.424160595829507,9.120501480052223
8.8065738205036,8.586753469894353
9.677151410322754,9.248665630409203
8.626585568187433,8.407760334523568
9.335297611380566,9.428663118576653
9.860840977814656,9.777653881661141
7.700747794511798,8.076105574059767
9.819181603482871,9.988131293831715
9.32349046990884,9.361327813687227
9.35668926831132,9.118973117100778
9.507403306233716,9.665952383666882
9.13583231980112,8.824130070010378
9.562404703357233,9.599010086393543
9.7717830615387,9.987257943573747
9.653550746326603,9.9375643138953
8.644178203170727,8.562081325106723
9.180293450623886,9.132553713612198
9.441213969352305,9.817871661040622
8.612139668725192,8.640027835630473
9.220686664030326,9.202116061659444
8.930626469173578,8.744480526483589
9.34233308143468,9.203251416994805
9.35105837891506,9.308446455567193
9.561701221091148,9.785776039060254
9.78109390432206,9.92765178846735
9.36691667901828,9.431938182044037
9.502338118495564,9.17617755899776
9.39424400995279,9.299712952987502
8.82776136765472,8.830330856841961
7.919356190660617,8.188898759876489
9.606226413637351,9.685428094419594
8.68406264365127,8.742559155916057
8.27410200229233,8.391035677083456
9.572062557136428,9.928918146341404
9.845222644404153,9.857303425187931
9.106201332235038,8.906443331823976
9.386476169683052,9.411108778391473
9.014811987694946,8.784610970837273
9.030376034755909,8.732471960436513
8.120291313968561,8.324442719913307
8.757783656334167,8.634962404134253
9.692519577152051,9.675166228888457
8.920389060080359,8.755834079837188
8.345692873253865,8.30134260559002
9.410174353854767,9.088929868226638
7.831617276352611,8.15710881048641
8.27614021955846,8.508108279164228
9.421411342056125,9.606520898612079
8.40200678160712,8.325010397580986
9.71878315904038,9.716999706245181
9.387062950369655,9.598748081316153
9.166388484447,9.092161264181124
8.77863395266279,8.570727492660618
9.60642831827175,9.376524108175891
8.845777255188445,9.34028007247017
9.860005773924168,9.78957511268242
9.280798835624744,9.242159170987332
8.860215358901183,8.678193241903728
9.521128433142438,9.620800175329874
9.011767474596178,9.202640071814226
8.610683534503575,8.448545791570728
9.42577428022034,9.672371508062955
7.650644551436897,8.076673251727447
7.406103381237015,8.049774063781996
9.600624158088683,9.78363633092823
8.629449873761905,8.989280603792352
8.301521654940728,8.308853417808557
9.13075589263334,8.896792811473416
9.28933637820268,9.15320844721317
8.872487182278038,8.84447913102106
9.37526141408997,9.184081378832381
9.71794080038648,9.970795291211028
9.461099090323366,9.410235428133502
9.736369829484444,9.949136204813392
9.474165107897395,9.16565368838923
9.623244409181346,9.575342294402578
9.84283480532418,9.899180570057554
9.186355009225672,9.061244665049013
8.714403360703942,8.56356602054527
7.631431664576906,8.074970218724408
8.926783114101351,8.687014079509217
9.191463316206494,8.840330717295707
7.762596048540069,8.14802596780353
8.76170676846664,8.565443723599905
9.038602608721874,8.992337329695244
9.425935505533063,9.354908689291154
9.242807562113684,9.420147953561454
9.795902341856191,9.629228005319277
9.804385191492916,9.760579884117844
9.54638394530584,9.94634148398789
8.14177220465645,8.27330806230921
8.607764889600624,8.635224409211643
8.51097389160232,8.291735752752361
7.544861068658458,8.06243764252255
8.40290404501411,8.340468697147042
9.850086775809013,9.942455075339927
9.570668634412815,9.390235707226008
9.681156171322476,9.702720429527384
9.44809663565824,9.836517689048264
9.627997520849709,9.801889351319787
9.651236971915612,9.49962282703665
9.64277192831416,9.72979428752443
8.818926087090677,8.584351756684937
8.754160749323518,8.734699003594333
9.755625391793744,9.618835137249445
8.295798110636145,8.271255689202983
9.132486932771318,9.10360215256052
9.08421009483197,9.054214195472362
9.567385247481797,9.5378755683357
9.592741540485797,9.532591799274986
9.402117087540892,9.881320557282084
9.102977853647683,8.970459905733117
9.62535969288916,9.53250446424919
8.567125560164447,8.433873507236846
8.705662478796427,8.442126667174655
9.580937944755272,9.746431609938742
8.580355766373877,8.52928702291998
8.994296557777195,8.674874510923445
8.774931387494947,8.982512139293092
9.097395612960048,9.323337077465569
7.8709295967551425,8.138768455069057
8.857515151192198,8.61522468830415
9.36340474770302,9.481238804106397
9.713053175631623,9.690187853325526
8.008032846969307,8.09584328988987
8.935377071932177,8.879762481443016
9.83729432980133,9.839792752515649
8.980423936374544,8.811859498885912
8.992806059426483,9.052598497495119
9.693321922512176,9.666432726308765
9.89917828094803,9.854770709439821
9.636457419815208,9.669227447134267
9.00663173330058,8.743694511251416
9.377971213360134,9.428095440908972
9.724360886638692,9.745296254603382
9.351839934249885,9.202203396685242
9.537411412656336,9.844377841369987
9.37526141408997,9.13194236843162
9.684709458731556,9.532810136839478
8.244334047856094,8.275229432876742
8.442254104751743,8.479418723189939
9.738200088297951,9.83180159765523
8.06777619577889,8.283176920224262
8.97055917950895,8.974957659561658
9.320001626185702,8.86517753213493
9.277344600756656,8.928757430915088
8.440744019252831,8.467890499784746
9.605148899895818,9.346480859301751
9.235813167949214,8.917578547613083
8.789507786736896,8.713389257299886
8.182000136293405,8.28352626032745
7.767687277186908,8.07291784561818
9.126958763037132,8.82718679591327
9.037533407550814,8.672778470304317
7.656810091480378,8.079598975091644
7.796469243086058,8.212697554406148
9.821789308551622,9.784422346160403
8.85893722196655,8.73142394012695
8.575650760987806,8.655005792554645
9.920295504185496,9.961450443450758
8.830543010616596,8.615006350739655
8.701180027529253,8.523435576191586
8.87360810154911,9.031507088765164
9.44137272471063,9.272420757425964
9.038246335337664,8.885482925632715
8.55333223803211,8.663608292595642
8.01102337918644,8.180689267451578
9.023769800892811,8.749109282850826
8.08301991917133,8.20073265587197
8.442900586834382,8.406886984265599
8.675563527387679,8.688760780025154
9.508814005506162,9.373554717298797
8.005700678662542,8.319246285878389
8.97727273946428,8.717406668486543
8.999248901686114,8.814610552198515
7.8804263442924,8.139030460146447
9.786279351630586,9.819225353940475
7.669495251007694,8.105362807701734
9.161465204194046,8.950591187364317
9.195226734166134,9.192116201205698
8.921857979353632,8.780593559650615
9.368113055848724,9.469317573085117
9.82817115822668,9.910053780769271
9.62331057957012,9.715733348371126
7.529943370601589,8.039293860686366
9.103423089630104,8.752253343779515
9.269646477873591,9.211067901803629
9.63135069141981,9.553421202927552
9.425451751593128,9.788221419782568
9.643355794171352,9.452723918183704
8.685922794690725,8.443480360074506
8.970177815492379,8.943866390377956
9.322239464473592,9.26971337162626
9.497847429113676,9.346786531892041
9.270117576012044,8.912949791245845
7.718240951959316,8.129205269744293
8.879889967673464,8.730768927433472
7.56734567601324,8.040822223637813
8.877381954654766,8.760506503717323
9.387900611668426,9.695122282283052
9.297160063928745,9.053952190394972
7.8709295967551425,8.286102643588459
7.57455848420248,8.092087883780604
9.003685138166775,8.893605083031828
9.626877294051395,9.273337775196833
8.114922974204593,8.147545625161648
9.168893182062009,9.114781035862526
9.41140190014419,9.582067091388941
9.452501929126154,9.132684716150894
9.6638969875516,9.290630110304622
8.19863945529737,8.24863591752158
8.506132244056813,8.426581032582803
8.24301946898925,8.297761869532348
9.271717651651086,8.969673890500944
9.6678285081515,9.63791784038607
8.465057436995709,8.434179179827135
9.284148299120902,9.359188105555203
7.703007682479236,8.136235739320947
9.061376218836225,8.956005958963727
9.181735114965848,8.845265146253233
7.744136627627991,8.1006903838216
9.101306450952048,9.108798586595437
9.186355009225672,9.201592051504663
8.447628728030327,8.413131438610078
9.871996885444757,9.967782232821033
9.054271186326291,8.77731849618323
9.01371703047137,8.926617722783064
8.704668113450987,8.431166121437142
7.735870319952567,8.139991145430214
8.262558973010657,8.43404817728844
9.200391041122517,9.280673917363773
7.894318063841624,8.154532427225401
9.62264867856634,9.64787403332692
9.163772736159848,9.028930705504154
8.854379458771108,8.576928279492199
9.6580983922746,9.971493971417402
9.608646582885868,9.647044350581849
9.068661593644244,8.947228788871136
9.296242800976886,9.264560605104242
9.268797941547753,8.99753376373016
8.855948534052018,9.074737926534638
8.695506726812653,8.55112077936921
9.32741204356202,9.283424970676377
9.426499589515949,9.617350441810895
9.80598497117489,9.608835276795697
8.483636407887394,8.76657628801021
8.996156562033445,9.021812900901706
9.172326929777968,9.154474805087226
9.461332526110132,9.78416034108301
8.343553835005117,8.401603215204885
8.702344075220351,8.5088942943964
8.598957493218878,8.347935841852678
9.774517171239168,9.746431609938742
9.18574025510795,9.432025517069833
9.676900579444158,9.86529458004835
9.755857235532105,9.885599973546134
9.233470789365038,9.426086735315643
8.08794755464267,8.259421793207501
9.020994200245264,9.062685692974663
9.61953186182516,9.709139553923459
9.445254378889308,9.349144577588557
9.699349742461278,9.479928778719444
9.471010895181111,9.357441405039264
8.005033344637111,8.15029667847425
9.65233025476672,9.687131127422635
9.148145768383063,9.0843011118594
9.591444479171413,9.630363360654638
8.21851757748959,8.41081706042646
9.686326072899464,9.800972333548918
9.639131305387844,9.8213213945596
8.114025442356757,8.238199381938848
9.20653313363323,8.847492189411055
9.414015640094997,9.439405326749673
8.819517540604888,8.49129628669832
9.150908788206756,9.0843011118594
9.735423867488873,9.481850149286977
9.33423800863242,9.432025517069833
8.514389264083503,8.369201920634227
10.022958052512294,9.953852296206424
9.818256408173468,9.952105595690487
9.84341902607001,9.894639148716113
9.158941808890182,8.905831986643397
8.37378460812088,8.463916756110986
9.023769800892811,8.976573357538902
9.346181594887597,9.292595148385052
9.271435471335993,9.296001214391133
8.508152446764088,8.3926950425736
9.239510749275963,9.123863878545405
9.56591471047088,9.602721824989912
8.784162222270476,9.054912875678738
9.775995032020852,9.98149383187115
9.481664377815145,9.987694618702731
9.25349564229011,9.356262382191007
8.17103418920548,8.158942846028145
9.451480999992048,9.241242153216465
9.315600882633676,9.131986035944518
8.889308319842847,8.714349942583652
9.362116806941977,9.151898421826216
9.186764635447478,9.363292851767659
8.368461137615839,8.328372796074168
9.646787217693076,9.881844567436865
8.750207862525711,8.708018153213375
9.439784035838873,9.334253955690183
8.706490361946617,8.557277898687893
8.970304952991755,8.839282696986144
9.570529135214713,9.95315361600005
8.84980082722101,8.555705868223548
8.133293861222633,8.271823366870663
8.717027173294824,8.754742392014727
8.338783971442199,8.285010955765998
7.259116128097101,8.066586056247903
9.365376374075716,9.211853917035802
8.882946799288174,8.795920856677974
8.135346948906706,8.264749229781112
9.275753510524416,9.235740046591259
9.563810184965966,9.373947724914883
8.187021067343505,8.263832212010245
9.470162947548884,9.774116813116366
9.830432871630215,9.796605582259073
8.419800845407588,8.312303151327535
9.570319849923216,9.399318549908887
9.069122370060644,9.130108332889884
8.782322859397507,8.773956097690048
8.972717499397138,8.827012125861676
8.365672383774996,8.372433316588713
9.373733918884618,9.525604997211232
9.53097354456765,9.799749643187761
7.624130585661289,8.116498023490843
8.082402253926244,8.197544927430384
9.563037414545692,9.284778663576228
8.834919385216395,8.910941085652517
9.679280936368654,9.60049478183209
8.759354748566208,8.666534015959838
7.593877844605118,8.061782629829072
8.900685318713995,8.546710360566465
9.62839259558982,9.59005824624936
9.792723575551271,9.745558259680774
9.392911897525345,9.298664932677939
8.927314111060596,8.914085146581206
9.835904401212332,9.911014466053036
8.479698986988657,8.559504941845715
8.638348312972704,8.553216819988336
8.844336332748933,8.611294612143286
9.786897554926751,9.87773982122441
8.43663368355782,8.398371819250398
9.282474969735382,9.208229513465229
9.645946636996332,9.924944402667645
9.51892740510786,9.420890301280727
7.529406457837013,8.087022452284382
9.952420563645306,9.934813260582697
9.198267790741914,8.833955260412532
9.435641593844192,9.307747775360818
9.49769739160402,9.950402562687447
9.668587665523315,9.51010303013228
9.045701550034536,9.085392799681863
9.587611745713565,9.799836978213559
9.359018964347545,9.743200213984256
9.540003766668065,9.213163942422755
8.878497403738631,8.66675235352433
9.339261152043022,9.252333701492674
9.349319399257634,9.205260122588134
9.46923709299621,9.636083804844334
8.550627967502475,8.379594788704061
9.642642134037906,9.695340619847546
9.24048152888817,9.171155795014437
8.189244525735901,8.256365067304609
9.768698226187489,9.85110263835635
7.927324360309794,8.283307922762958
9.38235903577424,9.600756786909482
8.509161019718974,8.470161210455466
9.612466578818832,9.754335429773363
8.544029845369797,8.390249661851286
7.796880342783522,8.10265542190203
9.42424134192346,9.440409679546338
9.134107065976591,8.956573636631406
8.80056599227992,8.57605492923423
8.305978210967302,8.25544804953374
7.843848638152472,8.21492459756397
8.787678239039497,8.553042149936742
9.681343501555002,9.721628462612417
8.702842538302868,8.467541159681558
8.421783006611578,8.423480639167012
9.486910939673246,9.823504770204524
9.227295812625597,9.28246428539261
7.880804344674901,8.133659356059937
8.886685639065584,8.692210513544133
8.583729715216482,8.529199687894183
7.58629630715272,8.043704279489111
7.623153068476902,8.045843987621135
9.733410722158611,9.57639031471214
9.748586591318166,9.81595029047309
9.626151772138492,9.519971888047332
8.394121193826242,8.321822669139399
9.156834104453042,9.074825261560434
9.486076373409563,9.592066951842687
8.170468578330674,8.216452960515417
8.682029433869172,8.447978113903048
9.079776001955066,8.941377342142744
9.31325790598287,9.220325414538102
9.53892443574839,9.346480859301751
9.159468041602429,9.041943624347894
9.10719961305667,8.926530387757266
9.204422898212146,9.797216927439651
9.153452509769137,8.799632595274343
9.40475517645752,9.203426087046399
9.55761123583962,9.805164414787171
8.936298185228436,9.064301390951906
8.041734711487537,8.229160206768867
9.721305985943088,9.566128449181003
9.567595147779924,9.647524693223732
9.515395652485308,9.252202698953978
9.436678814186912,9.166046696005317
8.348064228408266,8.501252479639168
9.21999362900432,9.208622521081315
7.576609766973037,8.041564571357085
8.507950610049305,8.55566220071065
8.229244416735913,8.26963999122574
8.355614995760183,8.365752187115248
8.227108234348146,8.246801881979845
8.688453800850768,8.556142543352532
9.646076003102594,9.559141647117249
8.376320632534823,8.36745522011829
9.490997829491,9.425475390135064
8.83811659764782,8.690070805412109
9.289705927356923,9.236700731875025
7.724004656676065,8.124096170735175
9.615805480084347,9.997476141591987
8.826441041782578,8.895308116034869
9.376871242863814,9.460409400453832
8.343077871169383,8.392258367444613
9.106645135637418,9.320935364256153
9.0825070004663,8.82718679591327
9.837775009170748,9.677698944636568
8.607947554684701,8.55540019563326
9.355133116877724,9.377048118330674
9.115150184972434,8.91312446129744
9.494842393421331,9.394908131106144
7.910590612256477,8.227544508791624
8.911260254572033,8.766969295626295
7.764720544771477,8.075537896392087
8.18004072349016,8.295272821297136
9.619930294661296,9.91743359044911
9.23600811872476,8.963211098591973
9.37203396097417,9.254386074598902
9.740850969058572,9.851757651049827
8.942983665985647,9.163513980257207
9.44034036408688,9.686781787319447
8.764053269347762,8.882426199729823
9.144841389743489,9.119540794768458
9.345046074828474,9.281241595031453
9.700881652439469,9.576564984763735
8.137980454452139,8.242871805818984
9.199683791787654,9.199234005808146
9.2393164802127,9.331983245019464
8.19863945529737,8.298023874609738
8.355850041007475,8.280993544579339
9.494917629474484,9.338664374492927
9.3350328159335,9.265783295465399
9.266153436795395,9.398881874779903
8.9641840463529,8.820199993849517
8.215276958936633,8.202916031516894
9.476466781462246,9.433859552611569
8.666302614004078,8.633172036105416
9.596962392282869,9.680275327897576
9.832152654931503,9.977083413068407
9.609921536925372,9.741016838339334
9.167745974343765,9.100021416502846
8.931948346431495,8.867011567676666
9.84548760823814,9.898569224876976
9.54050705603412,9.719838094583581
8.758883680017025,8.462825068288526
8.983314293397749,8.712384904503221
9.013960457931187,8.63160000564107
9.048879705849558,9.066004423954947
9.590077331511615,9.713462637700406
8.259975659768276,8.434266514852933
9.003562174748238,8.949805172132145
8.672314828283538,8.528675677739402
8.937612591306213,8.749938965595897
9.410747396316522,9.355825707062023
9.235813167949214,9.092423269258514
9.611127890533236,9.21045655662305
9.711721536914174,9.710362244284616
9.79456514531194,9.736693754562387
7.964850887447313,8.247282224621728
9.146761390333312,8.863037824002905
9.23151460720759,9.046965388331218
8.850087606689566,8.84364944827599
9.44137272471063,9.287879056992018
9.521568058002975,9.651018094255608
9.14141892650976,9.114519030785134
9.045465728785947,8.669459739324035
9.040974526342444,8.935875235517537
9.733944008101387,9.811627206696143
9.566124919629768,9.431545174427951
9.145054905277552,9.193120554002363
7.734121303328305,8.165449305450016
8.999866223762636,8.862426478822329
9.13938128303569,8.81050580598606
8.15248607578024,8.364092821625107
8.483429561263428,8.406188304059222
8.834482608620677,8.651599726548564
9.12674134809987,9.137138802466536
9.48918349576076,9.725907878876466
8.671972245203792,8.69483056431804
8.241966560231802,8.273351729822108
8.380456667842767,8.306146032008852
8.459352191726387,8.48478982727645
9.435242376305256,9.464514146666287
7.555905093611346,8.059904926774438
7.579167967396076,8.074839216185712
8.982686665184087,8.860723445819287
9.061376218836225,8.790549752591463
7.857867559331803,8.096323632531753
8.718172930028725,8.625835893938474
8.974111581113318,8.694131884111664
9.65982236550112,9.674074541065995
8.142063283104147,8.191824483240685
9.414912537704955,9.399012877318599
9.839109018599922,9.881189554743388
9.09985563880091,9.099715743912556
8.33302993974291,8.573653216024814
8.708639655987193,8.491907631878899
9.666308462257454,9.855032714517211
8.725020038618554,8.421733938651075
8.704170559746386,8.787886034304657
9.756320761816548,9.792500836046617
9.552510629712032,9.978524440994054
7.6251071482389,8.122960815399814
9.834244649793968,9.88909337457801
8.917444732471514,8.632735360976431
9.352013530292329,9.235085033897782
9.770241833388766,9.61128065751801
9.51111140896968,9.544338360244671
9.678028823264478,9.611804667672791
9.56724528946897,9.948830532223102
9.816021526754852,9.81822100114381
9.71057005652877,9.9177392630394
9.76428295481558,9.833024288016388
9.39465993143281,9.282507952905508
8.902183446335016,8.733563648258974
7.555381944240273,8.046761005392002
9.563458999712138,9.201199043888577
9.679093219320263,9.964681839405243
8.965590066907914,8.783475615501914
9.097395612960048,9.119846467358746
9.036701015565065,8.81897730348836
9.20341645690336,9.052118154853236
9.085570485020233,8.907578687159335
9.16303909885817,8.961508065588932
9.003070169818264,8.995525058136833
9.342595951096651,9.511937065674015
9.675017339716192,9.927215113338365
7.767687277186908,8.077895942088604
9.433003808053517,9.432069184582732
9.717699996098998,9.695864630002326
8.301273485191347,8.391778024802731
9.080231686629162,8.924652684702632
8.161660452056282,8.419113887877167
9.751501195538246,9.897477537054513
9.189831495344642,9.249713650718766
9.923682259821648,9.90944243558869
8.508152446764088,8.49330499229165
7.306531398939505,8.05759054859082
9.34940642009918,9.161941949792862
9.06207235530708,9.086833827607512
8.565411763686711,8.678891922110102
8.024862150286411,8.131999990569796
9.280612424961516,9.247923282689928
9.325542301664866,9.867477955693271
9.350971501715929,8.919194245590326
9.437077458800523,9.56311539079101
9.485013189834325,9.754815772415247
8.998384010052538,9.452592915645008
8.90910013492555,9.061026327484521
9.466222131878164,9.389842699609922
9.709174382889795,9.989353984192872
9.794788135612787,9.738877130207308
7.825644732219989,8.266277592732559
9.827955489923692,9.717087041270977
7.533693709848633,8.064621018167472
8.208219383496834,8.268373633351684
9.18111751329928,8.941814017271728
9.40137386937216,9.23766141715879
9.089076284483143,8.795309511497395
8.722905701000768,8.726751516246814
7.783640596221253,8.113091957484762
8.230044310126114,8.262871526726478
9.320360017014732,9.306219412409373
7.703459047867175,8.127152896638066
8.980423936374544,8.927098065424946
9.07726601775084,9.2714164046293
8.879333174786028,8.835090615747893
8.733110697638708,8.851160260494526
8.771059915373288,8.522955233549704
9.667068774021889,9.411589121033355
9.723044230753946,9.73088597534689
8.667507952075105,8.499462111610333
9.79059877045751,9.974245024730006
8.814776088545281,8.86006843312581
7.738923757439457,8.121345117422571
8.120886021092838,8.327630448354894
8.587651655064798,8.391603354751137
9.350537002469466,9.301241315938947
9.14120463314132,8.958407672173141
8.952864141581468,8.602692112102291
7.384610383176974,8.04881337849823
9.33706112475534,9.473553321836269
9.577133949436078,9.609708627053665
9.742907917860578,9.883591267952804
8.932080438103307,8.599155043557515
8.569406062863171,8.3019976182835
8.70996000607173,8.466274801807502
9.430439293104168,9.35503969182985
9.38210641483062,9.301721658580831
8.969923491991516,8.66055156669275
9.140347000155648,8.775964803283378
8.938662873666118,8.80709973997998
9.666181687409416,9.733025683478916
8.844192126244968,8.728672886814346
8.668368019213355,8.831073204561234
9.41001056710475,9.340760415112053
8.904358542352968,8.668935729169254
9.78052864513568,9.748702320609462
8.79133399330135,8.521950880753039
9.426660697942268,9.666214388744272
8.200288260287554,8.260775486107352
8.417593826193484,8.31243415386623
8.91798070997329,8.795091173932903
8.39773375137891,8.449724814418987
9.444938073335509,9.501151189988095
8.446341450444287,8.326495093019535
8.081165777725433,8.143091538846004
9.38739809909504,9.334297623203081
8.848652886213905,8.543085956995894
8.749415406663651,8.588936845539276
8.073091199693154,8.322477681832876
8.697178688412643,8.475925322158062
8.85879510585745,8.524658266552743
9.334149657702469,9.117663091713824
9.28933637820268,8.972948953968329
9.549024446393997,9.455605974035002
9.358932776026007,9.460409400453832
7.703007682479236,8.111083251891433
9.578172838610792,9.353423993852607
8.597851094433691,8.604220475053737
9.771897132148531,9.859661470884447
8.838551790227402,8.546972365643857
9.42875274891449,9.656563868393713
9.644911105223,9.876473463350354
8.291045131081729,8.342346400201675
8.046229101075378,8.20357104421037
9.343033913701648,9.253163384237745
9.172638504792172,9.22801089680823
9.723702775394145,9.835688006303194
9.465757483840688,9.765732650639862
9.197356444417888,9.456260986728479
9.36357634787504,9.196657622547137
9.413934064045677,9.242333841038926
9.342420712333393,9.48543088534465
9.906532910722088,9.882062905001359
7.983440063006542,8.21378924222861
8.57828829077605,8.73312697312999
8.53050420547591,8.902425920637317
8.715552125907816,8.738367074677804
8.477412321404392,8.445445398154938
8.333991247194975,8.350555892626586
7.545918151209323,8.041564571357085
9.099967314494812,8.829282836532396
8.941283763647567,8.94570042591969
9.277531621516506,9.051550477185556
9.639261556120688,9.216482673403037
8.729720590267258,8.636796439675987
7.602401335665818,8.058376563822993
9.20623194393164,9.124431556213086
9.396985900250192,9.255608764960057
8.248790733696413,8.318460270646218
8.842893331055539,9.093645959619671
8.747034264178168,8.702603381613965
8.90815361332152,8.785396986069445
7.990238185720363,8.279989191782676
9.552013346996567,9.777784884199836
9.217117356255208,8.983778497167147
8.332789468417959,8.329246146332137
9.45743479744618,9.402331608298882
9.473704136776757,9.310280491108928
9.816785218696834,9.780448602486642
9.672752760526098,9.880621877075708
9.562967133068346,9.33036754704222
9.69744690912158,9.528312383010936
9.31461029315198,9.122422850619756
9.510593101601817,9.931276192037922
9.637436500210642,9.69630130513131
8.431417414394833,8.794567163778122
9.52134826973146,9.779793589793165
9.590692779269272,9.63167338604159
9.4040963063958,9.445955453684443
9.05963375455148,9.070502177783487
9.629774129311745,9.580320390873002
9.472781556562168,9.274342127993496
9.248887781588422,9.34255078314089
9.266153436795395,9.066572101622626
9.520101889570842,9.142815579143337
9.60541838719786,9.75555812013452
9.417191926513414,9.860098146013433
9.398312600278953,9.756300467853794
8.126222529458525,8.317936260491436
9.668397930203518,9.805950430019342
9.080459451121662,8.926355717705672
8.828054536815424,8.719022366463786
8.925986089617076,8.774392772819034
8.30943074214033,8.441646324532773
7.837948916025283,8.18715205936055
8.858652969548489,8.872339004250279
8.200562797008564,8.374136349591753
8.18423477409482,8.349420537291225
8.534640105019959,8.4209915909318
9.75475549873573,9.748658653096564
8.765458531504226,8.569592137325259
9.667132107249689,9.724335848412121
7.960672608388117,8.244181831205937
8.39660622842712,8.386275918177525
8.896861744480391,8.869849956015067
9.850403181443673,9.609140949385985
8.914894908906568,8.701031351149622
9.092119740588751,8.883998230194166
8.075893630298857,8.339464344350377
9.770984202723035,9.81961836155656
7.645875825184813,8.097764660457402
9.28442691532888,8.957490654402275
8.696008608880904,8.457803304305202
8.717190933223135,8.578936985085528
9.597980895171796,9.818526673734098
9.27162360039308,9.477134057893942
8.290292591224315,8.510728329938134
9.550092936718968,9.466217179669329
9.383957488139991,9.204212102278571
9.519661619531444,9.367615935544606
8.163940954755008,8.198418277688353
9.214431989879436,9.226002191214901
9.62911649414402,9.481631811722483
7.602900462204755,8.107895523449846
8.391403185357937,8.336669623524875
9.366232391933156,9.38936235696804
8.732788324973118,8.532867758977654
9.355652103136237,9.484208194983493
9.816730688609846,9.809531166077017
9.542948007780955,9.660013601912691
8.207401833376355,8.325840080326056
8.505525386548555,8.38444188263579
8.562931083090092,8.43658089303655
9.41140190014419,9.056484906143082
8.293799608846818,8.260688151081556
7.952615111651,8.171519089742901
9.7544653661431,9.949354542377884
8.802221746402456,8.463742086059392
9.560997243589352,9.92394004987098
9.24483841238375,9.07041484275769
8.85907931788153,8.60330345728287
9.374497958142468,9.421632649000001
9.303648549109834,9.357397737526366
9.020389788017736,8.682166985577487
9.206031100388085,8.826968458348778
9.713718330607016,9.814290924982949
9.370757093382087,9.308359120541397
9.792276623200124,9.94944187740368
9.265491216441031,9.173251835633563
9.288411907396338,9.333293270406417
9.740144754339957,9.871539034392828
9.46931428029122,9.504862928584464
9.667132107249689,9.501631532629979
9.237371711027214,9.074912596586232
9.547740749170218,9.685690099496986
9.0280988119824,8.895351783547767
9.51259080860336,9.349231912614355
9.282474969735382,9.443990415604011
8.913819350857198,9.162465959947642
9.122928914965213,9.474164667016847
9.581283046045924,9.352987318723622
8.393894975071744,8.60103274661215
9.361773075736393,9.494950403156514
9.340929941679784,9.440715352136628
8.366137716496281,8.687232417073709
9.60649561075857,9.449186849638929
8.886132618174951,8.74867260772184
8.71308886823731,8.496361718194542
8.330140460246382,8.337149966166757
9.38857023586688,9.20788017336204
8.17526610411206,8.166235320682187
7.787382026484701,8.084053061407287
9.803059297701637,9.840971775363908
9.732046586838385,9.926254428054598
9.635608107380529,9.807173120380499
9.76921302671366,9.966821547537268
8.772610303280743,8.548762733672692
8.186742787113518,8.222086069679317
9.179881164491476,9.239757457777916
9.007856923358275,9.073995578815364
8.563504094279487,8.523784916294774
9.128370809108931,9.151680084261724
9.18111751329928,9.693637586844504
8.938531648680692,9.035044157309938
9.617870014133226,9.647350023172137
8.639764743804419,8.529374357945777
8.804024902413179,8.71666432076727
9.627799924932717,9.633638424122022
9.40079542866686,9.621673525587843
9.468696615046134,9.471369946191345
9.279679850054796,9.055436885833519
9.6071010394542,9.808614148306148
9.524493961633755,9.49870580926578
8.000349495324684,8.267019940451831
9.557469903071384,9.608704274257
7.66105638236183,8.06440268060298
7.685703061234547,8.04850770590794
9.615005159913578,9.800273653342543
9.560081331311986,9.544644032834961
8.806723554725636,8.570247150018735
8.746398334109042,9.036092177619501
9.719384409659742,9.96363381909568
8.303504798872783,8.37339400187248
9.762039188951752,9.833111623042186
8.304742269640771,8.295927833990612
8.768418726857403,8.469113190145903
7.599901959208498,8.038202172863905
9.485165142425409,9.363074514203166
8.55159461813357,8.453436553015356
9.280985211545516,9.2799315696445
8.513586695822125,8.365315511986264
8.68490859582083,8.584875766839719
9.063926353520646,9.11866744451049
9.73240262766816,9.762282917120883
8.924656302187074,8.740375780271133
9.430359045942868,9.222159450079838
9.032289682032872,8.833562252796446
9.74548780788724,9.68018799287178
9.47792177272096,9.147182330433182
9.760194382709653,9.677174934481785
9.14494815320913,8.710245196371197
7.685703061234547,8.071957160334414
8.82981174915805,8.748235932592856
8.568266461600238,8.547016033156755
9.182455168486648,9.183164361061513
7.837554360881084,8.17326579025884
8.188411308079031,8.252391323630848
9.67004110822602,9.500496177294618
8.685584842676693,8.49216963695629
9.13216259091216,8.927054397912048
9.435721418230584,9.335432978538442
9.387900611668426,9.727348906802115
9.439545514668987,9.424645707389994
9.484937204879309,9.345563841530884
7.905810312658931,8.135973734243555
9.62535969288916,9.64700068306895
8.550434525196039,8.382607847094054
8.853808274977197,8.771816389558024
9.15915233520675,9.130457672993073
9.551160286590816,9.666694731386155
9.596894455192588,9.955467994183667
9.257891673834406,9.271285402090605
8.983188799264434,8.98679155555714
9.15704507491796,9.007446289158112
9.359966545931997,9.60477419809614
8.564649132572534,8.560552962155278
8.949235314374855,8.792383788133199
8.490849216076635,8.795877189165076
8.18757739559151,8.671162772327076
9.291736010180175,9.374515402582563
8.81195017753998,8.7611615164108
9.7544653661431,9.596739375722823
9.514584532726944,9.397790186957442
8.440528106480752,8.406624979188207
9.556197008479035,9.747872637864392
9.66147968357552,9.466217179669329
8.802973456578423,8.460729027669398
9.03634406392822,8.668804726630558
9.491073355339758,9.758440175985818
9.39024233725137,9.247268269996452
8.456593569287309,8.367324217579593
9.90218670680308,9.939878692078917
9.87822102528824,9.989921661860553
7.551186867296149,8.046979342956496
9.64322607566034,9.89415880607423
9.1369090938903,8.660464231666953
9.539284342176604,9.299450947910112
9.456731590010085,9.673681533449908
9.510222717509285,9.787522739576193
9.69683231872672,9.79271917361111
8.978912601074276,8.794698166316817
8.680671660408713,8.701118686175418
9.092457331319466,8.975962012358323
7.685703061234547,8.083441716226709
9.85214162518454,9.81992403414685
9.564652526725729,9.804989744735577
8.92399074475818,8.707144802955405
9.724420693462667,9.92961682654778
9.180602553712228,9.118230769381503
8.720134035412928,8.60893656644677
8.636397438894713,8.388284623770854
8.641002477142523,8.42837140061164
8.97094039814245,8.908146364827015
7.994969522697877,8.251561640885777
9.369734424126433,9.627874312419426
8.927844826211702,8.694393889189055
8.626944055375356,8.407061654317191
7.596392304064196,8.079773645143238
9.773264965486154,9.88450828572367
9.560926818574355,9.35276898115913
9.154933364704444,9.01941118769229
9.243968552956169,9.104868510434574
9.535896096856046,9.345563841530884
9.334149657702469,9.71586435090982
9.309370895439136,9.180806315364997
9.158625936289503,8.90067922012138
9.547526639331052,9.484819540164072
7.761319180947987,8.110777579301145
8.451480648050856,8.471121895739232
8.050065422915965,8.215273937667158
9.598252320836758,9.778308894354618
7.341483852363161,8.065101360809356
7.550135342488429,8.095493949786682
9.396653950039674,8.934434207591888
9.388402871849754,9.406611024562931
9.259416209622776,8.986311212915258
9.248406572782638,9.126658599370906
9.327056171672144,9.318577318559637
9.246382963323112,9.145435629917245
9.44557058442554,9.608878944308595
9.536545799098716,9.336131658744817
9.575330647518628,9.524469641875873
8.784315349902657,8.49841409130077
9.632793693113202,9.77289412275521
9.577272530367564,9.8184830062212
9.45461899582035,9.482941837109438
9.898826707653932,9.956123006877146
9.351839934249885,9.47211229391062
8.56845648535378,8.331953532131841
8.66957087183712,8.501252479639168
9.703694249830134,9.584163132008067
9.719143952790535,9.716781368680689
9.113939597689829,8.794741833829715
9.166179476190411,9.084999792065776
9.4040963063958,9.270150046755244
9.002701007197938,8.717275665947849
9.14899674173513,8.84395512086628
9.711903228462988,9.813504909750776
8.537583881063972,8.436930233139739
8.97233695775495,8.856313027016544
8.762489547371581,8.59308525926463
8.213923595622743,8.20754478788413
8.8771028978649,9.014913433863748
8.891786635857315,8.81308218924707
9.67023053206242,9.561805365404055
9.48402493478411,9.33888271205742
9.52222713312478,9.935642943327768
9.601165503344832,9.827740518955673
9.3581567466704,9.646913348043153
8.15507488781144,8.311211463505073
7.748028524432376,8.049162718601417
8.401333305321703,8.280513201937456
7.620214770574455,8.138943125120651
8.16194579946869,8.434877860033511
7.998335395952982,8.225797808275686
8.723068501163928,8.514527403560301
8.510168576479273,8.54627368543748
9.171495588152617,9.13932217811146
9.496120637138368,9.701890746782313
8.085178748074537,8.28068787198905
8.322151070212902,8.26483656480691
9.712569148516655,9.779837257306063
9.194109358865765,9.148361353281441
7.466799475018602,8.072437502976296
9.71032747056118,9.77368013798738
9.364948090202622,9.063471708206835
9.44896349413878,9.200849703785389
9.298809019963793,9.851495645972436
9.341894811716484,9.677087599455989
9.370501524100124,9.390235707226008
8.720950028930258,8.405227618775456
8.856376036730422,8.618630754310228
8.784162222270476,8.689372125205733
9.428109506952936,9.426217737854339
9.677527538712344,9.534906177458605
9.737728084041152,9.887652346652361
8.939318740417509,8.572736198253947
9.319105086767571,9.17447452599472
9.286467732363734,9.196220947418153
9.694000327669404,9.584381469572559
8.674025985443025,8.421078925957598
8.917444732471514,8.825876770526317
8.960596138864794,8.978975070748316
9.623839785112668,9.323162407413975
8.824824939175638,8.632648025950633
8.975503722070927,8.724742810653485
9.396902923027392,8.994608040365964
8.565983355585669,8.504221870516265
9.951324881950288,9.89332912332916
7.937017489515454,8.074708213647016
8.346404870435956,8.551863127088485
9.27509761919146,9.119977469897442
8.662677858158219,8.715965640560894
9.48181684008103,9.36438453959012
7.8636512654486515,8.097109647763926
9.395823592107716,9.321459374410935
8.439447842791385,8.414965474151813
9.453757028129948,9.368882293418661
9.461332526110132,9.463509793869623
8.948975607841776,8.812077836450404
7.788211557847076,8.21348356963832
9.430599768110527,9.199845350988724
9.067624069774588,9.112859665294993
9.65873724746786,9.73970681295238
8.21851757748959,8.33138585446416
9.23200401161221,9.534076494713533
9.653165488841426,9.819225353940475
8.048149101665201,8.209247820887171
9.358932776026007,9.159103561454462
7.982074875081202,8.218680003673237
8.899457906353966,9.268927356394087
8.647168267837984,8.541601261557346
8.192016914536875,8.327499445816198
9.415890054889344,9.723637168205746
9.176576741823371,9.002075185071602
7.943072717277933,8.114925993026498
9.527702598529377,9.425213385057674
8.956737613177264,9.001114499787835
9.037057839832896,9.245215896890224
9.637501738166108,9.835862676354788
9.607033787697222,9.48285450208364
8.740656691541368,8.619853444671385
9.442166123673228,9.490583651866668
9.488805094878352,9.924944402667645
9.974830992604264,9.878263831379192
9.26188863385676,9.222246785105634
8.997147151515142,8.956748306683
8.721276239991704,8.583522073939866
9.360569085222874,9.518356190070088
8.651374372882257,8.477803025212696
8.001355025826703,8.182479635480414
8.81001204797317,8.655398800170731
7.925157512224703,8.222522744808302
9.700146628518098,9.840535100234924
8.47907586930311,8.322783354423166
9.037057839832896,8.867491910318549
8.476371196895983,8.539548888451119
9.76042516969429,9.797391597491245
9.617870014133226,9.92765178846735
9.56598478510039,9.631236710912606
8.9237243977064,8.877186098182007
8.582793648500186,8.457715969279405
9.282847062762931,9.382113549826894
9.17035136375982,9.108361911466451
9.712387577930592,9.485256215293056
9.680156483641596,9.621673525587843
9.26823185039196,9.20080603627249
8.231908243564177,8.26566624755198
9.05193063522854,8.742471820890259
8.419800845407588,8.319202618365491
9.170663554823284,8.821029676594588
8.442254104751743,8.692297848569929
7.475339236566737,8.057721551129516
9.305832353435404,9.333424272945113
9.43236329562169,9.44914318212603
9.504426892100955,9.43351021250838
9.440022500129976,9.236744399387923
9.299998243906716,9.16281530005083
9.461099090323366,9.481500809183789
8.611593866837723,8.484920829815145
9.736960601640812,9.824203450410899
9.806425839692997,9.69237122897045
8.897545598709327,8.574570233795683
9.73725585689112,9.538530581029177
9.440260907569415,9.350891278104497
9.187890243138591,8.910417075497735
9.143773127704067,9.022336911056486
7.605890001053122,8.08737179238757
8.68406264365127,8.532736756438958
9.457903327831136,9.498138131598102
9.660268836790868,9.872106712060509
9.134970064951409,9.122728523210045
8.528133131454572,8.47828336785458
9.224440496354964,9.186352089503101
9.35573857466554,9.30001862557779
9.71420180194054,9.903416318808704
8.785386587284156,8.61264830504314
9.315600882633676,9.189103142815704
9.786953736280177,9.699358031034203
9.924906519909428,9.89699719441263
8.940760134888384,8.912949791245845
8.013343181386672,8.094314926938425
9.69066555029379,9.676432586762512
8.916640227198839,8.612560970017343
9.69572510326022,9.84935593784041
9.66198907549994,9.886298653752508
9.001346243766392,8.942687367529697
9.77195416257428,9.760579884117844
7.474204806496124,8.061476957238783
9.555205857955418,9.338839044544521
9.434842999328025,9.742588868803677
8.63994165667529,8.515750093921458
8.997394645638419,8.87766644082389
9.399968503952577,9.185959081887015
7.748028524432376,8.140558823097894
8.768729817231666,8.784741973375969
9.89777124554002,9.635909134792742
9.27275163209758,9.28390531331826
9.03741453682259,8.96102772294705
8.132118772955806,8.267194610503426
9.506436943028982,9.6909302010448
9.394826251599516,9.29495319408157
8.951440100949855,9.317703968301666
8.909505512946101,8.6676257037823
9.04746843900354,8.731554942665644
9.760252084449377,9.8156446178828
8.493310250952906,8.509505639576979
9.785548254671442,9.82276242248525
7.847762537473608,8.110559241736652
9.261508658550582,9.77372380550028
9.270117576012044,9.13137469076394
9.239122173401634,9.202028726633648
8.859647499714997,8.703040056742951
7.791935956938058,8.074577211108322
8.23827262463303,8.227457173765828
8.204671828950811,8.328154458509676
9.462498888358915,9.435999260743593
7.644919344958857,8.078419952243385
8.659213451436667,8.473043266306764
10.051045116893745,9.969703603388567
9.701554950093058,9.939878692078917
9.838628980187632,9.896080176641764
7.749753406274437,8.07745926695962
9.103423089630104,8.836400641134846
9.679280936368654,9.712370949877943
8.443546651247939,8.340163024556752
9.18296917518005,9.085480134707659
8.482808764554406,8.310119775682612
9.611998241741391,9.844203171318394
9.048291920021784,8.72631484111783
8.798756582859841,8.73220995535912
9.543521484499182,9.292333143307662
8.700514248543275,8.620464789851964
8.473032295630468,8.369682263276111
9.47830431356186,9.646171000323879
8.848509300888079,8.720856402005522
9.720945971538624,9.587307192936755
8.321907968230423,8.343743760614426
9.178643285232928,9.247137267457756
9.718000992399016,9.961406775937858
9.152181457802651,9.067445451880594
9.479068956510876,9.37207002186025
8.183676582620658,8.349464204804123
9.384629757072872,9.430933829247373
9.447623486844112,9.700624388908258
9.70814154461942,9.393379768154697
9.37424334324612,9.625385264184212
9.33706112475534,9.554381888211317
9.478686708121222,9.933110227579657
9.497247143960212,9.720187434686768
8.92319149068606,8.792121783055808
8.724044745953469,8.366407199808727
8.182559264068665,8.241212440328843
9.387733135533384,9.155129817780702
9.33600338997184,9.930533844318647
9.527411329321753,9.493727712795357
7.962067308753666,8.148899318061499
9.566124919629768,9.961537778476554
8.777401286867264,8.73225362287202
9.046644279305394,8.851160260494526
8.812545770172237,8.554745182939783
8.358431899031295,8.332695879851116
8.079927770758275,8.137895104811088
9.51369892381297,9.268971023906985
9.34966743719728,9.341459095318429
9.53119122769444,9.436261265820985
9.430519533826375,9.010634017599699
7.686162303492906,8.088245142645539
9.797682493639153,9.900534262957406
9.18122047340233,8.79006940994958
9.441928170073057,9.799269300545879
9.18512512283512,9.130719678070463
9.670609272125022,9.78477168626359
8.457443187010464,8.395096755783014
9.22808205345234,9.205740465230017
8.527341522468053,8.421952276215567
8.640825751861513,8.57915532265002
9.710388122570295,9.79411653402386
7.966239776559467,8.2452298515155
8.615408238913192,8.583740411504358
9.848978567035736,9.908307080253332
8.62622695244036,8.524003253859266
9.22631214148588,9.089104538278232
9.129997619293643,9.062118015306982
9.090993614343615,8.734699003594333
8.352082671352637,8.541120918915462
8.022896869601457,8.144139559155567
9.414912537704955,9.446435796326325
7.310550158534422,8.060952947084001
9.224834818126634,9.5973943884163
8.931551966694522,8.727450196453189
9.17678358844734,9.230325274991849
9.510000421187373,9.612023005237283
9.605081516721372,9.330585884606712
8.35772841676521,8.328241793535472
8.08301991917133,8.26339553688126
9.317309592973425,9.16508601072155
8.716044050161402,8.438458596091184
9.022563964499264,8.838977024395856
8.813289762469037,8.540771578812276
8.774776816043985,8.681861312987198
9.521568058002975,9.648223373430106
9.30118605527576,9.768745709029854
9.72609383397847,9.839312409873767
9.53488460916053,9.16683271123749
9.682279626689674,9.68472941421322
9.06207235530708,9.107444893695584
9.71854255753546,9.732196000733845
8.299534570332597,8.3302941666417
9.136478523377727,8.909893065342953
9.658417870888224,9.5407139566741
8.808518618782816,8.489156578566297
9.183585634667365,9.157356860938524
9.938468521431371,9.931145189499226
8.138564737261632,8.17776354408738
7.802209316247118,8.121257782396775
8.938662873666118,8.844697468585553
9.647497926816836,9.331371899838885
9.17678358844734,9.765863653178556
8.651898894268529,8.419375892954557
8.722742874329398,8.830068851764569
9.444938073335509,9.3366120013867
9.281357859211465,9.027446010065606
9.32206062158659,9.046572380715132
9.210340371976184,9.31080450126371
9.74455043597491,9.387266316348914
7.822044008185619,8.248286577418392
9.235910648087712,8.927185400450742
9.499945593989812,9.614206380882207
9.08330213880546,8.876662088027226
8.24800570160062,8.269465321174145
9.062536177207788,8.835963966005862
8.104099056143582,8.261954508955611
7.7279755421055585,8.093659914244949
9.213136459278184,9.026179652191551
9.196038587265322,9.109191594211524
9.469700127423376,9.315171252553556
9.656627474604605,9.541194299315983
9.625161575008372,9.519229540328057
7.957877358489813,8.136585079424133
7.707512194600341,8.228068518946406
7.823245690685523,8.137065422066017
9.202912856147384,9.260106518788598
9.31099985507536,9.015219106454037
9.11701821474481,8.846356834075694
9.03336450150698,9.009891669880426
9.003439196207838,8.817230602972423
9.42569365781533,9.146876657842894
8.443115988019922,8.52107753049507
8.128585200374497,8.339508011863275
8.640295388550221,8.58002867290799
8.699848026000312,8.50775893906104
9.496195777086555,9.618005454504374
9.748411444632367,9.974987372449279
9.270682600982344,8.84137873760527
9.662498208076329,9.516871494631541
9.483644576482009,9.692764236586536
9.468619380058648,9.382943232571964
8.951699168308815,9.005786923667971
7.949444420250626,8.086367439590905
9.444938073335509,9.10753222872138
9.271717651651086,9.421501646461305
9.30301070681749,9.344515821221322
7.842278779117352,8.238898062145225
9.501142571764207,9.383467242726747
9.765833387237333,9.865032574970959
9.284334051884509,8.806968737441284
8.707648248106914,8.477846692725596
9.014082149443356,8.966224156981966
9.439306936593182,9.098929728680385
9.365890072717148,9.411283448443065
9.070273383079064,8.610770601988506
9.687319614958344,9.714641660548663
9.241839039035554,9.386392966090943
9.021115038865434,9.113471010475571
9.523982546097496,9.126134589216125
8.685584842676693,8.744218521406198
9.753826777981722,9.843242486034628
9.11921143856508,9.276569171151317
8.887376485379763,8.730899929972168
8.220672170297252,8.291692085239461
9.2975267336551,9.292726150923748
7.667158255319148,8.056629863307053
9.458917724547202,9.300673638271267
9.54559758504085,9.826648831133213
9.57254997141339,9.51944787789255
9.544237868224927,9.131287355738143
9.683464128558162,9.7703177394942
7.893572073504902,8.178549559319553
9.398146859000708,9.35023626541102
8.475328987317539,8.583216401349578
9.511037381505458,9.729837955037327
8.09376775793108,8.13780776978529
9.002947130753205,8.830287189329061
9.33591519488425,8.973429296610211
9.653935855445614,9.553377535414652
9.726213236963687,9.909660773153185
9.86068443021082,9.881233222256288
9.142382678792956,9.305477064690098
8.373553741214627,8.382695182119852
9.325185763645225,9.971799644007692
7.715123603632105,8.125406196122128
8.66785206770135,8.474615296771109
9.187071745036828,9.077881987463327
9.57275879054198,9.505124933661856
9.770070439095775,9.953502956103238
8.76123680683819,8.581862708449725
8.458504195067558,8.541601261557346
8.397508348470257,8.389201641541723
9.573802232603889,9.844639846447379
9.078521797355334,8.814654219711413
8.955964118230874,9.382331887391388
9.424725681616492,9.21870971656086
9.470856776355197,9.408357725078869
9.511851382364403,9.44176337244619
9.581006974541651,9.361677153790415
9.984883190740122,9.996166116205032
8.85666093701725,8.928539093350595
9.693630345547652,9.737392434768761
9.06900719585954,8.990284956589017
9.126850061477157,8.969062545320366
7.65491704784832,8.108856208733611
9.304012847838818,9.06111366251032
8.12058871174027,8.192086488318076
9.243001154215731,8.820374663901111
9.931929226167432,9.936254288508346
9.552936675305356,9.850709630740264
8.845921233304018,8.523391908678688
9.28637505825218,8.951988547777068
9.333884558067638,9.306437749973863
9.263312256742289,9.388314336658476
8.849083518532339,8.717887011128427
9.27865301215827,9.137444475056826
9.82140944150052,9.940883044875584
9.436120444611522,9.839574414951157
8.437283808187935,8.407017986804293
7.3938782901077555,8.05021073891098
9.950275714034888,9.797784605107331
8.785692444451245,8.849675565055978
8.123854263105914,8.234836983445668
9.436120444611522,9.426436075418831
8.962904128092928,9.048755756360055
7.8050670442584895,8.235666666190738
7.236339342754344,8.095799622376973
9.203114326884442,9.125217571445257
8.357962965845681,8.25998947087518
9.645040605352682,9.974157689704208
9.437714959818209,9.361808156329111
9.513994213937664,9.386742306194131
9.300729371703865,9.482155821877265
8.927446816256198,8.8008552856355
8.690810307580046,8.42072958585441
8.099857910737585,8.27701980090558
9.518339645190858,9.667917421747312
7.558516743045645,8.154881767328588
9.110299017795956,8.82971951166138
9.877913301416696,9.914071191955928
9.70320567036518,9.849967283020991
9.328834266023971,9.341546430344225
8.17695386822578,8.216103620412229
8.284504227258497,8.310207110708408
9.299906815335223,9.18495472909035
9.586582621407445,9.771322092290864
9.69609431131315,9.714641660548663
9.186969385652942,8.695747582088908
9.966978650317326,9.997039466463
9.323847612769775,9.183470033651803
8.697178688412643,8.511470677657409
9.603125426926972,9.880752879614404
9.497772413172754,9.819749364095255
9.452423433109788,9.456741329370361
9.419466131522189,9.016136124224905
7.87359778968554,8.145143911952232
10.07035700477116,9.924333057487067
8.969032850034301,8.88958767184517
9.576024610072505,9.426043067802745
8.09559870137819,8.211169191454703
8.860499167616016,8.793388140929864
8.415381925269553,8.550378431649936
9.4776156346503,9.573246253783452
9.23327534325868,9.02652899229474
9.590761138978086,9.657830226267768
9.3923285398689,9.83241294283581
8.776475789346321,8.565618393651498
8.642238680390461,8.472431921126185
8.644002038279933,8.495313697884978
7.824445930877619,8.169379381610877
9.308736693832376,9.653943817619805
9.226508953137769,9.25128568118311
9.71269017726113,9.690580860941612
9.90113478695253,9.939223679385442
8.759668671029939,8.58627312725247
9.35824300189968,8.987795908353805
9.42754633062364,9.484994210215666
9.648143587996293,9.658485238961244
8.953769294549454,8.783955958143796
8.361240889642351,8.356232669303385
9.360569085222874,8.89919452468283
9.596350792250211,9.423641354593329
8.705662478796427,8.493130322240056
9.311903687385623,9.02421461411112
8.294549515143679,8.405489623852848
7.633853559681768,8.077371931933822
9.556550752867032,9.687349464987127
9.577895907011127,9.658703576525737
7.666690200080086,8.061695294803275
9.582868979838082,9.50071451485911
8.441175704992322,8.33003216156431
8.716044050161402,8.743650843738518
9.759501702007746,9.77171509990695
8.693831965074693,8.734568001055639
8.517593111437565,8.584046084094648
9.471319061593414,9.937214973792113
8.34711636103872,8.425969687402224
9.39024233725137,9.927215113338365
7.976938756959434,8.130558962644146
9.292104673778825,9.087095832684902
8.92665032079394,9.133863738999151
9.469391461628812,9.63167338604159
8.520388082312756,8.390904674544762
9.889591447344015,9.878394833917888
8.800264651310336,8.565662061164398
7.704811922932594,8.07772127203701
9.22207129485188,9.040546263935145
9.73477299914839,9.661017954709356
9.396736947923277,9.190107495612368
8.063692634269517,8.206365765035873
9.024974184996005,9.000459487094359
9.253112463820052,9.284123650882751
9.75283906619704,9.483771519854509
9.785548254671442,9.898569224876976
8.836809882398365,8.623827188345144
9.13043098874788,9.003210540406961
8.465268118551318,8.350861565216874
9.40475517645752,9.495998423466077
8.621012520055235,8.45924433223085
9.363490551469855,9.57446894414461
8.799360083179907,8.731991617794629
8.88280805492444,8.774698445409323
8.30943074214033,8.256714407407795
8.845921233304018,8.649023343287556
9.586857158128456,9.822063742278875
8.013012110368916,8.233439623032917
8.600246746551523,9.096833688061258
8.472195825485501,8.423698976731504
8.13973227971767,8.306539039624939
8.25712628599743,8.334267910315459
7.989899374942939,8.170820409536526
9.36691667901828,9.072860223480005
8.785539527561276,8.603041452205478
9.413689295962213,9.127051606986992
9.463275708098127,9.582896774134012
7.87587915949631,8.258111767820546
9.355911495295402,9.328708181552079
7.699842407396986,8.036149799757677
9.328123407632566,9.379537166565886
8.928507824313293,8.731161935049558
7.340186835320115,8.038682515505787
9.151014905891367,8.979586415928894
9.522666275340724,9.81450926254744
8.81922185757494,8.786532341404806
7.937731775260109,8.233264952981322
8.732627099660395,8.73059425738188
9.765948138514066,9.873285734908768
9.376532546840254,9.432767864789108
9.44809663565824,9.675166228888457
9.710933825175925,9.831626927603637
9.527920994773828,9.308009780438208
7.353722330399631,8.059817591748642
8.863191340690854,8.729720907123909
9.204724633190548,8.987140895660328
9.768755439335086,9.844727181473175
9.45469731968959,9.908219745227536
9.10731047165664,9.326044463265273
9.602247315485496,9.699838373676085
9.761693546918242,9.758265505934226
9.471473109194427,9.493203702640576
8.878915376576483,8.946049766022877
9.76749599332478,9.853198678975476
8.517393171418904,8.430860448846852
9.313799080344412,9.170020439679076
8.336869637284956,8.506536248699883
8.706159290928861,8.412825766019788
9.012864567410553,8.769283673809914
8.897135342293316,8.662691274824773
8.738254576526122,8.649896693545525
9.254452946594505,9.074301251405654
9.683588731386807,9.45591164662529
9.339964139769688,9.139365845624358
9.645364282325891,9.601018791986872
9.02509454366498,8.848845882310908
9.397981090247738,9.681236013181342
8.668368019213355,8.634045386363384
7.461640392208575,8.034970776909418
9.513108081846005,9.764029617636822
8.878915376576483,8.848889549823806
8.7157161275482,8.551863127088485
8.464214266625351,8.364660499292787
9.264733855806517,9.20735616320726
9.788357245282496,9.85420303177214
9.515321941506024,9.586433842678787
9.413934064045677,9.05089546449208
9.12467354521909,8.794960171394209
8.696175846944678,8.493741667420634
9.616871578266345,9.518618195147479
8.857657449306988,8.890199017025749
9.42197798310419,9.179801962568332
9.069237530998182,9.251635021286297
8.844768827529695,8.679677937342275
8.635687085464026,8.458196311921288
9.011157458106815,8.908495704930203
8.57810012631976,8.53042237825534
9.7385539453434,9.969266928259582
8.620471540869739,8.610028254269231
9.494390858193912,9.409318410362635
8.33758794211651,8.480641413551096
9.649498121050817,9.622896215949
9.805157818462918,9.703724782324048
7.706612913964197,8.084926411665256
7.955425088912672,8.132087325595592
9.596214830319344,9.863416876993716
9.858176329826126,9.809269160999627
8.68710472813351,8.399856514688945
9.365376374075716,9.245652572019209
8.324821298768782,8.322259344268383
8.380456667842767,8.424746997041067
9.62733871589802,9.868001965848054
9.346530726426447,9.150588396439263
8.433811582477187,8.412127085813413
7.59337419312129,8.035713124628693
7.990238185720363,8.126847224047777
9.732461955484023,9.80603776504514
9.687319614958344,9.68071200302656
8.314587291319576,8.261517833826627
9.361257257293044,9.448400834406756
9.47424191576256,9.863111204403426
8.460622839927844,8.429550423459899
9.259511415982631,9.087183167710698
8.64541048921699,8.652254739242043
7.711548979629146,8.197151919814297
8.432288684325794,8.474396959206617
7.949444420250626,8.124401843325463
9.580937944755272,9.349144577588557
9.15133319139615,9.060676987381335
9.402199633250628,9.515954476860673
8.576216531865699,8.510771997451034
8.365905077202456,8.42269462393484
9.480978009818704,9.386392966090943
8.314832179284556,8.33824165398922
9.045937315684574,9.079192012850282
8.832295859444011,8.612953977633428
8.788898309344878,8.830156186790367
9.691778378847582,9.720231102199667
9.080117784926207,9.10617853582153
9.224736252259914,9.310324158621826
9.675771061251782,9.95883039267685
9.46591239050973,9.370366988857208
9.645493723786172,9.557351279088413
9.887561401985868,9.905599694453628
9.53813218535584,9.94690916165557
7.880804344674901,8.222784749885692
9.49521851709523,9.595473017848768
8.708309295891688,8.597277340502881
9.086702731518004,8.81242717655359
7.7458682297922685,8.157065142973511
9.675771061251782,9.445300440990966
9.031213706078749,8.78609566627582
9.57962547262959,9.565866444103612
9.749928364409826,9.833198958067982
8.302017809751204,8.235666666190738
8.509362612301048,8.455925601250568
7.989560449333865,8.282259902453395
8.821584877430965,8.614657010636469
9.280612424961516,9.56311539079101
8.396831834745054,8.405314953801254
9.474625866621569,9.142640909091742
9.652201695275638,9.82870120423944
9.38907215991958,9.455343968957612
9.09268232850795,8.931901491843776
9.453364978883542,9.19630828244395
9.402117087540892,9.94463845098485
9.55393007636626,9.311459513957187
8.83724564389847,8.714437277609449
9.45798139489078,9.65381281508111
9.595126468875948,9.245696239532107
8.82981174915805,8.849500895004384
9.347228624038303,9.105785528205443
9.11943049661634,8.862906821464211
9.601706555704846,9.497570453930422
9.29302573859479,9.017533484637656
9.194109358865765,8.83120420709993
7.908019444632471,8.086454774616701
8.231642179973411,8.270251336406318
8.0040315078527,8.153964749557721
7.9229859587111955,8.196365904582125
9.05193063522854,8.743476173686924
7.993619994827744,8.156279127741339
8.895903562215581,9.150239056336074
9.978455868773434,9.746955620093523
9.49642116306099,9.587656533039944
9.657203308780277,9.995511103511555
8.981681639973862,8.79207811554291
9.520175249069098,9.431195834324763
9.24435525056346,9.376742445740383
9.09985563880091,9.248752965435
8.630164670075398,8.62002811472298
9.064852065227576,8.76142352148819
9.60008251961911,9.385432280807178
8.817149624743406,8.704262747104107
9.64523482410835,9.595473017848768
9.05473863988161,8.883212214961995
9.394909401310615,9.05652857365598
9.61587214452889,9.732982015966018
9.091669442258503,8.922687646622203
9.35539264367532,9.468880897956133
7.951559331155252,8.129205269744293
8.178077463849608,8.329682821461121
8.301025253838453,8.351167237807164
8.785386587284156,8.47059788558445
9.662243674190131,9.650756089178218
8.817297783866575,8.58710280999754
9.292381082312392,9.110152279495288
9.361773075736393,9.160457254354315
9.230633075243944,8.77334475250947
9.629774129311745,9.677000264430191
8.00836557031292,8.21291589197064
9.710206155505832,9.65381281508111
8.913011922472597,8.770462696658171
9.842728546690564,9.920140976248813
8.764990330169104,8.78413062819539
7.844240718141811,8.145405917029622
9.575122364808813,9.860360151090823
9.447702360527948,9.871277029315438
8.076826031298808,8.204575397007035
9.307648554443182,9.20224706419814
9.243001154215731,8.932818509614645
9.376617231601282,9.25211536392818
9.874213209832131,9.91289216910767
8.254268770090183,8.458283646947084
8.850230965588816,8.55312948496254
9.554426407074502,9.451894235438633
8.933796043934858,8.905002303898327
8.682538124003075,8.652647746858129
7.504942068396171,8.127414901715458
8.339739766019143,8.37391801202726
9.020389788017736,8.815440234943585
9.237079669165803,9.274735135609582
8.807621489536043,8.66107557684753
9.536978699538375,9.36748493300591
8.838551790227402,8.713869599941768
8.271036865792954,8.26396321454894
8.94389780251682,8.690376478002397
9.460164801871723,9.43778962877243
9.291551627401006,9.061812342716694
9.255504923930555,9.446217458761833
7.771067086065406,8.147283620084256
9.017726025696795,9.012249715576942
8.833754223418396,8.709459181139025
9.433563920090563,9.341240757753937
7.971085753505607,8.154445092199603
8.754160749323518,8.597059002938389
9.188094763028865,9.141985896398266
9.670356794688852,9.814989605189323
8.69751274553952,8.644787594536405
7.931644021454311,8.14920499065179
9.807912337613098,9.829137879368425
9.670798588378387,9.554076215621029
9.683152553543955,9.73516539161094
9.28785681440401,9.056921581272066
9.186252576447092,9.057052583810762
9.732521279780308,9.869617663825297
9.352707613263105,9.23285799073996
8.545391845774915,8.577539624672777
8.430327258394575,8.364485829241193
9.513255825068551,9.901363945702476
7.980707820869669,8.164095612550163
8.272059622210412,8.259640130771993
9.348361669873558,9.323162407413975
9.702350081484532,9.406742027101625
9.309099143999449,9.11801243181701
8.29853954537488,8.350599560139484
9.46335335689267,9.390628714842094
9.45383541953829,9.119628129794254
9.477003077203888,9.556696266394935
9.423110302862831,9.404776989021196
9.226115291091546,8.887142291122856
9.629050706834368,9.708659211281574
9.125871215349733,8.968713205217178
9.080687163749312,8.973603966661805
9.64911129879082,9.845862536808536
9.165133779138104,8.910548078036431
9.018210874191142,8.712952582170901
8.803874763534434,8.530291375716645
9.12172771361958,8.809239448112004
8.231376045573969,8.335010258034734
9.774460286799892,9.748396648019174
9.765661235628723,9.886429656291204
9.308736693832376,9.709139553923459
9.554922491560776,9.432505859711718
9.541656481448024,9.498225466623898
8.990566138131577,8.836182303570354
7.820840879907344,8.167720016120736
7.581719640125308,8.077502934472518
9.52995706295831,9.186395757016
8.967504187316237,8.787274689124079
8.679822114864455,8.913037126271643
9.216819338073892,8.780331554573223
9.641473226832924,9.548268436405532
9.5117774096603,9.200369361143506
8.60995467149755,8.562518000235707
9.3982297330736,9.486129565551025
8.176391596633795,8.27614645064761
9.757999245787522,9.676607256814105
9.195531256322475,8.998669119065521
9.345133468317714,9.178360934642683
7.484368643286131,8.059162579055165
9.725795264125836,9.914900874700999
8.861917004235215,8.932600172050153
9.025936648977904,8.841029397502083
7.9294865233142895,8.210514178761226
9.795568210316636,9.867739960770663
8.624611588183507,8.457017289073029
9.202106567049078,9.961756116041046
9.395408154438163,9.852150658665913
9.411156511406302,9.870840354186454
9.394909401310615,9.342638118166686
8.644002038279933,8.4125200934295
9.48417703760591,9.515168461628502
9.564091044397667,9.61324569559844
10.00324238567312,9.993327727866632
9.243001154215731,9.115305046017307
9.287486581152836,9.090982241332865
8.568646473005153,8.489156578566297
9.817711775514724,9.856866750058947
8.627660644442209,8.454353570786223
9.25320827220336,9.0984930535514
9.42060129745938,9.597045048313113
8.861633597686627,8.727624866504783
8.541690663016626,8.639067150346708
9.28887424963029,9.245739907045005
9.845381631129095,9.834683653506529
9.282568005973063,8.838060006624987
8.690474003558043,8.521732543188547
9.082847851460906,8.713782264915972
9.607773308387085,9.268927356394087
9.275003885301905,9.806736445251515
8.45765547870004,8.382258506990867
9.062999784077473,9.259757178685412
9.141311785565748,9.015655781583023
8.390268497842571,8.390074991799692
9.506585675088452,9.650275746536334
9.665737848832556,9.982716522232307
9.436997742590188,9.775819846119406
9.630694092578098,9.700930061498548
8.062747901086354,8.236409013910013
8.080546965824498,8.115537338207076
9.194617411510947,8.937490933494779
9.532568788180548,9.263032242152796
9.460632055209404,9.459972725324848
9.456653425317034,9.212072254600294
8.817742129574842,8.494615017678603
8.059908334578276,8.211955206686875
9.600488775972456,9.758178170908428
9.477462530462605,9.00862531200637
8.253227645581772,8.410467720323272
9.34862295977619,9.077925654976225
8.900957872545062,8.743126833583737
9.439943018351132,9.507701316922864
9.18163220783944,8.983822164680046
9.395241931033524,9.16229128989605
9.120306249272202,9.080371035698539
8.80597465931132,8.899325527221526
8.048468743668883,8.197282922352992
9.846970109700957,9.720886114893144
7.894690850425624,8.206540435087465
8.47345026846832,8.685878724173856
8.063377822367027,8.26623392521966
9.91219949313815,9.933372232657048
8.704336438489406,8.492518977059477
8.458716261657262,8.413306108661672
8.950662495933999,8.902120248047028
9.081028635495842,8.971988268684562
8.830104317913793,8.684918038890089
9.080117784926207,8.896006796241243
9.669472621333282,9.860927828758504
9.718602713339008,9.684816749239015
9.378563004390635,9.570014857828966
9.756146964637418,9.740405493158756
8.634620608292202,8.568893457118882
8.8427489162961,8.619853444671385
9.427948631791716,9.165260680773144
9.665357258913597,9.535561190152082
9.636914443294582,9.907957740150145
8.73165920153676,8.46749749216866
9.359191318708538,9.234517356230102
9.177403871729918,8.783475615501914
8.876125585396185,8.806575729825198
8.769973211858753,8.75151099606024
9.031333316150056,8.792514790671895
9.406729185981574,9.423204679464344
9.632138041371906,9.742414198752083
8.958540111412168,9.007577291696807
7.993619994827744,8.128593924563715
8.312626025674962,8.384005207506805
9.329367078397825,9.334166620664385
7.694392802629421,8.091738543677415
7.841099765422119,8.049337388653012
9.819290393735372,9.880971217178896
8.531293315795018,8.480903418628486
8.259975659768276,8.29653917917119
7.969011781106478,8.190732795418224
8.391403185357937,8.325316070171276
9.519441411801264,9.672109502985565
8.832879460277615,9.078012990002023
8.131530710604252,8.193134508627638
8.758255243232792,8.514352733508707
9.498372383192253,9.737610772333253
8.996528148090857,8.7356596888781
9.5551350238842,9.365825567515769
9.829679535391405,9.913983856930132
9.165238398063762,8.903342938408183
8.437283808187935,8.317717922926944
8.51959031601596,8.43038010620497
9.392911897525345,9.289931430098246
9.31533081916712,9.212334259677684
8.677950570294351,8.583041731297984
9.716856724154075,9.771758767419849
9.484557193474393,9.350585605514206
9.446597562435777,9.561456025300867
8.570544366913232,8.482475449092831
9.182352335436017,8.975525337229339
9.807031716718498,9.985161902954621
9.216521231051264,8.946093433535776
9.240675571772256,8.866967900163768
8.89918494333876,8.49527003037208
9.331584079261546,9.196963295137426
9.493713172839865,9.423292014490142
8.747828608488742,8.655224130119137
9.42843117965374,9.406349019485539
9.640823243059636,9.543639680038297
9.70094288005314,9.706301165585058
8.388905171114706,8.36348147644453
9.062536177207788,8.656490487993192
8.577911926450943,8.492911984675564
9.482807278621484,9.65861624149994
9.346966969508008,9.05709625132366
8.630343289348893,8.51793346956638
9.6899848782586,9.372725034553726
8.972083182851925,8.960984055434151
8.955448122347393,8.610988939552998
9.559235128595953,9.393161430590204
8.841448244098858,8.740594117835625
9.42641902556827,9.17587188640747
7.767687277186908,8.158025828257276
9.129021850798594,8.895046110957477
8.951958168569265,8.74784292497677
8.379539026117442,8.331036514360974
9.597641509456675,9.639315200798821
9.668271419987647,9.744597574397007
9.758403975346978,9.914944542213897
9.566895308714338,9.515605136757486
9.53097354456765,9.735907739330214
9.219101877644755,9.48853127876044
9.008468955937513,8.896530806396024
9.282009658666542,9.453422598390079
8.955964118230874,8.694175551624562
9.46397433028839,9.640581558672876
9.560574619084928,9.901800620831462
9.710812583662682,9.694729274666967
9.872151672226275,9.979092118661734
9.06750872286864,8.872208001711583
9.10219821335648,8.651294053958276
9.437396260110308,9.356830059858687
9.505320746909074,9.225085173444034
7.543273346705446,8.041913911460274
9.430198532298864,9.283512305702173
9.586651262653996,9.31451623986008
9.190137664658664,9.469186570546423
8.74973246437081,8.513479383250738
8.355144739461839,8.504396540567859
8.731820582962108,8.485794180073114
8.528528701079983,8.598849370967226
9.695848187757884,9.543858017602789
9.531118671917154,9.812762562031502
8.93840040647301,8.747318914821989
8.671458150427666,8.408284344678348
9.724779459312009,9.929704161573577
8.996156562033445,8.796968876987536
9.042040056544485,9.213425947500145
9.32741204356202,9.615953081398146
9.223651386035854,9.134125744076544
9.254165851516213,9.416960225119865
9.183791036742646,9.330673219632509
9.895052073715028,9.750012345996415
9.29532469588118,9.188797470225413
9.377802065863111,9.265957965516993
8.377011160816375,8.311604471121159
7.776115477098742,8.110777579301145
7.798933310041217,8.078201614678893
8.291295851905407,8.589242518129565
9.5551350238842,9.43695994602736
9.691654792367784,9.45198157046443
9.60521627853008,9.69490394471856
9.096051225574056,8.871771326582598
8.874447967219979,8.687319752099505
8.671286726753637,8.628193939634992
9.62331057957012,9.924027384896778
8.09346227450118,8.291648417726563
8.024862150286411,8.184007998431861
9.220389707829185,8.852644955933073
9.136478523377727,8.844348128482366
9.746599796998984,9.964900176969735
8.628197749459149,8.592386579058253
8.145839612936841,8.193440181217928
8.437933510430605,8.456929954047233
9.720945971538624,9.779706254767369
9.288966692431371,9.50608561894562
8.62299361030245,8.448807796648119
9.531988993991236,9.981057156742166
9.726989009044962,9.720798779867346
8.86304982791909,8.687494422151099
9.747885820441557,9.845818869295636
9.350623917423238,9.110021276956594
9.414015640094997,9.15408179747114
9.3915780082071,9.120719817616717
8.533853632309345,8.492518977059477
9.5496656775798,9.515823474321978
9.665674427237482,9.637481165257086
8.734399150063695,8.459331667256649
9.922063938109064,9.741933856110201
8.363575702750637,8.339027669221393
8.278682162970906,8.277063468418477
7.639642287858013,8.098463340663779
7.6246189861593985,8.075581563904986
8.51197962436335,8.456231273840856
9.094929520464856,8.74644556456402
8.983565234427923,8.785309651043649
8.682199026000504,8.605879840543878
8.00469951054955,8.145842592158607
9.04981944514108,8.82181569182676
8.404919948933452,8.351647580449047
9.702716852073644,9.671541825317885
8.173011311724972,8.30391898885103
9.138629524422182,9.175784551381673
8.846065190692881,8.884871580452137
8.788288460263619,8.820330996388213
8.928640371201949,8.641032188427138
8.416267272826277,8.331254851925467
9.5257348829945,9.681672688310327
9.6638969875516,9.715209338216344
9.569202921360327,9.54184931200946
8.582980931954241,8.465139446472143
9.510519035757246,9.336830338951192
8.960082528170402,8.759065475791674
7.851271997109883,8.243570486025359
9.656947423415522,9.855251052081703
7.615298339825815,8.116541691003741
9.44943600950432,9.312332864215156
9.138414632404594,9.11866744451049
9.441690159837492,9.40123992047642
8.967504187316237,8.792645793210589
9.521494800613103,9.18098098541659
9.077951183930438,8.87827778600447
9.166597449028265,9.07670296461507
8.847934753328465,8.62876161730267
8.63994165667529,8.709415513626126
8.520587424484253,8.5740898911538
8.519989278718239,8.549898089008053
9.697078200213085,9.587656533039944
8.815221555922163,8.721336744647406
8.738895704934043,8.496449053220338
9.06647000155648,8.999105794194506
9.256651274839433,8.91648685979062
9.216918687336303,9.312725871831242
9.393161803811788,9.322463727207598
9.450852217451484,9.303861366712855
7.725771441587952,8.156497465305831
9.085003880664884,9.010110007444919
9.143773127704067,8.975743674793831
9.374497958142468,9.28102325746696
9.278839788400877,9.104519170331388
9.640628165515691,9.591368271636313
9.23863624113103,9.498487471701289
9.871842074700584,9.985292905493317
8.15908865466791,8.26937798614835
9.488123612248716,9.429842141424912
8.500047032581268,8.476973342467625
7.399398083331354,8.035844127167387
8.991811158212718,8.877535438285195
8.262558973010657,8.256496069843303
9.196748418456716,9.100545426657627
8.969414650866176,8.908408369904405
8.500250470685925,8.36771722519568
9.018574356354229,8.832601567512679
9.515321941506024,9.436916278514461
9.172015257654516,9.31167785152168
9.389490237604502,9.503247230607222
8.977020214210413,8.721817087289288
8.697011617992073,8.531645068616497
9.191972714617998,9.347310542046822
8.980423936374544,8.848016199565837
8.08825472712243,8.29313311316511
9.116578992161708,8.705441769952365
9.275378768155404,9.204954449997844
9.298717482593595,9.238796772494151
8.880724576151456,8.794654498803919
9.380083146563278,9.697654998031163
9.348361669873558,9.162203954870252
8.161089512845797,8.323089027013454
9.70381635740706,9.487919933579862
9.501292093295586,9.497133778801437
9.022322622637349,8.778410184005692
8.034306936339489,8.220776044292364
9.253591413970495,9.106003865769935
9.627536402960043,9.695034947257255
8.426173793029069,8.47260659117778
8.776167099731275,8.68631539930284
9.643161210094204,9.820055036685545
8.076204527239026,8.314661197024051
9.167328481382892,9.19119918343483
9.76105955940385,9.95966007542192
9.722744748855389,9.740361825645856
9.48006211905097,9.554687560801607
9.456966047437597,9.42534438759637
7.540621528657152,8.066455053709207
9.06820060481506,8.84447913102106
8.373553741214627,8.367280550066695
9.795456808322422,9.613158360572644
8.023552392404348,8.276976133392681
9.27199975236291,9.58294044164691
9.750452916367069,9.591935949303993
8.329175442077402,8.427934725482656
9.143452426434552,8.79889024755507
7.881182202227102,8.141301170817167
9.251290358305138,9.105217850537763
8.734077192559303,8.597233672989983
8.486115235845377,8.441558989506975
9.334767950351235,9.142597241578844
9.194922119247805,9.020983218156633
9.496496280431916,9.483334844725524
9.32268643180772,9.348358562356385
9.692519577152051,9.920621318890698
8.06211758275474,8.210863518864413
9.219300113347655,9.219932406922016
8.621012520055235,8.602473774537799
9.125544720271469,8.956704639170102
7.588829878307813,8.107589850859556
9.30328411761892,9.2147359728871
8.57810012631976,8.623783520832246
7.845024417241484,8.099729698537834
9.544166252942194,9.54861777650872
8.897135342293316,8.624001858396738
9.23151460720759,9.242071835961536
8.574329382787047,8.512169357863783
7.544861068658458,8.082699368507434
9.25770094333602,9.185085731629044
8.951051374025619,8.749633293005607
9.507551894644092,9.71957608950619
9.896412583864164,9.95341562107744
9.213933907486313,9.0361358451324
9.056489647157925,9.50298522552983
8.737452587550584,8.441165981890888
9.14889040965996,9.65551584808415
8.40827078419205,8.286408316178749
9.630102784785173,9.347135871995228
8.940891067785461,8.637320449830769
8.764990330169104,8.596796997860999
9.38538551979936,9.176614234126744
9.006141236662911,8.785440653582343
9.58107599956325,9.792937511175602
8.56331312702979,8.486623862818185
9.348884181424244,9.357441405039264
9.753187781764913,9.81084119146397
8.978912601074276,9.064825401106688
9.070733417589766,8.79889024755507
9.567385247481797,9.913896521904334
9.630234216736469,9.858700785600682
9.17585244151751,9.273512445248425
7.839131648274333,8.098201335586388
9.330165765044532,9.868438640977038
9.527484154577582,9.428925123654043
8.366835309827675,8.250295283011722
9.387649386946594,9.558923309552757
8.69901462316851,8.530204040690847
8.81060879571578,8.895177113496173
8.99528899055931,8.705005094823381
9.10063710688422,8.975044994587455
9.036938912556788,8.718061681180021
9.6822172456036,9.453597268441673
8.215276958936633,8.290294724826712
8.642062173462106,8.679153927187492
8.9850695596458,9.126178256729023
9.1986725671085,9.075261936689419
8.433376705323127,8.392345702470411
9.166806369952454,8.890330019564443
9.588502797556336,9.441064692239815
9.606562898717415,9.64359461706287
8.691818541575723,8.55002909154675
9.532568788180548,9.5804077258988
8.839421607620602,8.687450754638201
7.86940171257709,8.155973455151049
8.442038517815478,8.438764268681474
9.223157875686796,9.63084370329652
9.48562086171022,9.104519170331388
8.58839695042257,8.438152923500896
8.998384010052538,8.918932240512934
9.05742226555147,8.885308255581121
8.698013622083925,8.66592267077926
9.405660414555792,9.3082281180027
9.59933728737704,9.685733767009884
9.457200449907708,9.142073231424062
9.596962392282869,9.47975410866785
9.70509758756311,9.679969655307287
8.7879833961978,8.64579194733307
9.333177281935246,8.972424943813547
8.582418976333944,8.567103089090047
9.315960853839869,9.251154678644415
8.337348564497175,8.265011234858504
9.044049632254756,8.736183699032882
9.462110252078716,9.77800322176433
9.617470759403409,9.806125100070936
8.929435283803425,8.585006769378415
8.796187635470453,8.639416490449895
9.670104253491726,9.66398734558645
9.182557990963732,9.094650312416336
9.931394505789136,9.68665078478075
9.684460516733758,9.662720987712396
9.366489054466117,9.409536747927127
9.538204234060796,9.481981151825671
9.436439551116026,9.648267040943006
8.766082459148864,8.811728496347216
9.042276686928927,8.723083445163343
9.751035429344451,9.912804834081873
9.168058979719577,9.032860781665015
9.537843938614635,9.632415733760865
9.53957217408476,9.492636024972896
8.84505705350085,8.663258952492454
9.09560269450576,9.169540097037194
9.622185087048386,9.510059362619382
8.458928283284262,8.43265081687569
9.45108805723875,9.654205822697197
9.178436822963176,9.19512925959569
9.477692177954712,9.337965694286552
7.662937850461535,8.126890891560675
8.252706676567644,8.20671510513906
9.638219074921247,9.72241447784459
7.769378609513984,8.089293162955101
9.40968291310444,9.224692165827948
9.57289797907307,9.346349856763057
9.21064032698518,9.001376504865226
8.525756422076725,8.53666683259982
9.307104040408491,9.297267572265188
8.176391596633795,8.219597021444105
9.762902771722256,9.687393132500025
9.577203242302405,9.92507540520634
9.3789010135201,9.585254819830528
9.206432747145165,8.928932100966682
8.620291149419804,8.44168999204567
7.608374474380783,8.125755536225316
8.459775920546287,8.453261882963762
7.534762657037537,8.041171563740999
8.410720946905721,8.445183393077548
8.714731714015052,8.824785082703855
8.043020885298283,8.184007998431861
9.58870831219998,9.812020214312229
8.715880102296456,8.551208114395006
8.92903790648844,8.726445843656524
9.195226734166134,9.143950934478696
9.22690246027516,9.232683320688366
8.323851131338817,8.254967706891858
8.317033476492403,8.309421095476237
9.62832676063802,9.779400582177079
9.752024923328158,9.837915049461015
9.208137948420983,8.998931124142912
9.464594918315443,9.47722139291974
9.270211769013573,9.116702406430058
9.288781798282743,9.424995047493182
9.375854810453756,9.66656372884746
9.281730368062856,9.384034920394427
9.175438319966918,8.995263053059443
9.258368340986763,8.960503712792267
9.307557822691544,9.019105515102
9.33873358674458,9.567263804516363
8.978282203272398,8.82578943550052
8.014004994779459,8.299508570048285
9.08851166361105,8.933866529924208
9.593696194496246,9.335607648590035
8.185628891147607,8.219247681340917
8.613048677059759,8.697799955195135
7.983098940710892,8.13837544745297
9.87740021777281,9.880185201946723
9.704365657063828,9.886080316188016
8.715552125907816,8.500160791816707
9.55895290182487,9.57866102538286
9.306286713023391,9.624075238797259
9.655538882302949,9.265652292926703
9.204121072162266,9.106134868308631
9.070733417589766,8.794916503881309
9.159468041602429,9.47294197665569
9.051344640485723,8.902382253124419
9.360396968182862,9.81167087420904
9.754000978835746,9.599141088932239
9.668271419987647,9.768440036439566
9.71908382953785,9.901582283266968
8.874867635688053,8.934303205053192
9.21094019204815,8.840505387347301
9.77696014606437,9.80263169903906
9.556055475678573,9.671760162882377
9.878733688069898,9.682633373594093
9.407304205507009,9.524163969285583
8.905851181208021,8.937534601007679
9.722505098743405,9.747261292683813
8.772765209949785,8.612298964939951
9.521055143538536,9.964987511995533
9.486000469200638,9.755470785108724
9.395574350217172,9.293250161078529
9.669219856718984,9.346437191788853
8.307212626628308,8.584482759223633
8.899048433885268,8.713520259838582
8.771215062375383,8.657145500686669
9.60958618027043,9.740056153055567
8.176110342237342,8.335534268189516
9.339876293325217,9.216351670864341
8.33423142973486,8.432738151901486
9.9167985665958,9.880752879614404
9.399306471488806,9.90525035435044
7.98139158158007,8.140122147968908
9.000606507571892,8.884871580452137
8.753371421000903,8.547016033156755
9.667891793282678,9.824116115385102
9.616471924627508,9.679139972562217
8.120291313968561,8.304224661441319
9.213834261230438,9.2118975845487
8.734721003944811,9.098973396193283
9.743788173778452,9.719445086967495
8.858510813033927,8.778977861673372
7.878155336503324,8.17012172933015
8.624970783589669,8.624700538603115
9.691901950055648,9.536827548026137
7.768110378525988,8.091432871087127
9.166283985779264,9.10045809163183
9.434842999328025,9.388358004171375
8.251142139090751,8.609547911627349
7.76004068088038,8.115886678310265
9.522593098362169,9.552373182617988
9.20432229965062,8.9652198041853
8.20849175174038,8.256932744972287
9.042394981126735,8.759676820972253
8.062432791583195,8.171169749639713
9.742849206573316,9.911625811233614
9.11195547005478,8.996835083523786
9.40713994795079,9.386829641219927
9.431802510507854,8.982730476857583
9.535390480896702,9.711541267132873
8.983565234427923,8.8348722781834
9.55044884660634,9.784247676108809
9.670924779305428,9.577700340099096
9.685953239986429,9.915948895010562
9.883080742758466,9.83293695299059
9.430198532298864,9.290149767662738
9.4097648366698,9.226526201369683
8.920121751872404,9.007009614029128
9.875859385418654,9.921713006713158
9.525443040003957,9.611367992543807
9.505320746909074,9.367179260415622
9.377548290960087,9.271198067064807
8.006367567650246,8.24754422969912
8.235095497258357,8.424659662015271
8.52674740422105,8.552605474807757
9.429556219952412,9.213469615013043
9.158099260130491,8.998538116526825
9.705707120679628,9.712065277287655
9.19573421958682,8.945045413226213
8.764990330169104,8.627888267044701
9.12543586488574,8.918626567922646
8.076826031298808,8.206540435087465
8.872907674259846,8.81613891514996
9.426257878198651,9.659838931861097
8.459352191726387,8.372957326743496
9.762730114819863,9.966035532305096
8.012018239159062,8.225099128069312
9.36999018950572,9.303774031687059
8.88280805492444,8.849806567594673
9.548668029096856,9.611761000159893
8.261784679514752,8.426974040198889
8.947415950650129,8.846225831537
9.081938657171658,8.826051440577912
9.69922708822342,9.335782318641629
9.515395652485308,9.3082717855156
9.244741798693514,9.35477768675246
9.5850025709293,9.64075622872447
9.596214830319344,9.830229567190887
9.220884585851854,9.371720681757061
9.6955404481032,9.885206965930047
8.560252680876685,8.526099294478392
9.379238908437996,9.132990388741183
8.558718938244736,8.406493976649513
8.737292112544221,8.581513368346538
7.860185057472165,8.073878530901945
7.871692664323645,8.131999990569796
9.023287640806329,8.743170501096635
9.270964993792616,9.420366291125944
8.041091003708633,8.207806792961522
9.76703761939823,9.861626508964878
8.955190024526887,8.853081631062057
8.869398159883518,8.656752493070584
9.545239944037077,9.33774735672206
9.300820725104558,9.228665909501707
9.370757093382087,9.657830226267768
9.016998311898762,8.963516771182261
9.472858470764416,9.45058421005168
8.395251520610994,8.479506058215737
9.227295812625597,9.016179791737803
9.601503695373488,9.634075099251007
8.943506132037239,8.758978140765878
9.343646739284408,9.423161011951446
9.350015354048663,9.347572547124212
9.790654744261785,9.836867029151453
9.645040605352682,9.793461521330384
9.199279424616758,9.080414703211439
8.03268487596762,8.21492459756397
9.36228862824824,9.51464445147372
7.846589975291186,8.17863689434535
9.050406334059858,8.985874537786273
9.083415678402517,9.163208307666917
8.643825842349603,8.533566439184028
8.543055850941965,8.488108558256734
8.837826364007704,8.541950601660533
8.343553835005117,8.358940055103089
9.79968138381054,9.850229288098381
8.283241441385425,8.353612618529478
8.714895850248494,8.566753748986859
9.580730826800856,9.695689959950732
9.54574060563606,9.52564866472413
8.59489469908009,8.54491999253763
9.43148192061972,9.297005567187798
7.65491704784832,8.071738822769921
8.06777619577889,8.237762706809864
9.802782848414497,9.86184484652937
9.13140538388804,9.1296716577609
9.546598299920646,9.463509793869623
9.132811169466946,8.987664905815109
9.723044230753946,9.7816276253349
8.81001204797317,8.594002277035496
7.973155433444133,8.340643367198634
8.653296274408579,8.609373241575755
9.454853949026583,9.334210288177285
9.15788851197376,9.586695847756177
9.46102126628348,9.42844478101216
8.53817159780143,8.689241122667037
8.830689198760998,8.7016426963302
9.326522126265592,9.133558066408863
7.546446273746024,8.064752020706168
9.203517146628055,9.147094995407386
9.894295434167212,9.730187295140516
9.438829609615144,9.26460427261714
7.577633832602728,8.08256836596874
9.49408972140025,9.38962436204543
9.315690887584008,9.393205098103103
9.266815218904162,9.013123065834911
9.335738781370516,9.276176163535231
9.843843699608612,9.922368019406637
8.44009614103127,8.4181532025934
8.00469951054955,8.44623141338711
9.51199931135876,9.38792132904239
9.785885750455948,9.992978387763445
8.880029117468442,8.810636808524755
8.197538739721184,8.283438925301652
8.616857514529183,8.54657935802777
9.28023949935585,9.222770795260416
9.69109846411978,9.588005873143132
9.355565624128962,9.218578714022163
8.789660098061537,8.638062797550043
8.719807451477955,8.74020111021954
9.152393412021333,8.890373687077343
9.577549634629817,9.415999539836099
9.539931847505173,9.290062432636942
9.62931383010914,9.80800280312557
9.309099143999449,9.304385376867636
9.70503661381229,9.797391597491245
8.289288323000317,8.253701349017803
8.756997183623554,8.563915360648458
8.954931860074698,8.852819625984667
9.13550906135318,8.82238336949444
8.45638105201948,8.562124992619621
8.00903068506973,8.264487224703721
8.312626025674962,8.333569230109084
8.185628891147607,8.29116807508468
7.839525581704678,8.110690244275347
7.762170607138205,8.19619123453053
8.92665032079394,8.662341934721587
8.515992470839718,8.399201501995469
8.462948176563842,8.340425029634142
8.80071662871916,8.982774144370483
7.983440063006542,8.19108213552141
7.857867559331803,8.133965028650225
8.923058219545728,8.734742671107233
8.86403999703599,8.878758128646352
7.770645234129176,8.108375866091729
8.604837701268284,8.603914802463448
7.833600223661103,8.133091678392256
9.700820421076743,9.762588589711171
9.52617248784431,9.566608791822887
8.645586406184636,8.615967036023422
8.157657015196472,8.19562355686285
8.799510901368867,8.49893810145555
9.012377119192273,8.558456921536152
7.761319180947987,8.147370955110054
7.113956109566034,8.036062464731879
8.585225601808064,8.379682123729857
9.347926034928744,9.342332445576398
9.936051543409391,9.911145468591732
9.189218875354072,9.688703157886978
9.749170192151771,9.457440009576738
8.86304982791909,8.656403152967396
9.511703431483827,9.425169717544776
9.480520169291822,9.752588729257425
8.507344855361422,8.295884166477714
9.775256374639046,9.570014857828966
7.665284718471351,8.16732700850465
7.942006808489856,8.120908442293587
8.84922702143852,8.56924279722207
8.261009786023827,8.423218634089622
8.478244441277663,8.717319333460747
8.365672383774996,8.295884166477714
9.414912537704955,9.538574248542075
9.396902923027392,9.241329488242261
9.050288983827956,8.917491212587285
8.982309899088579,8.843736783301788
9.787290758133617,9.863504212019512
9.1838937219612,8.849195222414094
9.504426892100955,9.409624082952924
9.527702598529377,9.403728968711633
8.920656296853728,8.92613738014118
8.113426639943654,8.170340066894642
8.952993499320474,8.73452433354274
9.157677719392876,8.922032633928724
9.10063710688422,8.967665184907615
9.671050954310326,9.656694870932409
8.99230873254815,8.764960590032967
8.363109176033522,8.348678189571952
9.164296433474776,9.225303511008526
9.899529730681785,9.961232105886264
9.00773447187952,8.810462138473161
8.698347400458186,8.590072200874635
9.399058096275375,9.180893650390793
9.243484970568485,9.032555109074726
8.300280189852664,8.301648278180311
9.669725322073775,9.814203589957152
9.394493583599107,9.741802853571507
8.554103545436334,8.33741197124415
8.303504798872783,8.28038219939876
9.6004210780406,9.642284591675917
8.144388865547622,8.310862123401886
8.259458195332408,8.260775486107352
9.836599606994495,9.78560136900866
9.543664802306663,9.943197423059202
9.70167731915831,9.37796513610154
8.794370279222871,8.469986540403871
9.480825419599444,9.547962763815244
8.99850761180784,8.812732849143881
8.819665349340653,8.669634409375629
8.184513753033722,8.210033836119342
9.181529290122064,9.287136709272746
9.472242991440476,9.199234005808146
9.60904937558734,9.600145441728904
9.325631416310918,9.52285394389863
9.630234216736469,9.288577737198395
9.346268889200427,9.463073118740638
9.12750209366718,8.998494449013927
9.108639817149845,8.902076580534128
8.868976189274543,8.75862880066269
9.34145634983372,9.137269805005232
9.724001970561382,9.705908157968972
8.598957493218878,8.48871990343731
9.377886643187985,9.46355346138252
9.136155473786806,9.192421873795986
9.230142999272362,9.208928193671603
8.226305988015508,8.304661336570303
9.300729371703865,9.22290179779911
9.802948727157515,9.672196838011361
9.911356510914825,9.94520612865253
7.7406644019172415,8.195492554324156
9.671177113397102,9.582722104082418
9.649498121050817,9.605254540738024
9.557823197546,9.60132446457716
9.306740866262498,9.382768562520372
7.79770203551669,8.136934419527321
8.611775833902186,8.512213025376683
9.358846580275406,9.047009055844116
7.992944547318106,8.154925434841486
8.306965865368573,8.381996501913477
8.201385955238608,8.345927136259348
8.143226750367445,8.227762846356118
9.203517146628055,8.870985311350426
9.62211884214094,9.862281521658355
8.432724034789787,8.254531031762873
9.41442342055165,9.196963295137426
8.719317375506371,8.56924279722207
8.969669103793757,8.793868483571746
9.412872969386267,9.246962597406162
9.3350328159335,9.15063206395216
8.759354748566208,8.742952163532143
9.189321004752108,9.174343523456024
7.546974117516527,8.05929358159386
9.383452989684828,9.346175186711463
8.112527763478637,8.324573722452001
9.406071615680055,9.143295921785219
9.35686202463895,9.359144438042305
9.887663002189155,9.932367879860383
7.975908360165538,8.198854952817337
8.315566483564277,8.366450867321625
8.60611940061064,8.581819040936827
9.115809888129949,8.854042316345824
7.9355873855892,8.20527407721341
9.482654967296842,9.493727712795357
7.749753406274437,8.098463340663779
8.701346403039162,8.51313004314755
9.052282067317908,8.91570084455845
8.484669999710677,8.394136070499249
9.036582045842716,8.880766834239681
8.416267272826277,8.433393164594962
9.997979215628844,9.82302442756264
9.726452000171411,9.868045633360952
9.090542808520588,8.824304740061972
9.282009658666542,8.965307139211099
8.189799618728228,8.189117097440981
7.8009820712577405,8.195579889349952
8.864605368075784,8.502737175077717
9.694616660508636,9.788396089834162
8.872206756028303,8.664306972802017
8.931816237309167,8.792689460723487
7.75833346749091,8.181038607554765
9.241742135115716,9.113296340423977
8.783855896643942,8.720245056824943
8.064321960910803,8.260164140926774
7.775695749915245,8.174182808029707
8.112227958349724,8.26819896330009
8.924123891686012,8.686446401841536
9.349580439067688,9.104082495202404
8.656433258507741,8.734000323387958
9.684584995479172,9.762370252146681
9.392411897514927,9.469055568007727
8.899321434159964,8.664001300211728
7.79934339821592,8.150777021116133
9.044049632254756,8.813955539505038
7.659642954564682,8.108113861014338
9.537050831395442,9.65293946482314
8.140898460607852,8.256627072381999
8.379539026117442,8.35837237743541
8.800113946766308,8.72915322945623
8.600062669238532,8.516012098998848
8.992433087457218,8.905526314053107
9.662816284353704,9.848613590121138
8.812992231969966,8.671206439839974
8.021912778985708,8.186846386770261
9.081938657171658,8.910635413062227
7.88344635413774,8.13496938144689
8.531293315795018,8.511601680196105
9.254548626640505,8.983603827115553
8.795430805040018,8.787711364253063
8.358431899031295,8.310076108169714
9.71317414581262,9.829749224549003
8.042056410058754,8.21064518129992
9.64439293693626,9.98944131921867
9.314880551250107,9.076004284408693
9.639522006701664,9.779182244612587
9.477003077203888,9.618835137249445
9.39366142910322,9.509666355003295
9.059866258621348,8.943953725403752
8.780326390946605,8.611032607065896
8.559294367434873,8.390467999415778
8.15708378502887,8.342739407817762
9.189423123720797,8.816095247637062
9.079092085366227,8.904085286127458
8.178077463849608,8.29090607000729
7.895063498091573,8.181737287761141
8.28121766128665,8.28348259281455
9.194515821629212,9.136614792311756
9.822223265705164,9.428750453602449
7.4318919168078,8.053529469891263
9.40960098282706,9.475038017274816
9.555347511047232,9.517002497170235
8.854093907655518,8.630595652844406
9.788525534066446,9.424558372364197
8.63994165667529,8.433873507236846
9.187992508312275,8.934041199975802
9.784591397592273,9.936210620995448
7.854381210652365,8.092306221345096
8.745921121024347,8.727886871582173
9.919164031921136,9.948437524607016
9.511555458710548,9.337965694286552
8.937087036176523,8.741161795503306
9.299358068293836,8.93836428375275
8.962391701743002,8.88334321750069
9.550235315874898,9.242377508551824
9.648014489106362,9.884333615672077
9.22217012372976,9.015350108992733
9.13356731317027,9.28901441232738
9.588091641516831,9.650887091716912
8.741296282225147,8.687843762254287
9.836866865194231,9.912062486362599
8.23827262463303,8.217981323466862
8.89604050162011,8.686140729251246
8.667335849845957,8.451427847422027
8.962904128092928,8.954695933576772
9.591649390206587,9.596695708209925
9.789254458374703,9.850316623124177
9.859587910246107,9.943677765701084
9.238927828828094,9.066048091467845
9.02014792080166,8.950285514774029
9.149315670138408,9.163557647770105
9.462343451970945,9.229277254682286
9.173468897200278,8.874740717459694
8.822027322685583,8.775964803283378
9.33873358674458,9.134737089257122
9.2314166975781,9.307442102770528
9.343559215762406,9.315651595195439
7.971776122880628,8.160645879031184
8.400659375160286,8.540553241247782
8.59452453435256,8.547540043311535
9.633186877915122,9.492636024972896
9.119101891541913,9.254167737034408
9.213933907486313,9.534949844971504
9.446518601560848,9.484557535086681
8.135346948906706,8.363350473905834
8.735364401103888,8.776357810899464
8.788898309344878,9.065262076235673
9.488577985599964,9.57726366497011
7.940939762327791,8.191911818266481
8.424858580213442,8.441995664635959
7.546974117516527,8.047241348033886
9.625425723461335,9.657000543522697
9.06184036365774,8.707101135442507
8.633018756921828,8.63871781024352
9.574080300037034,9.25242103651847
9.20943996673302,9.286787369169557
8.35819745992578,8.304792339109
9.057888248784506,8.82749246850356
9.2387334464774,9.148274018255645
9.546312483555711,9.573377256322146
9.381179591661104,9.025437304472277
8.30325712085294,8.357280689612947
9.390659926099463,9.303555694122565
9.29771001811309,9.244036874041965
9.576163344811905,9.425737395212456
9.664024052354822,9.912368158952889
8.081784206935001,8.260120473413876
9.390409393716844,9.397746519444542
9.7323432963323,9.942586077878623
8.926915889777042,8.79858457496478
8.362175469149628,8.356800346971065
9.631088103615504,9.44316073285894
9.140454244512016,8.981682456548022
9.228671328660909,9.123951213571202
8.628197749459149,8.548981071237185
9.18594521514146,8.928932100966682
8.886685639065584,8.727493863966087
8.386856689688234,8.316145892462599
9.509926311430789,9.485387217831752
7.737616282857904,8.070734469973257
8.766861821669803,8.747493584873583
7.769800996003896,8.073092515669774
9.203114326884442,9.339668727289592
8.518592212329946,8.461296705337078
8.211211361793023,8.330250499128802
9.151969458649852,8.866749562599276
7.686162303492906,8.099991703615224
9.649627028559856,9.584730809675747
9.268703615273097,9.24844729284471
9.109414453386222,8.888670654074302
9.778094383128066,9.571455885754615
8.697178688412643,8.48024840593501
7.426549072397305,8.037241487580138
9.786672797944291,9.90018492285422
9.080117784926207,9.124169551135694
9.639261556120688,9.506260288997215
9.679280936368654,9.674904223811065
8.548691858475609,8.462475728185337
8.287025025165063,8.342390067714573
8.633552992532433,8.411515740632835
9.609317813948794,9.655166507980962
7.986164860332727,8.169728721714064
8.524764456912555,8.512737035531464
9.594649938011557,9.628092649983916
9.257319373170178,9.116746073942956
9.075779878580487,9.10954093431471
9.082961442646353,8.583478406426968
9.10331179921766,8.992555667259737
8.464425125877582,8.517322124385803
9.762960317399152,9.865949592741826
8.499436469826978,8.394136070499249
8.504107951867582,8.441733659558569
9.734003244543665,9.87175737195732
9.46164368908425,9.354821354265358
9.2605580881368,9.378707483820815
9.131513591430211,8.876356415436936
8.50976567558744,8.35383095609397
9.714926570952157,9.487745263528268
9.678467241209058,9.543072002370616
9.488729397516371,9.575211291863882
8.280964400553373,8.308809750295659
9.709902803463462,9.75359308205409
8.690137586397595,8.789283394717408
9.053101595549691,8.948364144206495
7.933079771880415,8.219902694034394
7.587310506022615,8.148200637855124
9.554355517768125,9.527570035291664
8.68676717538769,8.500029789278011
8.801770448914539,8.617364396436173
7.859413154693583,8.088725485287423
9.687319614958344,9.466653854798313
7.999007213243955,8.216147287925127
8.98594603876032,8.869107608295792
9.608176452919857,9.599490429035427
9.486304051473764,9.167749729008356
8.426173793029069,8.490117263850061
8.616133139271142,8.484484154686161
9.058703197313225,8.836182303570354
9.321076413570848,8.920591606003075
8.4040244933106,8.417803862490214
9.75909741657673,9.866997613051389
8.196987927258897,8.285840638511068
9.443830215344535,9.502330212836354
9.547598014371232,9.814858602650629
8.991064332188461,8.714349942583652
9.205428327615165,9.141112546140297
8.09712193091871,8.191300473085903
8.923591197573002,8.477803025212696
9.062999784077473,8.954957938654164
8.736328721332908,8.594045944548396
9.053569596026234,9.126352926780617
9.690232448972248,9.909529770614489
9.440658127038391,9.649751736381553
8.109826276018477,8.185798366460698
8.62604759632832,8.58937352066826
9.782844180013784,9.852718336333593
9.10731047165664,8.92102828113206
9.632269206115012,9.681192345668444
8.86120833720818,8.595268634909553
8.387995252944556,8.344355105795003
8.555066843844319,8.466973482013879
8.998384010052538,9.073995578815364
8.792701462936309,8.663171617466658
9.163353580751846,8.845570818843523
9.141526055975824,8.883998230194166
9.31739944426959,9.263381582255983
9.356170820187725,9.621105847920164
8.701013624333928,8.577845297263067
9.271905727634335,9.30311901899358
9.33229248272693,9.128710972477133
8.729720590267258,8.726445843656524
7.96311205897929,8.206147427471379
8.405367376233981,8.431384459001634
9.443275825752862,9.288621404711293
8.922924930641832,8.616229041100812
9.05005424204284,9.08377710170462
9.563388747859216,9.970358616082043
8.548110294050959,8.441646324532773
9.501292093295586,9.167749729008356
9.244161920451694,9.214648637861302
7.967973179662935,8.153921082044821
9.885832617297408,9.825426140772056
9.65988615931952,9.868220303412546
9.777073627680467,9.743200213984256
7.670894831362117,8.091258201035533
9.516058806914062,9.313031544421532
8.763271714012943,8.599504383660703
8.723882104658486,8.593696604445208
9.116139576577355,8.824435742600668
8.79527937019457,8.678236909416626
8.236685322712457,8.246714546954049
7.860185057472165,8.153309736864244
8.437067146936952,8.367542555144086
9.002085433155724,8.996966086062482
8.559102594493448,8.596272987706216
7.915348169263078,8.139991145430214
9.583626581720113,9.229495592246778
9.69214904667168,9.44316073285894
9.26992916338784,9.090108891074896
9.586376669393536,9.426217737854339
7.567862605463882,8.096891310199434
9.03931477492408,8.704655754720193
9.376193736062833,9.278272204154359
9.495068084601527,9.690799198506106
9.461176908307142,9.618573132172052
9.236982302922604,8.952818230522139
9.041448235493888,8.708542163368156
8.753529336516431,8.729589904585215
9.309370895439136,8.961726403153424
9.320539164274258,9.149278371052308
9.724480496710004,9.509404349925905
7.43307534889858,8.137676767246596
9.545812108263812,9.889748387271487
7.799753318287247,8.1517377063999
7.60339933974067,8.033311411419277
9.60669746105362,9.490889324456957
8.697679732264463,8.336887961089367
9.163982247998034,9.314690909911674
9.312535884290853,9.050939132004977
9.035272443893536,8.926355717705672
9.680031452383618,9.612197675288877
8.853093836138493,8.646446960026546
9.63795828472548,9.904420671605369
9.472781556562168,9.233513003433437
9.11833472618016,8.924128674547852
9.191972714617998,9.370716328960397
9.149634496858788,9.019498522718086
8.645058562414134,8.585487112020298
8.840724916761715,8.657451173276959
9.632924771891735,9.79695492236226
9.127827950401718,8.716227645638286
9.727704572581755,9.915861559984766
9.900182095527402,9.991188019734608
8.228710798793687,8.17606051108434
8.97941663334301,8.689459460231529
7.691200097522863,8.066804393812395
8.631592731724734,8.457148291611725
7.749322464660356,8.050953086630255
9.653807502217354,9.822413082382063
8.86007342433278,8.732384625410715
9.476313501265748,9.88258691515614
7.989560449333865,8.094096589373933
8.768574284141687,8.81107348365374
9.824931239630352,9.802020353858481
9.616338671246003,9.727479909340811
9.424644974623188,9.405868676843657
9.228671328660909,9.138405160340593
8.564076777315087,8.483785474479784
8.792093929503284,8.678498914494016
9.580109215426074,9.644031292191855
9.078978053779355,9.023777938982136
9.530900972993903,9.075960616895795
9.79456514531194,9.934463920479509
9.411074701777263,9.413859831704075
8.855948534052018,8.615574028407336
9.394160804893874,9.294472851439686
9.734003244543665,9.602110479809333
8.556413904569519,8.471907910971405
9.729015110685571,9.775033830887233
8.960339366492091,8.70592211259425
9.757305042358048,9.99450675071489
8.98054977794018,8.86006843312581
9.01627006814768,9.125523244035547
8.67265729404031,8.660595234205648
9.143238568435446,8.928015083195813
9.741027444837728,9.813592244776572
9.328123407632566,9.461151748173107
8.705331133531631,8.537278177780399
9.604070223865929,9.708615543768676
8.812396905266864,8.547627378337333
8.011686729127847,8.143833886565277
9.505022884072709,9.443073397833144
9.79138211875182,9.986340925802878
8.903271585724212,8.550727771753124
9.335474102732949,9.430628156657082
8.637639344492104,8.51426539848291
9.0442857876461,8.902469588150215
9.488729397516371,9.913983856930132
9.150802659259986,8.852295615829885
8.562357743370612,8.513872390866824
7.875499292445208,8.17697752885521
9.726690706384874,9.860709491194012
9.393161803811788,9.382113549826894
9.464051924856811,9.990533007041131
7.916807490937603,8.228286856510898
9.45634070543332,9.501369527552587
9.500918247539987,9.48285450208364
8.297543529356284,8.27728180598297
9.25349564229011,9.163339310205613
9.404508151053818,9.394034780848173
9.02063159674821,8.970503573246015
8.884333185202735,8.636796439675987
8.9142228207033,8.660333229128257
7.955775781534187,8.132218328134288
8.42463920980563,8.448414789032032
9.649498121050817,9.375214082788938
9.656627474604605,9.639358868311719
8.751949058058614,8.624001858396738
8.821732380934442,8.594919294806365
9.770870027921289,9.876735468427746
9.206031100388085,9.028188357784881
9.284055409798464,9.372943372118218
8.982937763741589,8.717668673563935
9.127393451155257,9.250936341079923
9.20833836930551,9.10499951297327
8.53030683056162,8.456187606327958
9.290721483922995,9.104693840382982
8.615226931687603,8.49155829177571
9.504948404498696,9.45141389279675
9.0413298292419,8.695092569395431
9.274066062856727,9.058711949300903
8.822764296703758,8.51343571573784
8.968523555396352,8.794217823674934
7.947325027016463,8.194968544169374
9.2954165443313,9.18098098541659
8.338305731356565,8.272085371948053
9.285540604539118,9.296132216929827
7.72356247227797,8.098769013254067
8.926783114101351,8.627626261967311
8.409162447202533,8.245622859131586
9.63834944451924,9.794072866510962
9.62331057957012,9.623507561129578
8.848365694942547,8.569723139863953
8.422003004412488,8.254181691659685
9.347838885161815,9.128536302425541
8.858652969548489,8.700376338456145
8.166500319155052,8.38784794864187
9.649175779559451,9.368008943160692
9.1719113453564,8.893605083031828
9.526099566999854,9.611935670211487
9.426096704856375,9.244080541554863
9.515543058145951,9.265040947746124
9.873904249994451,9.727043234211827
9.093581811365986,8.947010451306644
9.543306469268108,9.62263421087161
9.562615651570228,9.678048284739756
9.40582491529642,9.565036761358542
7.489970898834801,8.062743315112838
8.756839814829462,8.665136655547087
8.205218426395412,8.219291348853815
8.513787398281405,8.411559408145733
9.306922469822426,9.312463866753852
9.627799924932717,9.611935670211487
8.21851757748959,8.242304128151304
9.956174874815137,9.961406775937858
9.32349046990884,9.18547873924513
8.605936401250625,8.67413216320417
8.821584877430965,8.594962962319263
9.432122997651051,9.357616075090858
8.11102783819368,8.249640270318245
9.567665104756411,9.675384566452948
8.48590890137647,8.434441184904525
9.082734247371036,9.026878332397926
8.599510233905452,8.404528938569081
7.588829878307813,8.12990394995067
9.484481173861296,9.405563004253366
7.889459149404524,8.191780815727787
9.493035027916918,9.183382698626005
8.598035579260339,8.596010982628826
9.097283649683886,8.888932659151692
9.68986106991376,9.655384845545454
9.111845125227084,9.158492216273883
9.749170192151771,9.838744732206086
9.110961927995904,9.073078561044497
9.990398924525424,9.851189973382146
8.983063289380366,8.795702519113481
7.752335163302292,8.096279965018855
9.35772535888924,9.14159288878218
8.936824154997302,8.68915378764124
9.490393417263473,9.571979895909397
9.58520880610688,9.751671711486559
9.602585141913492,9.642677599292004
9.59859149934966,9.65861624149994
8.574895901544526,8.51540075381827
8.186742787113518,8.256670739894897
9.64542900515042,9.92311036712591
9.647368744540463,9.629621012935363
8.616857514529183,8.399201501995469
9.51465829807939,9.582809439108214
9.561208488881128,9.706126495533464
8.46611040118692,8.56666641396106
8.184513753033722,8.242828138306086
7.8434564043761155,8.158768175976551
8.42989086301344,8.367411552605391
9.599540587618312,9.759881203911467
9.458605712064172,9.507351976819677
8.264620829411216,8.289639712133233
8.819073983267831,8.617015056332985
9.020268861722167,9.048188078692375
8.191740021277457,8.251343303321285
9.415075523607037,9.474164667016847
8.630700432209832,8.42636269501831
9.565353936588249,9.99031466947664
9.382779928915689,9.938044656537183
9.748294663130428,9.50984102505489
7.701652362642226,8.118157388980984
9.91526789107166,9.943852435752678
9.053803514155955,9.00748995667101
9.668650902630873,9.834596318480733
9.722025626154055,9.69630130513131
8.733110697638708,8.664044967724626
8.495765244002618,8.324268049861713
7.583247524303362,8.033748086548261
9.91353688838913,9.795994237078494
8.9126079636709,8.650377036187407
9.6619254156979,9.504251583403885
9.377802065863111,9.211548244445511
9.700085352130934,9.62237220579422
9.844692506025623,9.899049567518858
9.580799870885532,9.216089665786951
9.488350824731231,9.496522433620859
9.305195902988862,9.00919298967405
9.02653771890043,8.768104650961655
8.839421607620602,8.610508596911115
9.40878131065002,9.423423017028837
9.401291255468193,9.47975410866785
9.460009002229748,9.418925263200297
8.855235623206967,8.524352593962455
9.23327534325868,9.703375442220862
8.368925174747135,8.342826742843558
9.30054663986233,9.632677738838256
9.57858809226753,9.400584907782942
9.088172738001974,9.026004982139957
9.413689295962213,9.236307724258939
8.118207049405783,8.192916171063146
8.9005490139363,8.8546973290393
9.18901458526143,9.196701290060036
9.743494841225235,9.969659935875669
9.57983281962553,9.617394109323794
9.307648554443182,9.663288665380076
9.625029474611878,9.805251749812967
9.663769906600864,9.950446230200345
9.063463176115423,8.908190032339913
9.362030885216615,9.84036043018333
9.357897936333798,9.411108778391473
9.34862295977619,9.259931848737004
9.593559871137028,9.561543360326665
7.450660796211539,8.043878949540703
9.547669384317375,9.689707510683643
9.550520013385718,9.245084894351528
9.194820560318146,8.865090197109133
8.784468454090355,8.61037759437242
8.724044745953469,8.44422270779378
7.792348924113037,8.202304686336316
8.106514516255185,8.16361526990828
7.502186486602924,8.063310992780519
8.220672170297252,8.327324775764605
8.94819608331224,8.60155675676693
9.658801110545443,9.753724084592784
7.727535110475448,8.06750307401877
9.033006356693267,8.873343357046943
8.625509334899697,8.441209649403786
8.302513718514158,8.466580474397793
8.028129059431759,8.228592529101189
9.428833125074965,9.34940658266595
9.758057074325922,9.97586072270725
9.081028635495842,9.025437304472277
8.188411308079031,8.392869712625192
9.504650430718184,9.389973702148618
8.643825842349603,8.630595652844406
9.5940369216112,9.534425834816721
8.779249716229046,8.59024687092623
8.57922858233569,8.376974737930153
9.57637141083894,9.217443358686804
9.494691904331509,9.65804856383226
9.495444123413163,9.516085479399369
9.473166068429098,9.388052331581084
8.48920515487607,8.57719028456959
9.075207697984686,8.692647188673117
8.331586243630754,8.552692809833555
8.155936337972394,8.22514279558221
9.839855287291272,9.890447067477862
9.134754385019589,9.040196923831957
9.60562045502598,9.823723107769016
9.751559401061966,9.539534933825841
8.264878262801748,8.261299496262135
9.211339872309264,9.101768117018784
8.275376374836407,8.29461780860366
9.087720658428273,8.951246200057795
9.586033321750676,9.489229958966815
7.986164860332727,8.459986679950125
9.534378481388618,9.485212547780158
9.993602441978387,9.92114532904548
8.263590432617319,8.245360854054196
9.067277989134343,9.193513561618449
9.556762939450564,9.459885390299052
9.228474942171664,9.079192012850282
7.639161171659173,8.054533822687928
8.173575486634153,8.614438673071977
8.85893722196655,8.743083166070837
9.534089150464355,9.755252447544231
9.423433587436891,9.211984919574496
9.44359265743868,9.704510797556221
9.245321340871428,9.026092317165753
8.774003600200931,8.833431250257751
8.61286694148452,8.47374194651314
8.079927770758275,8.201737008668635
9.728240909414136,9.805033412248475
8.964567702601611,8.713301922274088
8.612139668725192,8.349464204804123
9.820486306032722,9.883547600439906
7.946617563244473,8.08706611979728
8.68169016329764,8.624045525909636
9.660013734748668,9.969790938414363
8.216628493133443,8.344704445898191
9.637632201310456,9.457265339525144
9.352620879232951,9.240150465394002
9.156412029950626,9.033777799435883
9.261413642160184,9.70542781532709
9.614938437644996,9.825731813362346
9.16502914926618,9.052336492417728
8.795430805040018,8.536754167625617
9.667385400057526,9.599184756445137
8.705662478796427,8.527452987378245
9.513625087655372,9.281809272699133
9.532133974056732,9.49276702751159
8.961622569542543,8.737013381777953
9.064505023752638,8.910766415600923
8.280204233279974,8.23422563826509
9.891516180754907,9.638179845463462
8.648922962094131,8.516186769050442
9.287394001418471,9.156003168038671
9.176990392294629,9.01146370034477
8.933796043934858,8.843605780763092
9.403849118160702,9.371327674140975
9.354613861132608,9.531150771349337
9.561208488881128,9.919529631068237
9.008468955937513,9.105043180486168
8.925055424124123,8.85129126303322
9.371778717853712,9.561892700429853
9.42027709580311,9.351153283181887
9.109193189971226,9.075436606741013
9.251578279992428,9.055829893449605
9.055906318669118,8.767929980910061
8.277666160851503,8.510728329938134
8.807471889715284,8.69286552623761
9.616671771412303,9.624424578900447
8.610136937058975,8.569854142402649
9.213435576883484,9.169540097037194
9.114379980830272,9.2118975845487
9.594377532670729,9.477003055355247
9.659630959624376,9.79071046801778
8.953122840328222,8.59138222626159
9.977759796910716,9.754946774953941
7.9868449011613825,8.157065142973511
8.136518252115291,8.407804002036466
9.059284897056228,8.761860196617176
9.785941988681085,9.894246141100028
8.445911989411274,8.457541299227811
7.360103972989152,8.23846138701624
8.122371243406553,8.245011513951008
9.76864100976636,9.668747104492383
9.617470759403409,9.708877548846067
8.659213451436667,8.477366350083711
9.296884973376368,9.721584795099519
7.326465613840322,8.035582122089997
7.533158807455563,8.050298073936778
9.755451473708725,9.436130263282289
9.075207697984686,9.13137469076394
9.590419293693932,9.543639680038297
9.454932254496262,9.532679134300784
7.852050207265889,8.195012211682272
9.247732491193243,9.159016226428665
8.422662707570003,8.392171032418817
8.534836626588833,8.480204738422112
8.771990436532242,8.658586528612318
8.6347984334905,8.4493318068029
9.810494685686963,9.994070075585906
8.384347278082808,8.541994269173433
8.613593685702552,8.62876161730267
9.697692639556532,9.678659629920332
8.558527054909215,8.472999598793866
8.17131687471973,8.249378265240855
8.366370301681654,8.454440905812021
8.962007209588313,8.781903585037568
9.927155249836312,9.964725506918143
9.536329278582553,9.630494363193332
9.166806369952454,9.303643029148363
8.961109485898655,8.903342938408183
9.57519179719905,9.438531976491705
8.359603270841466,8.250688290627808
8.350429973538136,8.418415207670792
8.370547611074752,8.244356501257531
8.758883680017025,8.56046562712948
9.657587014099304,9.936341623534144
9.341105441855737,9.513072421009374
8.452121194672523,8.474615296771109
9.543521484499182,9.648878386123585
9.868067607304868,9.70739285340752
8.944028325260595,8.752777353934295
9.054972284742483,8.850286910236555
8.343791731996841,8.450903837267246
8.074649075066652,8.169248379072181
8.96341629199657,8.791816110465518
9.308555419473135,9.343773473502047
9.753420191271506,9.804247397016303
8.490233009833455,8.59788868568346
7.679251425953058,8.118463061571273
9.789422596248157,9.885992981162218
7.961370201719511,8.134794711395298
9.668397930203518,9.673288525833822
8.913684824725294,8.650289701161611
8.161375023197486,8.170645739484932
7.501082124259871,8.048158365804753
9.749170192151771,9.780361267460846
9.745077815788486,9.777828551712735
9.339876293325217,9.284429323473042
9.86889610776651,9.97695241052971
8.872206756028303,8.820549333952705
9.575330647518628,9.562853385713618
9.23317760587894,8.99731542616567
9.458605712064172,9.028319360323575
9.752141270041491,9.593202307178048
9.37644785490711,9.553901545569435
9.468233115617211,9.118798447049183
9.008958312443486,8.904347291204848
8.456593569287309,8.256801742433593
9.5563385212508,9.243163523783997
8.934455109403913,8.844435463508162
8.014666370464942,8.133048010879358
8.061486866871327,8.20300336654269
9.634888894560614,9.754073424695973
9.048291920021784,8.717057328383357
9.749870063870528,9.726912231673131
9.506213803454251,9.704205124965933
9.8497175093263,9.872412384650797
9.49634604004702,9.471107941113955
9.614204198717374,9.950140557610055
9.85108838373692,9.980009136432603
8.471149252914831,8.432476146824095
9.651429991057276,9.822980760049742
8.981681639973862,8.748934612799232
9.504650430718184,9.731147980424282
9.569831347174397,9.622241203255523
9.200895913148184,9.067270781829002
8.824383730256061,8.636883774701785
9.20170317858052,9.068973814832042
8.882530508433623,8.933124182204933
9.770127573790836,9.786867726882717
9.653614941479894,9.635428792150858
8.708639655987193,8.50548822839032
8.877521453852872,8.620770462442254
9.68396244674463,9.932935557528063
9.718662865524054,9.946254148962094
9.668840589963487,9.361022141096939
8.857657449306988,8.763781567184708
9.074520648833648,9.24333819383559
8.118505067587098,8.189641107595762
7.537962659768208,8.08283037104613
7.471932078245122,8.044140954618095
8.974997713204976,8.608761896395176
8.799963219506997,8.685922391686754
8.471149252914831,8.414965474151813
9.442879644930755,9.433903220124467
9.601300793881466,9.982498184667815
7.714677473800927,8.22597247832728
8.78813593986372,8.567889104322218
8.675734219544788,8.380511806474928
9.331406899955626,8.935525895414349
8.00836557031292,8.16475062524364
8.47907586930311,8.344617110872395
8.584103896698863,8.478108697802986
8.439663988907,8.386887263358103
9.551373619924956,9.452156240516024
9.985528262872338,9.956472346980332
9.29053691397046,9.198404323063075
8.715880102296456,8.550465766675734
8.244334047856094,8.465270449010838
9.75115189123243,9.54722041609597
8.818482267274236,8.776052138309176
9.540363284917488,9.875076102937605
9.830325286907144,9.804378399554999
8.231642179973411,8.320250638675054
8.604471199523298,8.471951578484303
8.69901462316851,8.491470956749914
8.766861821669803,8.847579524436851
9.808187372681804,9.895992841615966
8.913684824725294,8.9142161491199
9.045465728785947,9.05766392899134
8.95944014361693,8.691075158208772
9.362460420037015,9.22294546531201
9.497922439427631,9.4499728648711
7.797291273547472,8.12536252860923
8.876963340262272,8.657320170738263
9.009447429596792,8.694131884111664
9.551160286590816,9.686607117267853
8.949884285777994,8.753476034140672
8.059276223305648,8.256452402330405
9.421573272264558,9.799574973136167
9.55669221559184,9.56844282736462
9.43220310339067,9.58949056858168
9.580109215426074,9.468182217749758
7.483806687665835,8.085712426897429
9.75533551151227,9.978873781097242
9.449042262206245,9.289625757507958
9.347926034928744,9.17587188640747
9.692828247710418,9.335869653667427
8.83200393125627,8.636752772163089
8.920923462230686,8.740812455400118
8.614682812693495,8.53016037317795
9.000729834944558,8.928364423299001
9.384713758920965,9.121505832848888
9.574358290170174,9.54267899475453
9.827847638327382,9.714117650393883
7.726653664847642,8.145362249516724
9.671114035843228,9.729401279908343
9.222960403332284,8.807929422725051
9.604137675216665,9.461064413147309
8.496173824192162,8.507322263932055
8.451694209183541,8.825614765448927
9.271529540288606,9.04098293906413
9.28637505825218,9.365083219796496
9.42197798310419,9.216832013506226
9.585071320714484,9.585822497498208
7.659171367666058,8.11627968592635
10.016101696905263,9.905599694453628
9.743729514150925,9.921625671687362
8.565983355585669,8.614875348200961
8.469891918298224,8.432694484388588
8.901230352110781,8.523173571114196
8.968523555396352,8.837929004086291
8.765770543987257,8.53016037317795
9.770070439095775,9.87717214355673
7.685243607975833,8.047590688137072
9.13873695311649,9.197268967727716
9.730799444710412,9.781234617718814
8.451907724717607,8.394005067960553
9.171391621837609,8.911727100884688
9.742320649814571,9.744248234293819
9.907828118634548,9.883023590285124
9.09884999594282,8.952337887880256
9.042040056544485,8.94002364924289
7.61972421378267,8.159728861260318
9.737669067841187,9.76835270141377
8.71768205216564,8.500204459329606
8.582793648500186,8.79430515870073
8.54188580400661,8.445794738258126
8.374015421739909,8.362782796238154
8.323608442343572,8.401996222820971
9.024251728612985,9.64477363991113
9.650528916142733,9.689314503067557
9.62727281152524,9.691366876173785
9.95484584481127,9.940883044875584
9.434842999328025,9.52455697690167
9.56416124693201,9.58237276397923
7.772331575169614,8.084402401510474
9.444938073335509,9.358358422810133
8.353261499733874,8.409812707629795
9.225524507301223,9.232246645559382
8.991811158212718,8.585050436891313
9.405989388981,9.357485072552164
9.21283725217477,9.23373134099793
9.577341813632218,9.848176914992154
8.14351740579748,8.255011374404756
8.688453800850768,8.639853165578879
8.79966169681513,8.886268940864888
9.734477009801846,9.84036043018333
8.501470230951002,8.416886844719345
9.39116080264387,9.365869235028669
9.21333588095598,9.051812482262946
9.031811613420924,8.67583519620721
9.666878750268348,9.821103056995108
8.410053315858335,8.274006742515585
7.333676395657684,8.049468391191708
8.856518497019858,8.757755450404721
8.887790764195326,9.003952888126236
9.114159813502214,9.153557787316357
9.4129546320379,9.084519449423894
8.859931469616097,8.57011614748004
9.415808631610384,9.258010478169473
8.823500727991183,8.907360349594843
9.2681374707024,9.078012990002023
9.119758993744943,9.269276696497275
7.478734825567875,8.03745982514463
9.28637505825218,9.183906708780787
9.785941988681085,9.716912371219383
8.138856750696325,8.223920105221053
9.580661777948766,9.879268184175857
9.466454374960302,9.56538610146173
9.713718330607016,9.666170721231374
8.074649075066652,8.2792905115763
8.857372832825773,8.735179346236217
7.907651594711089,8.126279546380097
9.844533409692458,9.83634301899667
8.346167594364134,8.429987098588883
8.512180649592693,8.509461972064079
8.068402958569699,8.206147427471379
9.787515376283707,9.620494502739586
9.758866322925,9.92594875546431
8.809713540508268,8.738847417319688
9.672689782285058,9.677480607072075
8.645586406184636,8.41107906550385
8.252446090246952,8.251910980988965
9.608512282590205,9.65376914756821
8.619027497297505,8.430205436153376
9.67161854490356,9.797435265004143
9.737846105993372,9.98428855269665
9.384461732204798,9.53896725615816
8.794521851788527,8.570247150018735
9.5258078304359,9.29774791490707
8.71308886823731,8.606141845621268
9.399554785027307,9.577482002534602
9.442324727955874,9.651891444513577
8.435332164935916,8.28863535933657
9.402447229504936,9.225565516085917
9.63717550582054,9.716344693551704
8.230577217146454,8.47033588050706
9.529303064460995,9.802457028987465
9.05753878171822,9.144343942094782
9.146548238888403,8.888146643919521
8.601166625192416,8.66421963777622
9.306468399070404,9.459317712631371
8.731497794063243,8.46749749216866
9.645946636996332,9.80520808230007
9.721185995542177,9.753374744489598
8.204945165019208,8.207151780268044
8.845201135339584,8.474484294232413
8.796187635470453,8.555050855530071
9.551302513870247,9.093864297184163
8.551208070003515,8.581600703372334
9.909916840301031,9.923809047332284
9.357293784932343,9.873373069934564
8.22764270790443,8.455357923582888
8.421342865759403,8.368459572914954
9.450616322030694,9.414514844397551
9.361257257293044,9.84516385660216
8.661120360222881,8.475750652106468
9.45100945015621,9.835688006303194
8.80131894766524,8.696970272450065
8.328692583545568,8.402913240591838
9.504277838590472,9.314647242398774
8.733271845008325,8.660900906795938
7.417580402414544,8.035407452038402
9.202509792860994,8.950110844722435
8.715224041915372,8.622953838087176
8.558910784768106,8.489112911053397
8.149890544402423,8.295927833990612
9.4501443641835,9.335345643512644
9.215029361462314,9.176657901639643
9.7473014693468,9.850884300791858
9.481435640823564,9.762064579556391
9.640172836532642,9.428750453602449
9.231122911158712,9.015000768889546
8.973731569708402,8.738541744729398
9.122164681072457,8.900242544992395
9.070503426788385,9.083558764140127
9.265112607823164,9.178229932103987
9.424806382096705,9.206613815487986
9.301459965343666,9.233338333381843
9.59082949401417,9.609228284411783
8.37378460812088,8.656796160583482
9.27453508401818,9.220762089667087
8.868694776580972,8.734131325926654
9.795902341856191,9.921276331584174
9.160204302482386,9.19377556669584
9.736606180230051,9.920926991480986
9.652137409331738,9.505124933661856
9.390576422279116,9.803155709193842
9.692272572087193,9.778745569483602
7.643482907077201,8.069992122253982
9.636849167012697,9.668659769466586
9.575677688993569,9.787566407089091
9.71534911042061,9.885337968468743
8.149601735736155,8.250120612960128
8.31090675716845,8.333874902699375
7.644919344958857,8.21440058740919
9.799126537211386,9.61979582253321
9.010913347279288,8.619591439593995
8.404472321352118,8.332215537209231
9.67004110822602,9.320542356640066
8.567125560164447,8.538588203167352
8.469052816088302,8.48164576634776
9.840760722627824,9.913416179262452
8.161375023197486,8.452432200218691
9.791605819888035,9.873591407499056
9.293117798433752,9.65381281508111
7.576609766973037,8.061651627290377
9.633841842570446,9.39215707779354
9.429957713513836,9.37573809294372
9.264733855806517,9.13447508417973
8.220941168281389,8.365490182037858
9.521861033907806,9.605647548354108
8.909775673693389,8.687450754638201
8.775240458738327,8.725790830963048
9.40079542866686,9.296088549416929
9.742673052026603,9.852150658665913
7.594381242551817,8.07034146235717
8.4252971767117,8.260950156158946
8.497194544909547,8.40343725074662
8.637462023807181,8.467584827194457
9.232395362757014,8.950634854877215
8.999125391527247,8.639372822936997
9.518853954007897,9.64896572114938
7.927324360309794,8.244225498718837
8.80732226751107,8.644787594536405
8.835646922534773,8.83404259543833
9.519221155568957,9.496566101133757
9.574775130526357,9.450453207512984
9.26501793326688,9.345520174017986
8.801017833540714,8.59360926941941
9.54072267395999,9.579185035537643
9.564371824969498,9.674773221272371
8.012018239159062,8.160383873953794
8.212568398234145,8.294836146168151
9.638870753015343,9.884770290801063
8.341410211461865,8.411734078197327
8.132412674500905,8.204313391929645
8.444837529224097,8.308591412731166
9.457044187699406,9.440453347059236
8.924922401177469,8.588500170410292
9.359363643368622,9.543639680038297
9.41987169587053,9.404995326585688
8.874447967219979,8.65400143975798
8.714239143608575,8.571469840379892
9.658673380311525,9.901320278189578
9.774801544908083,9.90210629342175
9.381685238056503,9.595254680284276
8.892611378172106,8.813955539505038
8.3243363327069,8.362695461212358
8.493105395887147,8.436449890497855
9.25186611880468,9.27879621430914
9.545239944037077,9.215041645477388
9.315960853839869,8.909936732855853
9.450223039294668,9.353423993852607
8.233503140233994,8.251517973372879
7.981049759665957,8.159772528773216
8.969414650866176,8.720725399466827
7.495541943884256,8.06016693185183
9.849453664043642,9.602154147322231
8.391629968440892,8.311735473659855
9.593423529191217,9.535910530255268
8.739696537843024,8.732166287846223
8.595449689382004,8.52989836810056
8.36380888451688,8.352826603297306
9.305013985578864,9.35023626541102
9.808847148382007,9.653594477516616
8.372629740224884,8.36653820234742
9.20623194393164,8.992555667259737
9.869517032964977,9.934987930634291
7.382746449738912,8.053660472429959
9.931686206894806,9.99651545630822
9.120853205474647,8.87482805248549
9.186150133174966,9.211417241906815
9.452423433109788,9.486828245757401
9.39623885726048,9.480409121361326
8.652248422409102,8.602561109563595
8.890823576004383,8.83827834418948
8.491259809389733,8.539854561041407
8.846353043314327,8.608019548675903
8.718172930028725,8.536230157470834
9.4796802501801,9.686781787319447
9.91219949313815,9.630407028167536
9.234447447319416,9.267311658416844
9.684522758043336,9.603726177786577
9.41033811378308,9.501631532629979
7.99699040583765,8.11566834074577
9.52032195192273,9.484077192444797
9.593968785475171,9.429536468834621
9.277999020449997,9.161243269586485
8.628555659269699,8.512911705583058
9.070733417589766,9.043122647196153
8.9850695596458,8.942600032503899
9.655923226680237,9.922062346816347
8.38091517312361,8.361865778467287
9.16711966952162,8.930635133969721
9.319463798994535,9.48433919752219
9.566965314664872,9.795513894436612
9.57373270366244,9.409143740311041
9.60951909544164,9.867434288180373
9.475316606892326,9.618005454504374
8.887652690325586,8.675223851026631
9.858490186605392,9.993895405534312
9.115699967822062,9.419798613458266
9.462498888358915,9.363161849228963
9.327945614050446,8.886356275890684
9.577895907011127,9.92311036712591
9.204020443231364,9.157313193425624
9.227099155791135,9.386916976245725
9.536762272743896,9.863329541967918
9.51214721847336,9.569883855290271
8.338066525518801,8.438764268681474
9.619465440915834,9.684860416751915
9.576232704964523,9.658310568909652
8.784009071186633,8.729458902046519
8.370547611074752,8.26308986429097
8.621373010325902,8.38221483947797
9.13905916997122,9.128099627296555
9.39499254410842,9.203120414456109
9.395989718862811,9.374166062479375
8.769507120030227,8.527540322404041
9.158941808890182,9.246569589790075
9.806811440270668,9.787653742114887
8.098034756176071,8.358197707383816
8.663542087751374,8.440685639249006
9.672815734801128,9.629926685525653
8.45531778769815,8.547059700669653
8.099857910737585,8.269683658738638
8.042056410058754,8.210732516325718
8.758883680017025,9.062554690435968
9.711418644287294,9.629315340345073
9.03741453682259,9.091593586513444
9.309189736018352,8.898539511989354
9.482426456803408,9.456872331909057
9.406975663409597,9.252464704031368
9.472166029882736,9.365126887309394
8.364042011922063,8.402694903027346
9.515616752828915,9.823635772743218
9.58781744354418,9.611586330108299
8.655562860681009,8.571731845457283
9.395491255780296,9.392550085409626
9.483644576482009,9.717480048887063
8.913953858894255,8.87993715149461
7.922261058353247,8.130384292592552
9.073145132798338,9.519273207840955
8.03398273468322,8.27867916639572
9.432443382115146,9.191461188512221
8.301273485191347,8.32348203462954
8.699848026000312,8.559068266716729
8.636929873018572,8.628586947251078
9.62733871589802,9.350541938001308
9.443038136095204,9.037402203006454
8.80956425335415,8.653302759551606
9.708445431332793,9.709794566616935
8.642062173462106,8.469113190145903
9.343646739284408,9.448400834406756
9.004299728561636,8.926093712628282
9.624302610338294,9.63507945204767
9.557964480394498,9.430890161734474
7.465082736399547,8.043573276950415
9.64911129879082,9.257006125372808
8.901638932300326,8.847535856923953
9.789590705856016,9.858264110471698
9.083642718930223,9.067925794522479
8.859363449152088,8.801553965841876
8.71833650245078,8.558587924074846
9.774517171239168,9.709707231591137
8.985570498917388,9.029454715658936
9.56282655529346,9.318096975917753
9.630891117502388,9.780928945128526
9.511925349596956,9.481413474157991
8.766394277049736,8.770681034222664
8.771835409789817,8.610290259346623
9.492733482494351,9.492461354921302
8.53050420547591,8.40544595633995
9.795846661018736,9.59342064474254
9.688436171119257,9.955948336825552
7.844632644464681,8.149248658164687
9.87801588656246,9.897564872080311
9.320180837655714,9.306175744896473
9.4894104675794,9.558442966910874
9.409273194575334,9.232377648098076
8.748939631537715,8.698585970427308
8.50045386741194,8.324137047323017
8.50976567558744,8.351429242884555
7.403061091090091,8.124620180889956
9.62990560446313,9.409842420517416
7.613324979540639,8.03636813732217
9.848767340335897,9.816823640731059
8.939974177289633,8.869107608295792
8.634620608292202,8.55029109662414
8.529516941105069,8.565400056087006
9.023167064451204,8.827274130939069
9.573871756711402,9.587656533039944
9.5496656775798,9.59542935033587
9.3108189905424,9.838395392102898
8.653819788948063,8.620159117261675
9.197153810172008,8.863081491515805
9.613870275449836,9.742981876419764
8.293049139768444,8.69116249323457
7.817222785508166,8.094969939631902
8.14351740579748,8.194095193911405
9.470317173335742,9.336306328796411
8.423980809694058,8.586753469894353
9.007612005404566,8.857404714839005
9.37007543009734,9.558355631885078
9.298168082341704,9.46556216697585
9.681093720112464,9.474776012197426
7.332369205929062,8.04938105616591
8.756997183623554,8.795658851600583
9.29394595583098,9.04351565481224
8.760139370026627,8.64692730266843
9.63991255542758,9.58468714216285
7.929126487306799,8.113222960023458
9.693136823020671,9.886604326342798
9.38235903577424,9.212203257138988
8.172729104865471,8.235186323548856
9.44375103564617,9.75271973179612
8.442685139241176,8.369332923172923
8.01532730902172,8.208592808193693
7.724446645633537,8.110646576762448
8.904358542352968,8.818496960846478
9.607638890751288,9.89280511317438
7.815207062189088,8.132873340827764
8.537583881063972,8.436144217907566
8.183955717304954,8.398415486763296
8.57035473953047,8.754873394553423
9.101975347298058,9.15408179747114
7.61085279039525,8.033311411419277
9.454227284428292,9.516172814425165
9.225228984469933,9.22093675971868
8.839421607620602,9.107357558669786
9.654064192201435,9.40010456514106
8.158802490694002,8.302958303567264
9.30810208975868,9.318839323637027
9.389573832170903,9.592459959458774
8.155362120328135,8.284268608046723
9.297801647746176,9.481282471619297
8.863474306170954,8.74867260772184
8.600246746551523,8.652123736703347
9.583144537844786,9.353161988775216
9.899278707762074,9.919049288426352
9.442245428958966,9.95228026574208
9.8412397390566,9.810404516334986
7.905810312658931,8.220470371702074
7.80057265467065,8.102218746773046
7.857867559331803,8.069424444586303
8.63141433550626,8.600901744073454
9.175645402179295,8.87142198647941
10.023401649201466,9.90271763860233
7.843064016692054,8.205885422393989
8.677950570294351,8.64976569100683
8.77230041793584,8.979368078364402
7.955425088912672,8.310774788376088
9.777243825961875,9.723462498154152
7.661997558901893,8.133921361137327
8.904901577935142,8.689197455154138
8.76389700713946,8.619023761926314
9.509926311430789,9.313424552037617
9.619000370980867,9.888918704526416
9.627931659882188,9.985511243057807
8.04237800517328,8.265797250090674
8.839856232763264,8.664350640314915
9.679968930891835,9.9091804305113
8.788898309344878,8.931901491843776
8.934323331054905,8.995044715494949
9.696893794766453,9.776867866428969
8.430327258394575,8.434790525007713
8.683724062303869,8.780899232240904
9.661352295040318,9.480758461464514
8.069029328774958,8.289290372030047
9.825580063659602,9.616346089014232
8.767796255626598,8.613696325352702
9.736310733068626,9.742894541393968
9.352794339771116,9.068799144780447
9.288319413292772,9.128361632373947
9.003070169818264,8.866662227573478
9.380504998499504,9.618704134710748
8.439663988907,8.389507314132011
9.20432229965062,8.870111961092457
9.398063978059133,9.293774171233311
8.084254106307318,8.241692782970725
9.576232704964523,9.938393996640372
9.562756258994533,9.817915328553521
9.315690887584008,9.1977056428567
9.577618898699106,9.805120747274271
8.824677891164198,8.668586389066066
8.949494953477961,8.809501453189394
8.543250725735527,8.546230017924582
9.801454826970977,9.48543088534465
9.828656241913125,9.99677746138561
9.24725072599628,9.662371647609207
9.254165851516213,9.126920604448298
9.438113191674054,9.111331302343547
9.211339872309264,9.059716302097568
9.173365135851288,9.204561442381758
8.863757191604241,8.772995412406283
7.957177323459475,8.395577098424898
9.199986959896693,9.17901594733616
9.535896096856046,9.44770215420038
9.060563446657955,8.996573078446396
8.754634047431272,8.710376198909891
8.780018887869153,8.52989836810056
8.216088098632316,8.304836006621898
8.476162841858246,8.50492055072264
9.468542139105455,9.553945213082333
9.551302513870247,9.458531697399199
9.40894529884324,9.04377765988963
7.636752112435779,8.077109926856432
9.858490186605392,9.936166953482548
9.087720658428273,8.776314143386566
9.122164681072457,9.053690185317581
8.064321960910803,8.141606843407457
9.82498532438117,9.83944341241246
8.19836438996762,8.184007998431861
9.49769739160402,9.703855784862744
8.473241303887054,8.415926159435578
9.500843461614666,9.607132243792657
9.701187753026508,9.984856230364331
9.632728147280256,9.849574275404905
9.737964114018055,9.857434427726627
9.115480090952223,8.985263192605695
9.438829609615144,9.396785834160777
8.762176509334903,8.603216122257072
9.0902045707362,8.749589625492709
9.535101442669385,9.58211075890184
9.55591392284374,9.508312662103442
8.472195825485501,8.378590435907396
9.682529112127256,9.832587612887403
8.826147399143558,8.533391769132436
8.706324840138741,8.530073038152153
8.790725628263576,8.692821858724711
9.20230820027892,9.14779367561376
8.972083182851925,9.502373880349252
9.82211479407039,9.895468831461185
8.576593534697684,8.713214587248292
9.023408202624545,8.827754473580951
9.49363784611014,9.177749589462104
9.444067716830038,9.198098650472787
9.648272670221848,9.350454602975512
9.72232532346202,9.839356077386665
9.347403022364524,8.988669258611774
9.549808117577196,9.584337802059661
9.445412494155669,9.298359260087649
9.18132342290569,8.779938546957137
8.17131687471973,8.214531589947883
10.006675710332296,9.91743359044911
9.404672841436271,9.186483092041795
9.654320816312682,9.70368111481115
9.529593783265282,9.433073537379396
7.419380582918692,8.041171563740999
7.794823152179389,8.142785866255714
9.789478635924262,9.978131433377968
9.839268980209477,9.72608254892806
9.693075115575647,9.90778307009855
8.730851903519232,8.785222316017851
8.97979449089521,8.813649866914748
8.433159195806228,8.33256487731242
7.822044008185619,8.133746691085733
9.06958293425992,8.948102139129105
8.884194633072273,8.669852746940121
8.846496938558838,8.532038076232583
9.572480355345974,9.813155569647588
8.38206051742474,8.497060398400917
9.674263049655917,9.669140112108469
9.495068084601527,9.598617078777457
9.158204617555654,8.993079677414519
9.379323364330956,9.314603574885876
8.652947112393857,8.853430971165245
8.40290404501411,8.549199408801677
8.411610428841172,8.536011819906342
9.229063985974284,9.199845350988724
9.384209641955154,9.343031125782773
9.217713126305595,9.442112712549378
9.607168286688683,9.565997446642308
9.615138591096644,9.754684769876551
9.742614326948043,9.942629745391521
8.62998601889136,8.512387695428277
8.674025985443025,8.530378710742442
9.19755903761145,9.497788791494914
9.266153436795395,9.009280324699848
8.878776071707552,8.705310767413671
9.753129670947564,9.56844282736462
7.536363938404511,8.065625370964137
9.600624158088683,9.56992752280317
9.62747051161485,9.700056711240578
8.843470781627381,8.718847696412192
8.661293535389994,8.492038634417595
9.84283480532418,9.885992981162218
9.557045784877424,9.501238525013893
8.826441041782578,8.596141985167522
9.247925132303454,9.4925486899471
9.258177701390345,9.008756314545066
8.765614549914716,8.44282534738103
9.322418275381532,9.089584880920114
9.610792938260802,9.565866444103612
9.289243969571649,8.893692418057626
8.1101268019411,8.254400029224177
8.903679332926599,8.798977582580866
9.52500511575785,9.481500809183789
9.156623089470196,8.869500615911878
9.305559638557115,9.583246114237198
9.070503426788385,8.865090197109133
9.18296917518005,9.25805414568237
9.596214830319344,9.73459771394326
9.362803915102653,9.130807013096259
9.200693994924375,9.088667863149247
8.460199469896118,8.443698697639
8.304247465078474,8.249989610421434
9.47608353690921,9.562329375558837
9.120196822123216,8.901814575456738
9.419141561574516,9.352288638517248
8.988196320995057,8.808671770444324
9.527993782923948,9.511151050441843
8.626406276389554,8.616403711152406
8.974997713204976,8.688542442460662
9.175438319966918,8.899063522144136
9.535607204755236,9.372113689373148
9.583901931071338,9.919223958477946
8.462948176563842,8.296801184248581
8.764834214330834,8.649241680852048
8.407601514786142,8.35068689516528
8.769662508112274,8.960241707714877
9.388151773292252,9.501631532629979
9.181529290122064,8.86124745597407
9.328034514792826,8.972250273761954
8.125039097367745,8.305185346725086
8.733594061863055,8.66928506927244
9.416297071867572,9.075174601663623
8.55564437779049,8.355053646455126
9.398312600278953,9.294472851439686
9.227492430793747,8.929194106044072
9.343559215762406,9.113296340423977
7.708410667257367,8.035844127167387
9.593014391783532,9.4301478140152
8.58466490653125,8.554177505272103
9.744315955640872,9.979572461303619
8.77230041793584,8.560902302258464
8.05356916913454,8.163877274985671
8.505727713306959,8.417279852335431
8.030409562130485,8.154095752096415
7.922623574217286,8.328765803690255
8.797850648931053,9.260543193917583
8.594154232552366,8.295316488810034
9.533799735803484,9.573901266476929
9.412872969386267,9.232159310533584
9.09873819539488,8.751379993521546
8.103191752285786,8.310862123401886
9.45430563898269,9.348445897382183
8.11312710422178,8.214444254922087
9.636849167012697,9.893765798458144
9.186969385652942,9.003865553100438
9.714443449981347,9.767523018668697
9.843206621651198,9.889137042090908
9.011645501064285,8.72574716345015
9.244741798693514,9.378794818846611
9.092457331319466,9.004258560716524
8.767173396684006,8.680507620087345
7.741533589281828,8.112524279817082
7.633853559681768,8.104620459982462
8.50086053679534,8.436493558010753
9.526099566999854,9.216613675941733
7.543273346705446,8.149248658164687
8.977777598745481,8.716314980664082
9.732461955484023,9.847303564734183
9.235130540783402,8.844566466046858
9.617470759403409,9.843810163702308
9.264639145383562,9.383467242726747
8.066835314417336,8.196103899504735
9.22808205345234,9.070283840218995
8.38320455141292,8.352302593142523
9.358329249689632,9.71477266308736
8.19836438996762,8.281037212092238
9.038483865029992,8.716009308073794
9.64788537354776,9.82953088698451
9.410911062438,9.468182217749758
8.056426767522984,8.350599560139484
8.92172453036431,8.60299778469258
9.603057907261844,9.735078056585143
8.378390788535778,8.376276057723778
9.807582195649056,9.954419973874105
9.332026890232784,9.955336991644973
9.003439196207838,9.027489677578505
9.716434821366272,9.921756674226057
7.989221408815276,8.152087046503087
9.19023970026918,8.956922976734594
9.439227397917458,9.454645288751236
9.683900170549684,9.90948610310159
9.35305447417536,9.068493472190159
9.530102337891377,9.520714235766604
9.655923226680237,9.816081293011786
8.881975184248867,8.720681731953928
7.796057974316123,8.110471906710854
9.724420693462667,9.536914883051933
9.155461710466192,9.058275274171919
9.697324021256602,9.477046722868145
8.509362612301048,8.691555500850656
9.05881956433494,9.258709158375847
9.604946736749472,9.803679719348622
9.494541392591309,9.887172004010477
9.42027709580311,9.268927356394087
8.73681053295389,8.393961400447655
9.282009658666542,9.075392939228115
7.768956044538332,8.05649886076836
9.845381631129095,9.959005062728444
8.522180732927277,8.42155926859948
9.64049809267472,9.889792054784385
9.6822172456036,9.746606279990337
8.340456012916183,8.360992428209316
9.77661962392714,9.925861420438512
7.675546002537848,8.09300490155147
9.1834829178063,8.911508763320196
9.176473302464606,8.987795908353805
9.253591413970495,9.383991252881529
9.968994354738248,9.925599415361122
7.783224016336037,8.083922058868591
9.337237305164534,9.037620540570947
8.339261982923576,8.33199719964474
8.896724917497897,8.967272177291528
9.758114899520375,9.510277700183874
7.919719760924575,8.165536640475812
8.123854263105914,8.165405637937116
9.248887781588422,8.940853331987961
9.25244154799482,9.059410629507278
9.396404915048972,9.126134589216125
9.127719343287843,9.095305325109813
9.588982266040473,9.555517243546678
9.540938245404796,9.75416075972177
9.042868018032436,8.735747023903897
9.54781210893048,9.512373740803
9.391661428436556,9.732239668246743
9.654449103676551,9.988349631396208
7.664815785285735,8.060952947084001
8.486940148245216,8.461646045440267
9.157993891603974,8.880461161649391
8.165079258805068,8.263177199316768
8.65956043270316,8.626316236580358
9.190341725469493,9.24220283850023
8.5016733797582,8.321604331574907
9.441531454869692,9.6654283735121
9.051461866908694,8.879282138801134
7.7336835707759,8.108856208733611
9.593764349207468,9.4244710373384
7.809135398120538,8.165492972962914
8.599510233905452,8.43431018236583
8.27563105457801,8.290600397417
8.669399124305569,8.420642250828612
9.738848730594482,9.972498324214067
8.362175469149628,8.284443278098317
9.8220605538404,9.918874618374758
8.715552125907816,8.649809358519729
8.910315776326016,8.870068293579559
9.420520256898534,9.2884030671468
9.930956794525674,9.937389643843705
8.17244681834278,8.211649534096585
9.722265391185474,9.861408171400386
9.674891664210184,9.438313638927212
9.820649274227124,9.79101614060807
8.348537825386098,8.513217378173348
9.522519916028353,9.672895518217736
9.296426320889312,9.353729666442895
9.426580146973595,9.305782737280387
7.954372272531867,8.279465181627893
9.467150780760877,9.479885111206546
8.336390480591552,8.463611083520696
9.206834232646894,9.089803218484606
7.480992162869525,8.059206246568063
8.660600654710967,8.649722023493931
7.8547691834991324,8.105275472675938
9.04899722156742,8.680594955113142
8.886685639065584,8.878103115952875
9.357639058997062,9.252552039057164
7.997326822998097,8.34020669206965
9.19502366786429,9.110938294727461
9.396487933603666,8.990459626640611
9.692889970390436,9.75638780287959
8.400434630806041,8.318241933081726
8.649974302650056,8.823911732445886
9.42197798310419,9.725558538773278
9.552510629712032,9.783854668492722
9.58911921482184,9.694292599537981
9.20109779060925,8.884347570297354
7.228388451573604,8.057415878539226
9.212737496575905,8.939019296446226
8.88723835429314,8.717144663409153
9.289243969571649,9.096615350496766
9.890452970265668,9.800710328471528
7.682943169878292,8.065756373502833
8.502282578680484,8.309377427963337
9.11723775371386,8.91823356030656
9.77661962392714,9.75271973179612
9.617271072245956,9.66315766284138
9.212338374638856,9.41337948906219
7.735433352499688,8.065145028322254
9.667638628724363,9.584206799520965
9.905685136079615,9.978131433377968
9.70094288005314,9.455693309060798
9.704365657063828,9.670930480137306
9.23824732522919,9.489317293992613
9.274066062856727,9.184518053961366
9.418248450647615,9.266787648262063
9.218804450388312,9.459710720247458
9.28266103355581,9.26263923453671
8.546946149565585,8.709502848651923
9.299998243906716,9.285128003679416
9.752432077616172,9.845600531731144
9.462265724715843,9.20224706419814
8.245384468120747,8.307980067550588
9.223355309053677,9.077969322489125
8.482601746646619,8.422912961499332
9.024492605405667,9.117270084097738
8.684401110400144,8.718280018744514
8.073091199693154,8.25260966119534
7.931644021454311,8.162698252137412
8.678631537293768,8.685529384070668
8.647870515057853,8.429375753408305
9.564512185696795,9.828264529110456
7.848933726364071,8.125580866173722
9.46335335689267,9.681934693387717
7.922261058353247,8.205623417316598
9.243484970568485,9.243993206529067
9.568923494184215,9.430322484066794
9.61213207471804,9.935249935711681
9.282847062762931,8.987184563173226
8.491259809389733,8.518020804592178
8.545586265917455,8.550946109317616
7.659642954564682,8.167239673478852
9.070388411548738,8.96495779910791
8.480944058741116,8.4436550301261
7.670894831362117,8.128724927102411
8.2482674474469,8.205885422393989
9.846970109700957,9.487745263528268
9.6778408710038,9.834858323558123
9.13194630454817,8.769196338784116
9.758230539878989,9.763680277533634
8.42639282708974,8.325054065093886
9.670356794688852,9.624861254029431
7.763871287820222,8.056062185639375
8.117312461601975,8.209640828503256
8.7157161275482,8.429070080818015
9.250714266114455,9.104519170331388
9.852720435482476,9.99166836237649
8.81877816903701,8.781510577421482
8.89795568688403,8.876400082949836
9.485772721999046,9.896866191873936
9.255982729854884,9.173077165581969
9.613001552751612,9.838570062154492
9.372884301161465,9.288621404711293
9.543306469268108,9.347223207021026
9.021115038865434,8.804872696822159
9.41132011058867,9.50272322045244
9.36768594269996,9.944289110881662
9.20943996673302,9.087008497659106
9.57851889529833,9.86555658512574
9.596010852756168,9.464645149204983
9.901485549865455,9.937520646382401
9.162934249578912,9.27735518638349
9.622251327567737,9.651280099332999
9.268703615273097,8.932207164434066
9.436280010592396,9.722501812870387
8.65834547117212,8.801903305945062
9.64620535247543,9.626127611903486
9.44509623861856,9.489753969121598
9.313799080344412,9.231897305456194
9.590214130417438,9.439885669391556
9.633710883953182,9.50355290319751
8.52615293278771,8.387760613616074
8.632662441222351,8.516754446718123
8.955706153570603,8.695878584627604
8.705828110266784,8.522998901062602
9.291090521661292,9.026135984678653
8.503905297089302,8.448633126596526
8.190354403763262,8.339202339272985
9.572619582634749,9.565735441564916
9.158731238242952,9.30914513577357
8.144969417087875,8.224706120453225
9.515027043243787,9.454121278596455
8.604471199523298,8.380904814091014
9.332469505209248,9.204648777407556
8.920255414908091,8.805658712054331
9.382190628902842,9.075873281869997
8.697345730925353,8.882731872320111
9.013351778138825,8.727450196453189
8.754476306284166,8.519287162466233
8.837536046107568,8.661031909334632
9.345657668923812,9.410934108339879
8.535622326884605,8.329115143793441
9.526391218478407,9.926167093028802
9.516206114861593,9.124606226264678
8.919319398258887,8.872819346892161
9.743025330095069,9.743200213984256
7.594381242551817,8.068463759302537
8.620832226175724,8.420074573160933
9.53575166123797,9.903765658911892
7.325148957955575,8.07662958421455
8.911260254572033,8.612691972556037
9.298900548955665,8.98028509613527
9.540794536271832,9.74228319621339
9.3923285398689,9.086571822530122
8.361240889642351,8.507453266470751
9.009936307631463,9.027489677578505
9.305377787310936,9.244691886735442
8.686260632531775,8.384878557764775
10.018867703576202,9.900883603060594
8.795733605950735,8.899281859708628
8.847647355711887,8.75662009506936
9.51708950714519,9.320367686588472
9.462576597493666,9.548486773970026
9.28461261635077,8.853256301113651
7.674152921281675,8.082088023326856
9.751442986626444,9.720580442302854
9.457122321855792,9.815600950369902
9.24116051431607,9.441545034881699
8.742254901886351,8.561819320029333
8.82497196556714,8.556448215942822
8.861633597686627,8.689896135360515
9.551444720923955,9.636869820076507
9.293577970546238,9.84769657235027
8.989569004807029,8.671992455072147
9.30091207016057,9.303992369251551
9.407632639699958,9.162989970102425
9.888779923663854,9.882499580130343
9.40335455830888,9.861451838913284
9.407878894574996,9.244036874041965
7.588829878307813,8.075668898930783
9.653422343655654,9.87376607755065
7.687538766201629,8.100079038641022
8.944158830970403,8.718018013667121
8.778171881033469,8.432694484388588
9.417435838868784,9.425431722622166
7.470224135899966,8.065057693296456
9.825958350026893,9.97131930136581
8.807022955925477,8.681992315525893
9.827847638327382,9.85311134394968
9.321255432547336,9.644424299807941
9.608042089466514,9.54097596175149
9.009936307631463,8.758104790507907
9.280892027927129,9.4755183599167
9.256651274839433,9.287748054453324
9.642901705746048,9.623856901232767
9.417110609172449,9.75813450339553
9.619266151713328,9.879530189253247
9.43747594455993,9.27879621430914
8.921591063563978,8.649984028571323
9.830325286907144,9.551543499872917
8.795733605950735,8.633390373669908
8.252446090246952,8.320468976239546
9.82725424653654,9.95708369216091
9.391244257682516,9.228185566859825
9.591307848483948,9.730492967730804
8.155936337972394,8.168637033891603
7.715569534520208,8.043529609437517
8.509564164251746,8.488632568411514
8.577535420422398,8.49500802529469
8.757469141470748,8.776314143386566
9.035391569511642,8.877579105798093
9.460943436186543,9.947083831707165
9.563880407219427,9.81258789197991
9.485393028027822,9.93869966923066
9.175541866433488,9.300236963142282
9.670104253491726,9.502286545323456
9.50680873170858,9.614206380882207
8.588024372176829,8.817972950691695
7.605392364814935,8.061782629829072
9.617271072245956,9.636083804844334
8.812099108957337,8.711686224296846
9.022322622637349,8.907360349594843
9.53885243891622,9.723113158050966
9.124346658809207,9.311022838828203
9.00981411052738,8.721031072057116
9.208538750029554,9.470059920804392
9.54438108340598,9.444296088194301
9.012620873002133,8.790724422643057
8.694669696546992,8.669459739324035
9.668587665523315,9.994070075585906
8.72371943690701,8.601163749150844
9.31542084842669,9.380104844233566
8.167068178341237,8.235535663652042
8.517393171418904,8.41845887518369
9.041803370152843,8.829370171558194
9.541225601728613,9.141942228885368
9.70216664573239,9.803330379245436
8.898365606955357,8.860548775767693
9.80006959333764,9.695995632541022
9.633121357849578,9.978349770942462
8.159946655578548,8.278286158779634
9.434203664214742,9.619009807301037
9.47554674766278,9.398226862086426
8.566173813637858,8.412956768558484
9.569342605674006,9.990445672015333
9.6941852674104,9.971668641468996
9.633710883953182,9.924900735154747
8.559294367434873,8.51002964973176
9.035153304082828,8.900286212505293
8.696343057044556,8.787362024149877
9.560222295507314,9.554425555724215
8.6921543938039,8.526011959452596
9.672563813902956,9.717523716399961
8.245909264774093,8.366363532295829
8.90150275745161,8.623084840625872
9.474856166396124,9.510496037748366
8.216088098632316,8.241692782970725
9.093806555720231,8.835963966005862
8.638348312972704,8.677800234287641
7.942006808489856,8.130908302747335
8.146998697389993,8.223221425014676
8.767173396684006,8.407541996959075
8.087025470667701,8.281648557272817
9.424322081498008,9.638878525669837
8.957768009971161,8.725441490859861
9.454462329675584,9.15093773654245
9.220191688026556,9.243731201451677
8.901094121608562,8.906486999336874
9.612667227583843,9.702982434604776
8.957768009971161,8.872775679379263
9.665039989962043,9.957214694699607
9.387565631345389,9.370716328960397
9.093244600099936,9.0049572409229
8.118802996980035,8.232609940287846
7.659171367666058,8.052263112017208
9.226410552153675,9.068231467112767
8.19891444498699,8.320337973700852
8.777401286867264,8.520597187853186
7.532088143541722,8.050996754143153
9.04735074348172,8.997402761191466
9.22276289197474,8.921464956261046
8.628376720376853,8.43177746661772
9.506957408485542,9.615429071243364
8.9850695596458,8.829108166480804
8.113426639943654,8.315927554898106
9.51951481976606,9.310717166237913
9.58162802828276,9.547700758737854
8.146709052203319,8.241125105303047
9.29081375612606,9.118099766842809
9.483264073452418,9.598879083854847
7.860570785538664,8.075537896392087
8.93971205409023,8.733738318310568
9.457044187699406,9.798221280236316
8.740656691541368,8.603740132411854
9.42633845512952,9.420191621074352
8.463159302923751,8.457977974356796
7.483806687665835,8.05335479983967
8.454253391642363,8.602692112102291
9.646787217693076,9.728222257060084
9.034199674257309,8.655136795093341
8.72534492491121,8.709721186216415
8.974871170971337,8.59221190900666
9.222367752188902,9.06395205084872
9.851773116849447,9.96280413635061
8.58653266949485,8.486667530331083
8.047509510981422,8.224531450401631
9.13043098874788,9.237879754723282
8.383890344101816,8.35409296117136
7.92443418488756,8.086585777155397
8.562740006372207,8.512256692889581
9.786728991925932,9.716388361064602
7.51425465281641,8.142436526152528
9.269080866998785,9.625603601748704
9.26302769425519,9.186395757016
9.270023374137356,9.054650870601346
9.166492972195906,8.925395032421907
8.430109084509125,8.347149826620505
8.744647438317532,8.499898786739317
9.773264965486154,9.80350504929703
8.439447842791385,8.651075716393784
9.436918020024674,9.457396342063838
8.07215530818825,8.316014889923904
9.839802000849994,9.993109390302141
9.431962766918454,9.568268157313028
8.12058871174027,8.159423188670027
9.391244257682516,9.602547154938318
9.023528749909364,8.696315259756588
7.7488913372555315,8.14632293480049
8.584851839890053,8.440729306761904
9.677966176435952,9.75839650847292
9.544166252942194,9.624511913926243
9.60649561075857,9.905381356889135
9.337677620437375,9.199845350988724
7.7458682297922685,8.119205409290547
9.158415299111264,8.75688210014675
9.075093222568157,8.883299549987791
8.263590432617319,8.310381780760002
7.608374474380783,8.140951830713979
9.721485944553091,9.851888653588523
9.655667013509476,9.354297344110575
9.62681135926088,9.469885250752798
9.836866865194231,9.691890886328567
9.291643823040218,8.950896859954607
9.443988555935478,9.327223486113532
8.971194463184467,9.401676595605405
8.77043908654689,8.536492162548226
9.137984709784044,8.85046158028815
8.091933455979893,8.187632402002432
9.37220408686774,9.171854475220812
9.428591977209964,9.170850122424147
9.426257878198651,9.22831656939852
8.51097389160232,8.420904255906004
7.576097340623111,8.054359152636334
9.420520256898534,9.510059362619382
9.709660055555972,9.620276165175092
8.793156870913819,8.663477290056946
9.287949351303164,9.47438300458134
9.31928445896536,9.189146810328602
9.881190817537515,9.849137600275919
8.200288260287554,8.300643925383646
9.468851067127684,9.513028753496476
7.72356247227797,8.08173868322367
8.433376705323127,8.53269308892606
8.472405008626103,8.461646045440267
9.402034535016805,9.256263777653535
9.676586952344206,9.851146305869248
9.54050705603412,9.790273792888796
9.888323152016357,9.870578349109064
8.50045386741194,8.592692251648543
9.428109506952936,9.55032080951176
7.932003152361385,8.169990726791456
9.887002416276266,9.918874618374758
9.589461504744746,9.496216761030569
9.116139576577355,9.123339868390623
9.74455043597491,9.95031522766165
8.662677858158219,8.64299722650757
9.183174703903411,9.051637812211354
9.288504392945535,9.323031404875278
8.121183242078828,8.226016145840179
7.9561263512135,8.154226754635111
9.707533494010876,9.741147840878028
9.570598887246268,9.678572294894536
9.7603097828598,9.685995772087274
9.04617302576227,8.912294778552369
7.653020413804189,8.095668619838277
9.544810605926722,9.576521317250837
9.236884927198297,9.053646517804681
9.643744848773588,9.98040214404869
9.472396896788991,9.729925290063125
9.621986339159427,9.470758601010768
9.795623906660182,9.949616547455275
9.156412029950626,8.778279181466996
9.291367210618557,9.567700479645348
7.886832998955056,8.201431336078347
9.140668698726865,8.825352760371535
9.487593248937424,9.68411806903264
9.036225051729328,8.759589485946456
7.623153068476902,8.079031297423963
9.282288871288769,9.37770313102415
9.198773735604718,9.180762647852099
9.642447411030767,9.763723945046532
9.289798293310898,9.066266429032337
8.557759153162898,8.464702771343159
9.675771061251782,9.760492549092046
9.532786124364256,9.83180159765523
9.327145151518268,9.57276591114157
8.97055917950895,8.844348128482366
9.04735074348172,8.853474638678144
8.978912601074276,8.847885197027141
9.113719333371757,8.780549892137715
8.570923513837204,8.533915779287216
8.784774592161016,8.531339396026208
8.416709652837914,8.324093379810119
9.24619002486988,9.230980287685327
9.196748418456716,9.026397989756044
9.29798488182823,9.09224859920692
9.388235479817224,9.375519755379226
8.427487278331744,8.440248964120022
9.509555680241636,9.271678409706691
8.593042503699674,8.592866921700137
7.665753431861699,8.099249355895951
9.727406483331627,9.574949286786492
8.415824697027949,8.475619649567774
8.786914938491025,8.524614599039845
9.594445640962938,9.75416075972177
9.329810871952349,9.254822749727886
9.382695764458289,9.165479018337637
9.131297164635727,9.216133333299851
9.854297308345355,9.699925708701883
9.235032984566557,9.221373434847665
8.919319398258887,8.82749246850356
9.144307401371744,8.92954344614726
8.22040309993373,8.312652491430722
9.308917935337176,9.170151442217772
9.405989388981,9.142378904014352
9.72728722274711,9.96420149676336
9.82195206455361,9.686345112190462
9.286560397887593,8.887928306355029
8.94910546953925,8.87766644082389
9.261413642160184,9.15006438628448
10.004689433045096,9.974638032346093
9.784478765953926,9.737479769794557
7.177782416195197,8.064228010551385
7.654443226470112,8.11313562499766
8.292047637431354,8.462606730724033
9.561419689557756,9.952542270819471
9.048291920021784,9.142815579143337
9.424483541093094,9.363904196948237
8.640118538253535,8.52251855842072
9.47830431356186,9.220150744486508
9.835048099313608,9.968087905411323
8.870522545103873,8.746663902128512
9.257891673834406,9.543421342473804
9.65509029374725,9.579403373102135
9.30118605527576,9.152859107109983
9.31217467785745,9.110501619598477
7.902857191280582,8.180121589783898
8.891374009484636,8.75234067880531
9.227295812625597,8.981595121522224
8.060224240440958,8.17012172933015
9.51044496442652,9.585909832524006
9.793561073157525,9.694423602076677
8.756210091886738,8.763825234697606
8.187855443695623,8.284530613124115
7.658227526161352,8.080122985246426
8.297294370266917,8.28322058773716
9.600353375525426,9.738702460155714
9.346530726426447,9.654555162800383
8.94023623179847,8.850985590442932
8.562548893137034,8.408852022346029
8.712595487748722,8.503654192848584
8.961366060627451,8.837186656367019
8.899321434159964,8.888495984022708
9.26974071525763,9.218491378996367
9.808462332127018,9.97241098918827
8.857088135314953,8.745965221922136
9.836599606994495,9.915555887394476
8.637284671674058,8.574613901308581
7.580189417944541,8.072000827847312
9.577895907011127,9.716956038732283
8.611411866655219,8.545094662589223
8.575650760987806,8.469899205378075
8.83651926920248,8.768759663655132
9.70625538300642,9.810448183847884
7.771067086065406,8.118594064109969
9.376617231601282,9.44263672270416
7.315218389752975,8.04820203331765
8.452761331256848,8.490029928824265
9.598184471326944,9.879355519201653
8.966356154790121,8.933997532462904
8.070593539949519,8.192435828421264
9.33617975681533,9.030764741045889
9.874676470682008,9.704117789940135
9.513772754519197,9.349799590282034
9.93440465517085,9.989921661860553
9.526609901279876,9.308795795670381
8.994420665751292,8.82439207508777
9.64988479373721,9.790928805582272
8.742893471512136,8.777405831209027
9.4511666581427,9.295302534184756
9.588297240667746,9.719052079351409
7.80057265467065,8.114401982871716
9.19502366786429,9.0021188525845
8.722742874329398,8.50858862180611
8.295049140435111,8.276976133392681
9.550306497851652,9.453422598390079
9.248310303227813,9.048275413718171
9.354007721788596,9.0899778885362
9.092569836241674,9.07159386560595
8.734721003944811,8.53666683259982
8.353025845202325,8.396756121273155
9.600759521879077,9.445213105965168
8.982184278838428,8.699983330840059
8.61431990214696,8.644394586920319
8.76170676846664,8.565924066241788
8.745443680098592,8.550378431649936
8.951699168308815,8.96299276102748
7.950502434808851,8.266539597809949
9.218804450388312,9.245477901967615
9.294957217696062,8.989498941356846
9.23620303150191,9.227355884114754
9.379154445411636,9.2062208078719
8.915700818956903,8.75325769657618
8.156797046675651,8.407061654317191
8.934718614016768,9.023297596340253
9.222861652529854,9.058362609197715
9.180705566846491,9.455562306522104
8.99118884193151,8.665049320521291
8.258422462458876,8.347717504288186
9.49702194409438,9.266219970594383
9.076123029856374,8.966355159520662
9.9482218838763,9.902630303576533
9.129997619293643,9.201242711401475
9.44557058442554,9.311765186547476
8.134467570277563,8.196322237069227
9.25272913846797,9.214124627706521
8.887790764195326,8.751947671189225
8.709134991587183,8.500335461868302
9.19187085569252,8.747755589950973
8.551208070003515,8.506929256315969
9.13194630454817,9.156221505603163
9.601638940166769,9.583988461956473
9.453129675537228,9.075567609279709
9.614070642790631,9.99114435222171
9.410665553209713,9.617350441810895
9.636457419815208,9.490103309224786
8.73020559553099,8.63701477724048
7.949091499830517,8.136148404295149
9.514510761932764,9.612023005237283
9.959820625876288,9.980620481613181
9.152499372286332,9.06932315493523
9.268420583052707,9.435300580537218
8.140315540159985,8.261430498800829
9.297893268984044,9.029542050684732
9.049936850483158,8.880024486520407
9.05975001334368,8.689983470386311
7.906178840394815,8.103310434595507
8.638348312972704,8.600683406508962
9.505097358099926,9.230412610017646
9.395158808968723,9.439492661775471
9.908226306883302,9.983851877567666
9.18512512283512,9.138492495366389
9.073947747070628,8.966267824494864
9.07371849443322,9.031288751200671
8.12740456269308,8.257806095230258
9.720705889909716,9.959878412986413
9.37864751738456,9.409886088030316
9.31973274874738,9.16565368838923
9.503233841478496,9.459492382682965
8.116118431609365,8.375446374978708
9.758288355043923,9.896822524361037
9.785941988681085,9.635734464741148
8.685753832960154,8.575967594208434
8.736328721332908,8.752690018908499
9.365547636278563,9.281197927518555
9.51569044208137,9.489317293992613
9.669219856718984,9.454208613622251
9.382779928915689,9.584512472111255
9.398644000447684,9.341415427805531
9.13216259091216,9.012380718115638
9.163458386076051,9.101287774376901
7.537430036586509,8.055931183100679
9.157677719392876,9.247268269996452
8.09009578318096,8.15282939422236
7.805474625270857,8.091214533522635
9.458917724547202,9.279669564567108
8.875985891325971,8.70216670648498
8.648572269472618,8.568413114477
7.651595573857601,8.078900294885269
8.403352374992478,8.46780316475895
9.537267195753865,9.45792035221862
8.895492631451633,8.922207303980318
9.54273286919502,9.428619451063755
7.984121958702927,8.184182668483455
9.364433907313582,9.39927488239599
8.37539918579835,8.521121198007968
9.744374580879056,9.600975124473974
8.387312270561717,8.39378673039606
9.700452954144632,9.685253424368
8.64135583403666,8.41618816451297
8.47907586930311,8.333307225031694
9.62264867856634,9.627350302264643
9.464439807410836,9.458662699937895
7.507141079727608,8.03946853073796
9.527192821727745,9.689096165503065
9.0617243476474,8.740070107680845
9.637371257998907,9.51036503520967
8.327726166461412,8.424615994502373
8.97979449089521,9.321546709436731
8.080546965824498,8.236714686500301
9.62211884214094,9.55656526385624
9.556197008479035,9.548836114073213
8.938269147038548,8.762427874284855
8.27893600229198,8.274443417644571
8.05356916913454,8.24894159011187
8.874447967219979,8.765222595110357
9.648724326841457,9.872412384650797
9.308192772143688,9.039323573573988
9.59709825261865,9.301808993606627
9.329100707697023,9.512286405777203
9.223848722000977,9.309887483492842
9.167224080902557,8.92469635221553
9.156728602527531,9.254036734495713
7.745435610274381,8.108244863553033
9.268986567408916,9.239189780110237
7.742402021815782,8.186060371538089
9.51745735706657,9.754248094747567
9.431962766918454,9.057008916297864
9.697508347391498,9.80913815846093
8.878497403738631,9.046179373099045
9.806536026459678,9.925206407745035
9.070618428801046,9.01683480443128
7.8724551500639794,8.119598416906634
8.702842538302868,8.57832563990495
9.248791558350437,9.208491518542619
8.16763571524637,8.265797250090674
8.4252971767117,8.370511946021182
9.355565624128962,9.237181074516908
9.741086263177303,9.727698246905303
9.17812704961153,8.792209118081605
8.32263709695394,8.42046758077702
8.29853954537488,8.37762975062363
9.81945355692612,9.711497599619975
8.907883013942248,8.52417792391086
8.810459642161918,8.810636808524755
9.440499258184298,9.378227141178932
7.9211727215870145,8.18431367102215
9.73996812270477,9.827216508800893
9.158731238242952,9.405912344356555
8.85922139360813,8.555531198171954
9.537195079502435,9.567744147158246
9.290629203204986,9.12993366283829
8.15507488781144,8.22566680573699
7.776535028185241,8.312346818840433
9.69609431131315,9.729968957576023
8.597666575566114,8.409114027423419
9.43731656931057,9.287704386940426
8.989569004807029,8.813387861837358
9.53300341332321,9.212552597242176
9.752141270041491,9.982410849642019
9.424160595829507,9.241897165909942
8.797850648931053,8.699852328301363
8.546557800046141,8.37793542321392
9.051344640485723,8.728410881736956
9.128479345495862,9.262464564485116
9.166910814048848,9.113340007936877
9.722145515855674,9.761715239453203
8.961366060627451,8.742777493480549
9.21183924809992,8.923255324289881
9.15133319139615,8.925176694857415
8.87640491500694,8.756794765120954
7.973155433444133,8.152436386606274
9.750511182936638,9.663026660302684
8.074960359115858,8.37055561353408
9.18686701579054,9.045611695431365
8.667335849845957,8.472082581022999
7.698482787880946,8.147676627700342
8.732788324973118,8.537452847831991
9.122819774446688,8.966486162059358
9.01614864261174,9.071899538196238
9.724480496710004,9.609795962079463
7.816416983691801,8.121301449909673
8.505120610181969,8.49304298721426
9.472550778454297,9.827216508800893
8.769973211858753,8.900810222660073
9.31325790598287,8.986835223070038
9.749520189238702,9.588966558426897
9.167954655479743,8.811466491269826
8.935377071932177,8.739109422397078
9.298900548955665,9.93529360322458
8.469682208745185,8.401865220282275
9.470548467427207,9.615472738756262
9.107975365298154,9.161374272125181
8.97449144816442,8.74950229046691
9.44311737225863,9.672327840550057
8.728587995695898,8.527933330020128
8.163371316459912,8.232566272774948
8.279189777195004,8.267893290709802
9.222565341598752,8.952905565547937
9.824552564447986,9.791234478172562
9.663197842386948,9.825120468181765
8.826147399143558,8.629372962483249
8.786303878282583,8.45732296166332
9.42084437974393,9.585647827446614
8.733594061863055,8.572430525663659
9.51125944745996,9.466391849720921
9.564652526725729,9.885861978623524
8.41803561988302,8.460074014975921
9.012620873002133,8.63897981532091
9.487972108574462,9.396436494057589
9.847763403763766,9.866255265332114
9.18881025342582,8.8745660474081
9.060331104649476,8.63304103356672
8.346167594364134,8.293744458345689
8.587465244401569,8.641337861017428
9.744726260151186,9.863373209480816
9.299723933110869,9.151418079184333
7.946263643580541,8.166802998349867
9.42875274891449,9.392637420435424
9.514953305087944,9.32014934902398
9.69683231872672,9.817740658501927
7.892825526251117,8.34108004232762
8.10832229017324,8.304399331492913
9.417760962825156,9.287093041759846
8.666130304190608,8.711467886732354
8.38206051742474,8.28265291006948
8.002359546252707,8.279377846602097
9.526609901279876,9.247966950202827
8.89740886527095,9.078231327566515
9.404178688897805,9.44826983186806
8.326032685955079,8.377062072955951
9.605081516721372,9.67734960453338
9.563458999712138,9.602459819912522
9.786391780659882,9.863766217096902
9.134970064951409,9.074999931612028
9.025575833531088,8.909194385136578
8.82246957226897,8.653215424525808
9.37007543009734,9.208840858645807
9.359449794564023,9.21159191195841
9.511185430954244,9.592066951842687
9.542517684314516,9.487526925963776
9.65162297294974,9.728265924572984
9.713536968577682,9.858133107933002
9.748820072523989,9.913503514288248
9.183277452426491,8.956573636631406
8.886409166849282,8.680158279984157
9.14899674173513,9.22207211505404
9.065083359319043,8.979368078364402
9.594445640962938,9.74538358962918
9.305741456739437,8.948931821874176
9.148145768383063,8.792645793210589
9.11173476822206,9.118580109484691
9.313348122050412,9.037009195390368
9.105646300861515,8.814217544582428
9.437874271591683,9.634206101789701
8.886270902072013,8.530291375716645
9.761693546918242,9.893154453277567
9.480596490604585,9.180369640236012
8.60392119492606,8.405926298981832
9.738848730594482,9.968044237898425
8.298041661371565,8.475008304387195
7.8709295967551425,8.16191223690524
9.412382853382338,9.46783287764657
8.901911226379612,8.658586528612318
8.247482004285693,8.217631983363674
9.57644075656207,9.504033245839393
8.098338846189057,8.270906349099794
9.25301664625662,8.961988408230816
7.708859601047175,8.084926411665256
7.8713112033234065,8.157894825718582
7.494430215031565,8.035582122089997
9.406811351874556,9.079803358030858
9.51473205799091,9.42420903226101
9.577341813632218,9.269800706652056
7.795646536334594,8.167982021198126
8.681011276645632,8.548457061082404
9.224834818126634,9.415912204810303
7.578656850594762,8.063136322728925
8.561210076833012,8.50347952279699
8.899867211223587,8.833693255335142
8.745443680098592,9.159845909173736
8.359603270841466,8.421515601086583
8.679482094459956,8.640289840707863
9.015662792972645,8.62880528481557
9.884355700220102,9.985947918186792
9.44034036408688,9.338402369415537
9.4539138048019,9.647961368352716
9.630825446840731,9.777872219225634
9.368113055848724,9.121112825232801
7.994969522697877,8.173615130362027
8.95531908176395,8.82810381368414
8.399760094524142,8.333612897621983
9.054154288786854,8.936748585775506
8.291045131081729,8.304923341647696
9.192278229157774,8.974651986971368
9.593218981411551,9.452461913106314
8.650499558724462,8.341516717456605
7.738488122494646,8.174532148132895
8.62748154531036,8.655311465144933
8.537387898701757,8.274967427799352
7.649692623711514,8.11597401333606
9.76284522273366,9.630669033244926
9.356948391612272,9.076484627050576
9.688560155993258,9.83350463065827
9.701371368413994,9.938219326588776
9.415157006597507,9.264167597488155
9.779680156808055,9.955074986567581
9.639131305387844,9.938612334204862
9.266626182986776,9.327179818600632
9.35296777022594,9.618223792068866
7.687080155783135,8.069031436970217
9.06900719585954,9.230936620172427
9.500993027872797,9.510408702722568
9.14569517848265,9.197487305292208
8.546169299652755,8.546142682898786
8.830835365537549,8.498457758813668
9.025335217553026,9.105523523128053
9.041211408968213,8.757580780353127
9.655410734676709,9.977345418145797
9.333619388136354,8.872076999172887
8.970432074329242,8.849195222414094
9.47516315028188,9.501718867655775
9.5450252980233,9.503247230607222
9.377548290960087,9.344384818682625
8.30622521603216,8.408066007113856
8.545002892055505,8.683127670861253
9.880116566212887,9.848438920069544
8.47782846789396,8.381778164348983
9.543521484499182,9.980009136432603
9.582868979838082,9.855993399800978
8.060855752934316,8.304923341647696
9.333884558067638,9.159016226428665
9.08421009483197,9.011682037909262
9.669851648501432,9.450758880103272
8.246433786160365,8.228461526562493
9.12641513703842,8.795003838907107
8.394573477868327,8.651818064113058
8.671629544720656,8.755965082375884
8.609772372709331,8.502475170000325
8.988695696785708,8.947490793948527
9.335562336729565,9.256569450243823
9.034438166984412,8.647538647849009
9.811207776416833,9.791321813198358
9.462654300590172,9.356830059858687
9.06357899058078,9.213338612474349
8.981430225767635,8.892076720080382
9.64788537354776,9.212334259677684
9.179468708309097,8.919281580616122
8.098946748943339,8.254400029224177
9.4240798432151,9.492854362537388
9.09504174761272,8.890286352051545
9.297343415597757,9.0502841193115
9.544309478379278,9.87747781614702
8.828201089171515,8.594744624754771
8.889170455363413,8.728629219301448
7.96693349840484,8.15793849323148
9.47293537905132,9.443073397833144
7.605392364814935,8.047154013008088
7.96346006663897,8.154488759712502
7.608374474380783,8.034184761677245
9.737196812814702,9.821714402175687
9.288411907396338,8.968713205217178
9.204020443231364,9.00583059118087
9.131513591430211,8.955481948808945
7.961718815981363,8.181955625325633
9.57983281962553,9.500321507243024
9.144841389743489,9.17809892956529
8.534246945982066,8.451646184986519
8.798152718107191,8.949543167054754
8.035602692918582,8.273177059770514
8.650149418664864,8.562124992619621
9.135185698375423,8.765615602726443
9.08839870117094,9.224124488160268
8.16763571524637,8.361123430748012
9.92431906211606,9.971493971417402
8.814776088545281,8.67020208704331
9.012011377036412,8.761117848897902
9.786728991925932,9.829923894600597
7.454141078146678,8.05165176683663
9.254931255304058,9.166614373672997
7.5480289699350145,8.049599393730402
8.098946748943339,8.22623448340467
9.602112152952344,9.406436354511337
9.293761980115256,9.000284817042765
8.85552084853691,8.724393470550297
8.046869510959576,8.168724368917399
9.15472194821317,8.952861898035037
9.71153981234754,9.373380047247203
9.630759771866158,9.622459540820016
8.566554620953962,8.537976857986774
8.680671660408713,8.528632010226502
9.252824983582338,9.068886479806245
9.014933575633572,8.836400641134846
9.057189192482008,8.853168966087853
9.396321889601625,9.23709373949111
9.12172771361958,8.905962989182092
9.616804980417433,9.312027191624868
8.528133131454572,8.461034700259688
9.607437230413831,9.57866102538286
9.523397750759193,9.51748283981212
9.63717550582054,9.419187268277687
9.176473302464606,9.190806175818743
9.503755976275723,9.144562279659274
9.308827318690836,9.906167372121308
9.495820020872763,9.563857738510283
9.522153924002891,9.906167372121308
8.917712757131387,8.73194795028173
8.731497794063243,8.743825513790112
9.607706101827697,9.807260455406297
9.369308003071827,8.999455134297694
9.395740518379736,9.380978194491535
9.605957144029531,9.609097281873087
7.396335293800808,8.034184761677245
7.762596048540069,8.07435887354383
9.19136140537838,9.375650757917922
9.311722986264783,9.041943624347894
9.728955578017002,9.945642803781514
9.578034382397348,9.559752992297827
7.464509834636527,8.037634495196224
9.07566546864958,9.196657622547137
9.715107681158209,9.788308754808366
9.092569836241674,9.170937457449945
8.59748202264504,8.462039053056353
9.480596490604585,9.186526759554695
9.270682600982344,9.069628827525518
9.760021257510846,9.960839098270178
9.560010841762033,9.864202892225888
8.164510268747042,8.23789370934856
9.819725436430796,9.84171412308318
9.320807825002154,8.942556364991
9.526828536269631,9.520539565715012
9.680218993408769,9.89363479591945
8.854093907655518,8.53609915493214
9.003439196207838,8.966093154443271
9.478227817099784,9.164780338131262
9.53914039514886,9.78564503652156
8.660080678964786,8.43404817728844
9.632334782035558,9.69119220612219
8.119100837637486,8.35981340536106
9.597777277564957,9.291590795588387
8.640472207576408,8.421995943728465
8.103796712981794,8.170514736946236
8.815963560853438,8.643171896559162
9.789478635924262,9.75983753639857
8.53070154144103,8.499593114149027
8.76201995356159,8.560902302258464
9.1018638956401,8.725092150756673
9.083415678402517,8.999629804349288
8.058960017769417,8.280207529347168
7.937017489515454,8.184226335996353
9.816239783971849,9.997432474079087
9.68738167857357,9.452854920722398
7.964155718840937,8.247413227160424
7.470224135899966,8.05195743942692
9.442562587223597,9.375039412737344
9.290352309945568,9.313730224627907
9.184919994629272,9.035175159848635
9.40426106461349,9.536085200306863
9.474702639106347,9.180937317903691
8.708969906980947,8.523173571114196
9.299998243906716,9.691847218815667
8.65956043270316,8.736664041674764
8.925454386826402,8.835003280722095
9.825526011066415,9.959048730241342
8.69483715865908,8.419812568083541
8.935245415029874,8.870286631144051
8.730851903519232,8.711074879116268
9.670167394770358,9.84175779059608
9.76921302671366,9.553901545569435
9.09470502837726,9.150108053797378
9.298259670014064,9.06277302800046
9.546669741249485,9.74538358962918
9.043695294567236,8.741423800580696
8.347827345782498,8.82950117409689
7.859413154693583,8.139467135275432
9.23151460720759,9.562678715662024
9.315150736328528,9.153601454829255
8.798454696065095,8.474178621642125
9.53827627757511,9.470496595933376
9.382611592916636,9.049148763976142
8.122668023346407,8.213352567099626
8.86007342433278,8.69452489172775
9.318387276059315,9.242290173526028
9.461565907417349,9.431632509453747
8.80537513890967,8.607058863392137
9.403766708502244,9.294472851439686
9.280146246220143,9.108929589134132
8.445911989411274,8.318765943236507
7.55171221535131,8.147545625161648
9.650722071987907,9.405956011869453
9.27977314669152,9.60477419809614
9.533220655077928,9.323075072388177
9.306195857619704,9.478138410690606
7.651595573857601,8.164532287679148
9.400960731584831,9.18748744483846
8.958025443361693,8.712952582170901
9.131729971394272,9.01316673334781
9.801510196423664,9.679270975100911
9.403024715805683,9.374471735069664
9.344171719609704,9.145086289814056
7.955775781534187,8.163746272446975
9.218606116393214,9.218491378996367
9.140990293841387,9.226962876498668
9.801011760946892,9.89669152182234
9.574149804815514,9.679227307588013
9.37999875481674,9.238272762339369
9.394576760974909,9.07552394176681
9.43067999595766,9.417615237813342
8.178077463849608,8.467060817039675
9.448017793067429,9.481195136593499
9.446597562435777,9.34591318163407
8.130059039992796,8.15592978763815
8.247482004285693,8.2509066281923
8.270781013162674,8.300905930461036
9.232982102457008,8.998101441397841
7.857867559331803,8.284006602969333
9.049467146388098,8.95447759601228
9.357639058997062,9.396043486441503
9.85108838373692,9.990183666937943
8.758569510991506,8.802470983612743
7.6511201757027,8.107065840704776
9.019542996701183,8.811379156244028
9.250714266114455,9.026703662346332
8.31090675716845,8.307936400037688
7.467942332285852,8.063966005473995
9.480214825778,9.394689793541652
8.756682421266532,8.605050157798807
9.775370049755686,9.924595062564457
9.575608290332934,9.544818702886555
9.624368710744834,9.761278564324218
9.306377560173123,9.210762229213339
8.435332164935916,8.27732547349587
9.360310898552475,9.14185489385957
9.692828247710418,9.84263114085405
9.536834420213353,9.767261013591307
9.72597441673448,9.916254567600852
9.5620530240851,9.577700340099096
9.465215121451848,9.627044629674355
8.340217320947035,8.23479331593277
9.805709329617423,9.943022753007607
9.541512875502493,9.648922053636483
9.478074806618269,9.537133220616425
9.71854255753546,9.925730417899818
8.52872642722991,8.480423075986604
9.256555795773146,9.283119298086087
9.836973748477789,9.787260734498801
7.72356247227797,8.138331779940073
8.609772372709331,8.457890639331
7.86480400332846,8.149423328216281
9.471087945687758,9.463116786253536
8.902047345620277,8.820898674055893
9.480749115757506,9.514819121525314
9.060563446657955,9.063166035616547
8.33110454805304,8.349158532213835
9.198773735604718,8.919849258283802
9.157572306437528,8.977228370232378
9.419060402624668,9.385388613294278
9.463819123086465,9.644031292191855
9.11943049661634,8.921246618696554
9.53097354456765,9.353423993852607
9.64121328401888,9.49136966709884
8.01565761455734,8.182959978122298
8.19063168090354,8.348503519520358
9.52821211559102,9.913023171646365
7.768110378525988,8.147501957648748
9.373224234877664,9.072467215863918
9.485772721999046,9.60503620317353
9.015055148790369,8.955700286373437
8.748463629942055,8.598849370967226
9.553078650176042,9.48032178633553
9.307557822691544,9.084694119475486
7.513163545234075,8.084227731458881
9.25674674479034,9.159409234044752
9.518780497512472,9.945380798704123
9.48524111006323,9.799880645726457
9.078978053779355,8.880723166726781
9.427707270512938,9.613507700675832
7.96346006663897,8.208898480783983
9.614804979750764,9.269233028984377
9.486455808056498,8.977403040283972
8.854093907655518,8.685616719096465
9.464284672443103,9.584075796982269
9.72972922640266,9.991493692324898
8.953898535260459,8.836793648750932
8.492285555710053,8.340861704763128
8.965206802770357,9.13421307910234
9.245514446983837,9.182334678316442
9.39091039573133,9.02958571819763
8.485702524324866,8.378153760778412
9.72978871303306,9.681891025874819
9.79305865876674,9.884813958313961
8.903951072058707,8.817186935459524
9.123910643977796,8.881509181958954
9.240772579096385,9.119540794768458
9.1833801903934,9.307573105309224
8.09712193091871,8.320294306187954
9.424887076064874,9.611673665134097
9.303375237943373,9.316219272863119
9.672500823760892,9.661760302428629
8.983690681332686,8.799894600351735
8.995784837848506,8.71718833092205
9.715771471424866,9.866822942999795
8.641709066113805,8.40824067716545
8.592115117933497,8.837841669060495
8.851233902846035,8.958101999582853
9.710812583662682,9.851233640895046
8.46252579007393,8.36116709826091
9.236982302922604,9.463640796408319
7.4821189235521155,8.05195743942692
9.432923766431829,9.153994462445342
9.869206618559254,9.688528487835384
9.005773206234908,8.753912709269656
9.635608107380529,9.614162713369309
9.49769739160402,9.283337635650579
9.19339765124587,8.966486162059358
9.63456180856679,9.49761412144332
8.163086375583216,8.295316488810034
7.791935956938058,8.139991145430214
9.69873632077599,9.871408031854134
9.390659926099463,9.452068905490227
9.215924750270084,8.884522240348948
9.54873932271967,9.399231214883091
9.36417671669105,9.237443079594298
9.43148192061972,9.310455161160522
8.942460926820582,8.760419168691527
9.047115310873217,8.806357392260706
8.963800242855577,8.91823356030656
8.40827078419205,8.57631693431162
8.27410200229233,8.327586780841996
9.594513744616725,9.84656121701491
8.079927770758275,8.185798366460698
9.250714266114455,8.890024346974155
8.935113740791747,8.77928353426366
9.454775637424682,9.805120747274271
8.44741429680832,8.374398354669145
9.259130536145614,9.479579438616256
9.639261556120688,9.775514173529116
9.556197008479035,9.565822776590714
8.19946419761216,8.180558264912882
8.339739766019143,8.332171869696333
9.4097648366698,9.562111037994345
8.885440911707585,8.884260235271558
7.770645234129176,8.249159927676363
9.065314599925925,9.085261797143167
8.770283819098399,8.77932720177656
9.447071196798907,9.291765465639982
9.92583595619989,9.964026826711766
8.560252680876685,8.912862456220049
9.340666633651756,9.160675591918807
9.173987542510384,8.977752380387159
9.485468978356344,9.59625903308094
9.705402400562695,9.727174236750521
7.71333788887187,8.14466356931035
9.53978799366043,9.622896215949
8.399984990510696,8.37365600694987
9.521934264474275,9.563202725816806
8.525359754082631,8.58369674399146
9.486152271857476,9.359799450735782
9.27199975236291,9.080895045853321
9.053803514155955,8.783868623118
9.055672891964043,8.760419168691527
9.588982266040473,9.377179120869368
9.1834829178063,8.835701960928471
9.46761478200654,9.509273347387209
9.245804036251752,9.627088297187253
8.532475814947395,8.516623444179427
9.365290731974005,9.306437749973863
8.703672758358856,8.49330499229165
7.9976631270201,8.277369141008768
8.85623355614316,8.62932929497035
8.98682175033189,9.057052583810762
9.679218367934409,9.647175353120543
9.282847062762931,8.946661111203456
8.432506383249043,8.398808494379383
8.86403999703599,8.854915666603793
8.61558951327243,8.64382690925264
9.447544606938727,9.603464172709186
7.81237820598861,8.208068798038912
8.68185981297147,8.608325221266192
8.85051762174672,8.779676541879747
9.587748882301822,9.528880060678617
9.80978108609582,9.910272118333763
8.344029572407049,8.24383249110275
8.55468163582723,8.588718507974784
9.486379932643889,9.336699336412497
8.728264161496178,8.502693507564818
9.13356731317027,9.202378066736834
9.728240909414136,9.87778348873731
9.317579122645782,8.872513674301873
9.55393007636626,9.997126801488799
9.386476169683052,9.341852102934515
9.336708670790989,9.288577737198395
9.70063670448968,9.753200074438004
9.356602878954437,9.562023702968547
9.10286651367095,9.28215861280232
9.071997422354436,8.879849816468813
8.675051276031818,8.701730031355996
9.577549634629817,9.72071144484155
9.729550745276567,9.66852876692789
7.720461694599722,8.073834863389047
9.116578992161708,8.920853611080467
7.730174795246222,8.076236576598463
9.796125034207629,9.887652346652361
7.884952945759814,8.10951122142709
8.906393407058367,8.788148039382047
9.343996756788856,9.187705782402952
7.876258882303226,8.126672553996183
9.177507214880942,9.03443281212936
8.800264651310336,8.779152531724966
9.352273867864849,9.052118154853236
9.69713966113932,9.43608659576939
9.157572306437528,9.159933244199532
9.50144159247362,9.496959108749843
8.861350110795998,8.87596340782085
9.115260165725912,8.952905565547937
9.579348943073732,9.349057242562761
9.09301972939964,9.161286937099385
8.40827078419205,8.314792199562747
9.610524895640422,9.616477091552927
9.39024233725137,9.090632901229677
9.302190025606064,9.246394919738483
8.229777750081887,8.210077503632242
8.830543010616596,9.06875547726755
9.72531736686465,9.993851738021414
8.821584877430965,8.502737175077717
8.108021221376747,8.20697711021645
9.860162427797754,9.779793589793165
8.41316512099219,8.431166121437142
9.028458718410612,8.836749981238034
8.588955557643128,8.484527822199059
9.726392314713754,9.81708564580845
9.132054453577638,8.990284956589017
8.24301946898925,8.327062770687213
8.921991410536698,8.983822164680046
9.176473302464606,9.220849424692883
7.906178840394815,8.137589432220798
9.333619388136354,9.36862028834127
8.841737428600585,8.617801071565157
8.381831553485561,8.464178761188377
9.310457163310955,9.008494309467675
9.470240063415512,9.204823447459148
9.013473543740192,8.891509042412702
9.191157552559408,8.786881681507992
9.57838048699361,9.527264362701374
9.101083386039234,9.29665622708461
9.657139343577324,9.569752852751575
7.666221925662725,8.130078620002264
9.391911647379434,9.172815160504578
9.239122173401634,9.285346341243908
7.596392304064196,8.086018099487717
8.99961934066053,8.820855006542994
9.332026890232784,8.895701123650953
9.09661160664784,8.839457367037738
8.044947049617722,8.15510010489308
10.012790287426578,9.979572461303619
8.066207568006265,8.182435967967516
8.38091517312361,8.338852999169799
9.70716848609832,9.99677746138561
9.153770020487787,9.380585186875448
9.103979355984771,8.885744930710105
8.93247660846174,8.781816250011772
9.637436500210642,9.986952270983458
8.19478163844336,8.256758074920695
9.423999084079178,9.472767306604096
7.802209316247118,8.0978519954832
9.531698970787348,9.969659935875669
9.470933838737231,9.554076215621029
7.622174594817622,8.079467972552948
8.83869681234353,8.65203640167755
7.29776828253138,8.042787261718242
9.0413298292419,8.82299471467502
9.161255164285691,8.811772163860114
9.583695426166113,9.60673923617657
8.990316947998217,8.852644955933073
9.404837504700271,9.121331162797294
8.300528606199737,8.31383151427898
9.328745436354804,9.615385403730466
8.840869624091395,8.945394753329401
9.107975365298154,8.79967626278724
9.382022193665792,9.27338144270973
8.969160133175821,8.795309511497395
8.704004653483045,8.772384067225705
8.85609105525229,8.700987683636724
9.668587665523315,9.64328894447258
9.810988418039203,9.771933437471443
8.248529124800218,8.265142237397198
9.56626503452421,9.581717751285753
8.189799618728228,8.177108531393904
9.21632244365373,8.991725984514666
7.983781068977451,8.091869546216111
9.19624144759668,9.209845211442472
9.25674674479034,9.352637978620434
9.323936878558722,9.069628827525518
9.401869409521051,9.903459986321604
9.088172738001974,8.707450475545695
8.999742789830492,8.822951047162121
9.76422548520262,9.89699719441263
8.876125585396185,8.682428990654877
9.463120392418698,9.416086874861897
9.835101639669665,9.865207245022553
9.45688790106941,9.213120274909857
9.23863624113103,9.291459793049693
7.9208096792886,8.12278614534822
8.80956425335415,8.758803470714284
9.41033811378308,9.348271227330589
9.25301664625662,9.152204094416506
9.28887424963029,9.191417520999321
8.947285869349132,8.766488952984412
8.889170455363413,8.834697608131806
9.113388845899731,8.733869320849262
7.715123603632105,8.188462084747503
9.179056081936416,8.81417387706953
8.909640602443098,9.094955985006624
9.800346793616615,9.852368996230405
9.650271316965624,9.412462471291324
9.82379478362688,9.986690265906066
9.006386515055114,8.805571377028533
8.382518288089635,8.412083418300515
9.750394646402302,9.810666521412376
8.706324840138741,8.66959074186273
9.647239545573877,9.848613590121138
9.4949928598676,9.704030454914339
9.084436955087028,9.377048118330674
9.458371638798171,9.515343131680094
9.589461504744746,9.494251722950139
9.393078508655352,9.369930313728224
9.498522319469616,9.790186457863
8.93642970360832,8.809108445573308
9.348274558065496,9.721017117431838
9.467150780760877,9.330716887145408
8.538367426647644,8.56727775914164
9.639001037687535,9.670406469982524
9.18049952996516,9.157837203580407
9.888424674859085,9.996384453769524
8.597851094433691,8.3756210450303
8.216628493133443,8.345097453514278
9.506065016071148,9.237312077055602
7.371489295214277,8.068551094328333
9.298809019963793,9.109715604366304
9.460554194813056,9.45962338522166
9.491677356868124,9.563857738510283
8.413608875159667,8.362302453596271
8.7662383802531,8.717450335999443
9.140561477368266,9.08661549004302
9.368796057668156,8.990852634256697
9.196748418456716,9.053821187856276
7.665284718471351,8.071738822769921
8.39185670010494,8.373874344514363
9.20190489315508,9.170850122424147
9.982806921740384,9.890010392348877
7.841885928984623,8.249989610421434
7.61085279039525,8.100515713770006
9.4053313318708,9.20281474186582
9.593559871137028,9.633507421583326
9.087946723762116,8.683171338374152
9.327589932026422,9.329930871913236
8.832733591996416,8.861727798615952
8.855378246041125,8.575749256643942
8.820699399214904,8.788148039382047
9.413036288021289,9.401414590528013
8.950143756459262,8.565181718522513
9.088963385809585,8.859195082867842
9.105646300861515,9.013865413554186
9.613135251528467,9.961275773399164
9.51332968849511,9.240019462855308
9.466299552232016,9.294167178849397
9.692581318886395,9.861975849068067
9.455714972131714,9.245521569480513
8.704170559746386,8.443567695100304
9.883080742758466,9.916909580294329
8.664923303440572,8.608150551214598
9.541728276688032,9.431938182044037
8.09162741160107,8.266626932835747
9.63756697186586,9.904202334040876
9.326522126265592,9.427484095728394
9.565353936588249,9.446217458761833
9.55385915186536,9.668179426824704
9.684709458731556,9.536478207922949
7.721791776817535,8.292128760368447
9.259130536145614,9.26403659494946
8.897819009510757,8.892251390131976
8.80926561216931,8.78893405461422
9.290259995152056,9.316000935298627
8.293799608846818,8.414354128971235
9.210840247017831,9.10556719064095
8.757311846936409,8.585880119636384
7.703459047867175,8.109554888939988
9.140347000155648,8.987664905815109
8.198089248956116,8.346058138798044
8.579980179515003,8.763257557029926
9.122492281402987,8.86862726565391
7.424761761823209,8.069686449663694
9.47401147446646,9.617306774297997
9.491073355339758,9.340149069931474
9.427868184504756,9.41682922258117
9.434283603460957,9.498967814343173
8.663023639627777,8.605879840543878
9.088850474388472,8.891378039874006
9.662816284353704,9.604599528044545
8.757783656334167,8.466536806884895
9.532641238823578,9.497745123982016
9.481969279105716,9.644904642449823
9.688932018408453,9.675952244120628
9.35755275165657,9.164649335592566
9.16188515170678,8.843824118327584
7.675546002537848,8.051520764297935
9.515911477263703,9.227661556705044
9.27818591887125,9.260674196456279
8.841014310483892,8.976704360077596
9.02014792080166,8.563435018006576
7.988882253309227,8.202697693952402
9.102532419341877,9.048668421334257
9.493185766536437,9.843373488573322
9.697692639556532,9.608529604205406
8.885855993000296,8.61151294970778
8.336150816120663,8.407585664471974
8.692490133273228,8.4861871876892
9.725795264125836,9.69267690156074
9.285355075781627,9.014389423708966
9.515985144802135,9.318402648508043
9.404178688897805,9.03299178420371
9.66179808393482,9.771933437471443
9.825850282808975,9.847041559656793
9.19248185367487,8.864740857005946
8.664232934065552,8.600596071483164
8.826881344130634,8.939979981729993
9.426499589515949,9.516522154528353
9.176886995716965,9.138972838008272
9.873646710525106,9.90808874268884
8.172729104865471,8.189248099979675
8.91811465947453,8.738410742190704
9.512738628263644,9.32324974243977
9.456418894572888,9.192902216437869
9.700024071988745,9.759793868885671
8.000349495324684,8.212304546790062
9.840015129580555,9.854246699285039
9.038602608721874,9.064912736132484
9.2605580881368,9.42844478101216
8.282735880201754,8.240775765199858
7.952966790923131,8.19108213552141
9.858490186605392,9.954812981490191
8.633374945705647,8.615661363433134
8.935113740791747,8.771161376864548
8.759825595314295,8.878976466210844
9.95441828120467,9.997519809104885
8.727616178321068,8.56129530987455
9.20341645690336,9.257180795424402
8.229511118964457,8.293307783216704
8.949884285777994,9.062860363026257
9.04699757378001,8.891945717541686
8.56216655705897,8.351778582987743
9.53942826848658,9.577176329944313
7.421775793644647,8.041826576434476
8.834773814213882,8.689546795257327
9.707959168254892,9.492417687408404
9.296518068217235,9.462942116201944
9.024613022047395,8.99587439824002
9.596894455192588,9.845775201782738
8.694669696546992,8.540203901144595
9.687878048875998,9.885861978623524
8.29054350077274,8.359595067796567
9.410256237171089,9.672720848166144
8.524764456912555,8.490597606491946
8.458716261657262,8.540858913838072
9.071997422354436,8.832339562435289
9.479145388658274,9.778439896893314
9.373479109353363,9.69490394471856
8.457867725331422,8.50151448471656
7.86480400332846,8.157982160744378
7.728855823852543,8.158593505924957
8.795884972029885,8.498807098916856
9.221577003902173,9.077750984924633
7.965892735084528,8.157458150589598
9.745604917619191,9.869355658747907
9.61707134520558,9.957607702315693
9.666942095531727,9.973328006959138
9.603732898850078,9.703200772169268
9.498822124598528,9.249451645641376
9.496571392160648,9.712196279826351
9.506362568702963,9.662851990251092
9.743905482711662,9.945075126113835
9.56493314971059,9.61638975652713
9.697569781886989,9.672633513140346
8.980298078970817,8.940678661936367
8.242756345714477,8.258242770359242
8.799963219506997,8.690289142976601
9.378224880972368,9.02958571819763
9.706377178268736,9.305826404793287
9.368454615069874,9.121112825232801
9.657906656102982,9.657480886164581
8.129174996911793,8.256670739894897
9.737137765251871,9.544382027757571
9.564020836934588,9.826386826055822
9.480978009818704,9.428051773396074
8.853808274977197,8.870723306273035
9.472396896788991,9.99481242330518
9.600962533214572,9.609271951924681
8.978282203272398,8.75068131331517
9.21064032698518,9.17050078232096
8.770283819098399,8.75779911791762
9.186969385652942,9.220893092205783
7.515344571180436,8.069162439508911
9.313979406735667,9.173557508223851
9.158731238242952,9.015000768889546
8.558910784768106,8.506798253777273
8.494129251817686,8.355315651532518
8.908829791587868,8.667538368756503
9.006999447958153,8.84220842035034
9.79784922051313,9.88708466898468
7.870165946469845,8.225099128069312
9.553433499191511,9.660275606990082
9.52500511575785,9.618136457043068
9.792220740107542,9.76835270141377
9.767667829393591,9.875905785682676
7.517520850603031,8.050429076475472
8.130647968160584,8.224924458017718
8.93313654381203,9.050109449259907
8.705662478796427,8.815047227327499
8.871084263978354,8.76570293775224
9.740380214665976,9.61045097477294
9.517310233335248,9.45765834714123
8.166216268592143,8.253308341401716
9.379661116592883,9.67311385578223
9.187071745036828,9.291590795588387
9.619598278323044,9.664511355741233
8.09559870137819,8.261081158697642
9.329810871952349,9.118885782074981
8.039802343736485,8.416057161974274
9.760713578544673,9.88625498623961
8.608495349823023,8.512344027915377
9.035153304082828,9.00181317999421
9.424644974623188,9.31193985659907
9.056373008678756,9.027227672501114
8.90598676523643,8.843562113250194
9.279679850054796,9.326437470881359
9.525297086562844,9.249233308076882
9.485772721999046,9.799138298007183
9.534740027363126,9.989397651705772
8.675392806089782,8.789152392178712
8.483429561263428,8.534483456954897
9.465215121451848,9.497439451391726
9.211140052146748,9.576084642121852
7.861341795599989,8.11034090417216
8.941152882160566,8.916617862329316
9.4372368721597,9.260150186301498
7.54274354536855,8.053791474968655
9.533799735803484,9.433379209969686
9.285818833152089,9.157356860938524
9.352013530292329,9.082947418959549
9.69319852665812,9.90127661067668
8.913819350857198,8.768453991064844
7.895808377083183,8.074577211108322
8.889583991794973,8.851072925468728
9.305559638557115,9.402899285966562
9.883539914726432,9.971974314059286
8.911799556189527,8.755091732117915
7.68937110752969,8.14151950838166
8.648396877031582,8.691861173440945
9.004668301573977,8.86744824280565
9.25301664625662,9.095916670290391
9.305104948420606,9.265652292926703
9.547526639331052,9.513814768728649
9.130647603066937,8.858278065096973
9.51892740510786,9.677524274584973
7.65728279297819,8.083616386278303
9.628524252492122,9.434645567843742
9.387146748082028,9.157924538606203
8.170751423757535,8.304093658902625
9.719744986586726,9.800884998523122
9.06242024189956,9.058318941684817
9.348361669873558,9.25067433600253
8.364042011922063,8.281910562350207
9.264828557260252,8.99137664441148
9.111293218374948,8.749720628031405
8.444407421690585,8.373787009488566
8.987571750367046,8.721860754802186
7.679713639966372,8.05449015517503
9.173987542510384,9.380628854388346
8.832879460277615,8.698760640478902
9.48288342558516,9.79608157210429
9.747768977536708,9.645210315040114
8.875846177738598,8.54064057627358
8.738254576526122,8.73168594520434
8.338783971442199,8.492387974520781
8.40290404501411,8.40824067716545
8.38091517312361,8.399594509611555
8.864464055279676,8.762034866668769
9.779906490764771,9.910097448282169
7.690743163541872,8.075494228879188
9.0918946167697,8.742384485864463
8.305236829492593,8.376974737930153
7.418780882750794,8.105581145266227
8.506132244056813,8.406450309136613
7.982074875081202,8.179990587245202
9.20833836930551,8.865002862083337
9.488653694423864,9.257093460398606
8.872346978983032,8.815789575046773
8.871505346165781,8.619023761926314
9.682529112127256,9.456304654241377
9.447150114054208,9.709226888949255
9.76543165404016,9.940228032182105
9.536040511615484,9.5888792234011
8.161089512845797,8.230077224539736
7.681560362559537,8.056455193255461
8.724207360800564,8.506186908596694
9.28702359674714,9.287748054453324
9.542374201998465,9.805819427480648
8.768263145371286,8.65937254384449
9.680781405546698,9.909267765537098
8.117908942383155,8.270164001380522
8.982561092257445,8.898146504373267
8.727940222393896,8.433655169672354
8.784162222270476,8.839457367037738
9.70259461015674,9.873329402421666
9.083529205109796,9.101506111941394
8.751316246773456,8.546754028079365
8.857799727175905,8.798235234861592
7.757906208351747,8.180558264912882
9.572201842602215,9.533508817045854
9.713899659750128,9.70285143206608
9.707046787181287,9.547002078531477
9.2140335438138,9.630887370809418
7.758760544157663,8.109642223965784
7.693937325509272,8.135930066730657
9.092007185014316,8.912469448603963
9.029297996680608,9.134169411589442
7.690286020676768,8.13217466062139
9.444305161921976,9.330585884606712
8.536799721055155,8.581950043475523
8.867709208039386,8.635224409211643
8.754318540250866,8.728105209146666
9.47347357150655,9.453990276057759
8.205764725234456,8.303787986312335
9.68296556192687,9.877215811069629
7.676473646389156,8.09527561222219
8.897272113133987,8.620464789851964
9.339964139769688,9.214517635322608
9.39274525863144,9.210805896726239
9.66128859468676,9.38110919703023
8.037866234709618,8.196977249762703
8.305484017727691,8.327281108251706
9.1075321519945,8.811728496347216
9.075093222568157,8.971595261068476
8.957768009971161,8.699502988198175
9.78425346461243,9.540844959212794
9.579141495712756,9.408969070259447
9.397898195565384,9.267966671110322
8.607764889600624,8.433393164594962
9.557964480394498,9.813286572186284
8.983314293397749,8.794916503881309
9.654577374584886,9.596128030542245
9.470162947548884,9.187138104735272
7.544332108053688,8.101476399053773
9.809890903798545,9.902280963473345
9.649369196922487,9.945162461139631
8.883085524404578,9.068318802138565
9.34084218004034,9.416086874861897
9.600150240473774,9.675209896401356
8.826000545482966,8.882906542371705
8.544224530467268,8.677276224132859
9.93076219467101,9.913983856930132
8.214735833382303,8.301473608128717
8.86177531100083,8.825614765448927
8.785080636539838,8.678455246981118
9.450301708216552,9.31787863835326
8.429017500512511,8.427148710250483
9.434922887484646,9.407397039795104
9.558811758564229,9.798526952826604
8.83840674707681,8.718149016205818
9.666371843655035,9.92935482147039
9.550235315874898,9.78988078527271
8.596743470174246,8.51596843148595
8.996528148090857,8.932949512153339
9.599676098154465,9.940446369746597
9.247925132303454,9.187138104735272
8.425954710981966,8.279377846602097
9.591854259261831,9.769968399391011
8.465689348549121,8.443218354997116
9.127827950401718,9.010808687651293
9.849136957786047,9.882455912617445
8.746716349694486,8.667494701243605
9.550733483340633,9.541718309470765
9.076237387452702,8.84395512086628
9.339788439163067,9.206963155591174
8.68084148294457,8.456580613944045
9.61973109808682,9.975467715091163
8.291797105048733,8.224444115375833
7.982416346827733,8.191562478163295
9.884712397209794,9.75075469371569
9.84065424336456,9.936996636227619
9.273972232220956,8.83740499393151
9.258177701390345,9.250543333463837
9.351926736038054,9.599490429035427
9.380251908693456,9.34879523748537
9.527265662897603,9.68983851322234
8.209852481301272,8.196278569556327
8.58653266949485,8.409245029962115
8.397508348470257,8.353001273348898
9.720765915720834,9.910184783307965
9.263312256742289,9.415257192116826
8.366602832783736,8.404528938569081
9.448411943874628,9.930970519447632
8.656781205623291,8.727406528940291
8.818482267274236,8.654831122503051
9.23356849809539,9.058449944223513
8.965334573804839,8.619373102029503
9.562123369834488,9.603376837683388
9.488275092973083,9.473727991887863
8.654168646443315,8.539636223476915
8.607947554684701,8.671774117507654
9.391661428436556,9.145697634994635
9.308736693832376,9.588355213246318
9.900834035070565,9.662371647609207
9.179881164491476,9.299145275319821
9.42027709580311,9.67765527712367
9.40137386937216,9.168142736624443
9.325096609274372,8.946224436074472
7.51479976048867,8.03291840380319
9.743084031043104,9.924551395051559
9.15472194821317,8.905045971411225
8.902591637374087,8.633477708695704
8.53089883847235,8.498719763891058
9.076351731972863,8.700289003430347
9.334149657702469,9.018537837434321
9.09884999594282,8.905526314053107
8.834919385216395,8.61688405379429
9.08704215563169,9.280280909747686
9.290721483922995,9.423161011951446
10.021981446583917,9.875076102937605
9.563669725663818,9.750449021125402
8.523374050491318,8.354311298735853
8.764990330169104,8.593565601906512
9.21054035197885,8.943779055352158
8.229511118964457,8.196933582249805
7.856319571406588,8.162916589701904
8.209308411646937,8.373525004411174
9.11690842718363,8.825003420268349
8.420241665339788,8.390074991799692
9.35444071594994,9.283119298086087
9.708992194810463,9.79075413553068
9.468619380058648,9.599883436651512
8.192016914536875,8.217064305695995
9.288319413292772,9.896604186796544
9.597234094498912,9.35700472991028
9.430359045942868,9.236438726797633
9.436359784035856,9.49709011128854
9.654384962051822,9.611586330108299
7.894690850425624,8.182741640557806
9.401704256754366,9.190107495612368
8.551401362745974,8.560945969771364
8.980927207648378,8.753869041756758
8.497398564088058,8.409550702552405
9.504948404498696,9.34054207754756
9.057771773331575,9.101680781992988
9.792276623200124,9.98489989787723
9.51406802284643,9.326743143471647
9.512738628263644,9.790623132991984
9.32402613638,9.266132635568585
8.213381737034572,8.267063607964731
9.118882761487349,9.129365985170612
8.318498320504338,8.35073056267818
9.875190953381017,9.987476281138239
7.55171221535131,8.063922337961097
9.15788851197376,8.834260933002822
9.127827950401718,9.251722356312094
9.531046110875144,9.516784159605743
9.173365135851288,9.165697355902129
9.761635928295886,9.86839497346414
9.77826440778205,9.857565430265321
9.434842999328025,9.672327840550057
7.9208096792886,8.231998595107267
8.676416696964216,8.669154066733746
8.642062173462106,8.402039890333869
9.121509158269568,8.720245056824943
8.554488976159934,8.399725512150251
9.605822482030945,9.209670541390878
8.355614995760183,8.377455080572036
8.941676305360163,8.668062378911284
7.709756864454165,8.103747109724493
8.343315881404946,8.34645114641413
8.535818655539403,8.523784916294774
8.759825595314295,8.546404687976176
8.152198015861787,8.17951024460332
7.808729306744399,8.12706556161227
9.014690384970896,8.73876008229389
7.822845290279774,8.178942566935639
7.704811922932594,8.094882604606104
7.850882664809852,8.11855039659707
7.595889917718538,8.178549559319553
8.005367067316664,8.138462782478767
9.675771061251782,9.433160872405194
9.057072635572965,9.034389144616462
9.835262243540562,9.429929476450708
8.91972065553706,8.64352123666235
8.879333174786028,8.996878751036684
8.591186871324563,8.498283088762074
9.191768986390748,9.060851657432927
8.620110725422924,8.441165981890888
8.31238059678675,8.401122872563
8.532278828834277,8.710026858806705
7.723120092266331,8.107371513295064
7.905441649060286,8.155536780022064
9.31982238259318,8.989586276382642
9.310276200588785,9.153252114726069
7.729735331385051,8.277150803444275
8.76170676846664,8.526666972146073
8.764678074116606,8.792209118081605
9.488123612248716,9.363467521819253
8.234564993267135,8.255317046995046
9.475700145423472,9.578748360408659
9.120962560824966,8.986704220531344
8.659039915644474,8.502431502487427
9.778491062361445,9.957476699776997
8.973731569708402,8.753607036679366
9.645493723786172,9.757959833343936
9.397234790615272,9.594512332565001
9.753768704286186,9.704903805172307
9.268609280100158,9.013210400860709
8.392989587956931,8.397935144121414
7.846589975291186,8.081345675607583
8.738094230177667,8.662123597157095
8.563122123304638,8.453523888041152
8.426611813185,8.591513228800284
9.301642530382969,9.28019357472189
9.48417703760591,9.427964438370278
7.577633832602728,8.134751043882398
9.393328373313295,9.239451785187628
9.68046899341007,9.676345251736715
7.62657020629066,8.067415738992974
7.967626739333816,8.175754838494052
7.576097340623111,8.103616107185797
9.643355794171352,9.886123983700914
9.682591473762397,9.951756255587298
7.506591780070841,8.047852693214464
8.041734711487537,8.159423188670027
8.517393171418904,8.72172975226349
8.564076777315087,8.632910031028025
9.519955154427514,9.381938879775301
8.594154232552366,8.653302759551606
9.141847375530883,8.743388838661128
9.731571668456054,9.65778655875487
9.462654300590172,9.167182051340676
8.40357646462927,8.247937237315206
7.8961806086154915,8.100428378744208
9.21542741102474,8.908976047572086
7.985824666418917,8.125580866173722
9.88369292520795,9.971668641468996
9.53119122769444,9.814159922444253
8.175829008714597,8.369070918095533
9.37339415841248,9.5974380559292
9.525443040003957,9.671410822779189
9.164296433474776,8.782034587576264
9.520908548214663,9.484950542702766
7.956827122090111,8.235841336242332
8.944028325260595,8.713432924812784
9.339876293325217,9.667742751695718
7.617267813628347,8.051739101862427
9.352881058758292,9.234954031359086
9.307557822691544,9.520539565715012
9.48721424571136,9.19285854892497
9.54180006677385,9.373380047247203
8.297045149081827,8.443043684945522
9.325542301664866,9.857434427726627
9.385469458188632,9.462156100969771
9.312987208936326,9.384122255420223
9.19370273082316,9.041594284244708
8.211482916445066,8.276932465879783
9.269457976459272,9.194255909337722
9.03145291191651,8.939150298984922
9.222466551774025,8.94709778633244
9.457590998633624,9.135566772002193
8.535622326884605,8.403611920798214
9.644328147017548,9.550495479563354
8.831127635012084,8.617975741616752
8.760139370026627,8.598369028325344
9.660460120624778,9.858962790678072
8.522976436171964,8.452039192602605
8.769973211858753,8.588631172948986
9.42011495555144,9.49080198943116
9.012864567410553,8.757100437711243
9.406153835618436,9.4187942606616
9.32491827668362,9.534600504868315
9.495594499353295,9.406960364666118
9.61707134520558,9.397484514367152
9.94174626465322,9.897433869541615
9.508442961755849,9.827303843826689
9.211539652551664,9.333118600354823
8.80056599227992,8.827055793374576
9.16062477973025,9.445606113581254
9.286745703178587,9.374428067556765
9.20532783015264,8.894784105880086
9.36999018950572,9.714554325522867
9.397317740306333,9.304778384483722
9.372374183823416,9.364602877154612
8.58316818033977,8.613172315197922
9.160519676992228,9.002293522636094
8.464214266625351,8.502125829897139
8.645234541297121,8.490422936440352
7.646831391430482,8.101694736618265
9.257033099968163,9.235172368923578
9.540003766668065,9.442287382600972
8.8065738205036,8.766095945368326
9.398644000447684,9.758090835882632
9.247443459927686,9.183295363600209
9.020752479190184,8.961377063050238
8.606485298894999,8.546099015385886
9.08330213880546,8.941246339604048
8.655737000864297,8.689852467847615
7.991253929840199,8.398415486763296
8.288534459413917,8.492649979598173
8.792397742356906,8.525924624426798
7.713784616598755,8.134096031188921
8.395477432732141,8.47570698459357
9.531263778207766,9.657175213574291
9.282940064390528,9.097445033241836
9.75138477432617,9.53957860133874
9.549950537288325,9.36975564367663
7.771910256435763,8.18060193242578
7.916807490937603,8.209990168606444
9.862665558015872,9.938874339282254
9.456027887725288,9.45451428621254
9.79434210527533,9.989397651705772
9.193194213141211,9.483596849802915
9.402777262511233,9.160500921867213
9.238927828828094,9.255477762421362
9.353141170607854,8.971944601171664
7.597897950521784,8.064184343038487
9.092569836241674,8.714044269993362
9.7323432963323,9.711541267132873
8.986946789406764,8.902775260740505
8.89370997756851,8.777231161157433
8.823058934301647,8.632691693463531
9.290075339995036,9.057139918836558
9.09829086816756,8.961246060511542
9.691345759329694,9.799269300545879
9.08704215563169,9.246918929893264
9.455714972131714,9.74900799319975
8.653470809708786,8.653914104732184
9.4834162920386,9.443248067884738
9.444621667700847,9.433772217585773
9.506139412529912,9.599010086393543
7.993282328101591,8.169379381610877
9.636457419815208,9.478749755871185
9.353661191420406,9.449317852177623
9.147507062804614,8.9681018600366
9.261508658550582,8.838671351805566
9.531046110875144,9.599839769138613
9.41759841406017,9.604381190480053
9.540147589478613,9.11866744451049
9.528939547062684,9.87634246081166
8.378620541552298,8.3302941666417
8.419359831067474,8.412607428455296
8.620832226175724,8.518894154850146
9.42100640177928,9.485823892960736
8.18088094199639,8.34557779615616
7.605392364814935,8.056673530819953
8.604287898267172,8.55933027179412
9.652201695275638,9.771103754726372
8.948975607841776,8.798104232322897
9.388151773292252,8.997228091139872
9.050758302151715,8.717406668486543
9.609988594762784,9.734248373840073
9.452894316810216,9.383510910239645
8.843037724962366,8.698716972966004
8.462103225098277,8.458327314459984
8.832441791585824,8.567190424115843
9.169726689090886,9.04382132740253
8.981932990986873,8.871028978863324
7.658227526161352,8.042918264256938
9.29090601981575,9.641847916546933
9.2751913442958,9.084432114398096
9.75492953789498,9.94970388248107
9.027018314848643,8.842601427966427
8.416267272826277,8.279115841524705
8.304247465078474,8.266670600348645
9.427707270512938,9.216613675941733
8.624072553043334,8.415009141664711
9.21840774305394,9.095916670290391
7.998335395952982,8.249989610421434
9.471627133068433,9.218011036354484
9.863186255762605,9.954638311438597
7.64826303090192,8.151781373912797
8.419359831067474,8.416624839641955
9.575816471867984,9.668092091798906
9.23200401161221,9.029149043068646
8.459775920546287,8.378241095804208
8.857657449306988,8.530073038152153
8.944811104165534,8.836662646212236
9.775824621045972,9.927520785928653
9.672941671455156,9.875818450656878
9.18307194482199,8.905613649078905
8.278428259199071,8.265840917603574
9.106756055719613,8.812034168937506
9.295783853793653,9.214954310451592
8.36822903827628,8.295840498964816
9.48440514846878,9.431719844479545
8.821732380934442,9.004040223152032
8.60922527686273,8.543042289482996
8.894258825002703,9.28220228031522
8.870943863837724,8.704961427310483
9.703449989936392,9.560451672504204
8.387312270561717,8.331036514360974
9.561912317739012,9.638092510437664
9.242904362849446,9.293730503720413
9.153346650456063,9.18665776209339
8.652423140676342,8.476187327235454
8.255308811785596,8.36570851960235
9.28628237555134,8.9766170250518
7.51425465281641,8.036018797218981
9.323579767582691,8.998145108910741
7.537962659768208,8.07435887354383
9.680906343078094,9.827827853981471
9.31659049181884,8.964739461543418
9.496796693502144,9.53643454041005
8.173011311724972,8.326931768148519
9.204422898212146,8.936966923339998
7.351799869057777,8.054883162791116
8.77307495131822,8.656141147890004
9.756089025531404,9.917084250345923
9.83322601949546,9.829094211855526
9.088172738001974,8.820593001465603
9.343646739284408,9.15181108680042
9.221478116386638,8.927884080657119
9.643809676493944,9.67136715526629
9.042158378735948,9.053646517804681
8.404472321352118,8.417236184822533
9.382611592916636,9.438575644004603
9.877451537985287,9.644817307424027
8.368925174747135,8.336101945857195
9.559094025166903,9.606782903689469
8.319717386850606,8.279115841524705
8.823647949191303,8.630551985331508
8.35936910622267,8.49439668011411
9.02749867993534,8.963167431079073
9.0320506762956,8.698629637940206
9.074520648833648,9.0502841193115
9.31874624581997,9.18696343468368
9.875602349046591,9.949791217506869
8.435766192720509,8.392738710086498
8.911934336161426,8.617277061410377
9.331761227180522,9.039192571035292
7.78155595923534,8.163353264830889
8.18757739559151,8.229116539255969
8.52377150677636,8.534658127006491
8.502282578680484,8.416799509693549
8.268731832117737,8.244793176386516
9.029777268197092,9.157924538606203
9.685393729854024,9.626214946929283
9.63174444388585,9.576914324866923
9.49356251370587,9.70341910973376
9.092007185014316,8.674568838333155
9.653422343655654,9.615210733678872
7.67786350067821,8.09103986347104
9.118553976345474,8.963036428540379
9.724360886638692,9.810448183847884
9.75492953789498,9.65887824657733
8.915029272359911,8.938713623855936
9.113609183016411,9.241766163371246
8.978282203272398,9.338184031851045
9.04085606398372,8.86631288747029
9.570040734716605,9.362026493893604
7.760893195851024,8.054621157713726
9.578934005308442,9.878438501430786
9.567595147779924,9.787260734498801
8.236685322712457,8.29771820201945
9.830163888117283,9.968349910488714
9.405495886750224,9.7306239702695
9.684958338772663,9.529054730730211
9.684958338772663,9.285215338705212
9.581972891547895,9.542373322164242
8.708639655987193,8.811990501424606
9.636718601664557,9.54892344909901
8.39660622842712,8.268591970916177
8.167919362957816,8.23077590474611
9.30301070681749,9.199190338295248
9.039433419997485,9.063297038155241
8.769507120030227,8.691075158208772
8.158516244806831,8.259378125694601
7.344719054149673,8.043922617053603
9.026056891868688,8.76199119915587
9.306377560173123,9.6796203152041
9.81076901153292,9.958437385060764
8.647168267837984,8.725965501014642
8.71028982137815,8.718585691334802
8.571491964823617,8.609722581678943
8.685077700412423,8.465925461704316
9.093469420244768,8.85840906763567
8.782629654920699,8.617975741616752
9.2605580881368,9.029847723275022
8.604104563405533,8.417541857412822
9.193295937366925,9.144300274581884
8.934586870389676,8.881028839317072
8.95789673495042,8.820505666439807
8.558143177745192,8.480597746038198
7.791109510610028,8.048071030778956
9.798960023182191,9.923241369664606
9.393744675721376,9.196963295137426
9.252249775053391,9.185915414374115
9.227983807148778,9.012162380551146
7.628031126930335,8.128375586999223
8.269756947532983,8.260688151081556
9.474165107897395,9.413510491600887
9.53834831589953,9.116265731301073
9.234545060673,9.204212102278571
8.263848131368906,8.341909725072691
7.332369205929062,8.037328822605936
9.379492254721496,9.219059056664047
9.542589417753089,9.558486634423772
8.059276223305648,8.166104318143493
7.796880342783522,8.081040003017293
8.67846133901236,8.54627368543748
9.501889955954454,9.37372938735039
9.481359383531425,9.631804388580287
9.825526011066415,9.89647318425785
9.580385534853086,9.597743728519488
9.626349693960018,9.664336685689639
8.937218450855731,8.886487278429378
8.637639344492104,8.657844180893045
8.144969417087875,8.356582009406573
9.347838885161815,9.082205071240274
8.21878715560148,8.308853417808557
9.454148923733976,9.343773473502047
9.168788944817948,8.878103115952875
8.601166625192416,8.53666683259982
8.534443544822764,8.455750931198974
8.141481041457421,8.254967706891858
8.72371943690701,8.609416909088653
9.360138737064576,9.096921023087056
9.328390038749998,9.32298773736238
8.457867725331422,8.361822110954387
8.133293861222633,8.217893988441066
9.620394932418154,9.771627764881153
9.513920399580735,9.641891584059831
8.582793648500186,8.793737481033052
8.453614209773367,8.388633963874042
9.180705566846491,9.139191175572764
9.94097599694712,9.975467715091163
9.535101442669385,9.49080198943116
8.98619632032839,8.80539670697694
9.27199975236291,9.041463281706012
9.69959500581403,9.717218043809673
9.30955202204713,8.893605083031828
8.911934336161426,9.155042482754904
9.203215047033597,9.246394919738483
7.688913336864796,8.141475840868761
9.578103612900335,9.602197814835131
9.51708950714519,9.655734185648642
7.765993079407675,8.10440212241797
8.861917004235215,8.769327341322812
8.894807371368625,8.638324802627434
8.821584877430965,8.583871414043054
7.644919344958857,8.06497035827066
8.972463821059907,9.059454297020178
8.45914025996762,8.356975017022659
9.210140351973516,9.105785528205443
8.710454688248527,8.558806261639338
9.436439551116026,9.864246559738787
8.890823576004383,8.6364470995728
8.258681496264236,8.477541020135305
9.62674542012268,9.751409706409166
8.487970332739334,8.439157276297559
9.734180932819667,9.627655974854932
9.650013651414085,9.560975682658984
9.691469384005336,9.946952829168469
9.848714526688836,9.605822218405702
7.543802867501509,8.087415459900468
9.755451473708725,9.868176635899648
9.42084437974393,9.442593055191262
9.225524507301223,9.205696797717119
8.715552125907816,8.703476731871936
8.615951963439501,8.698978978043394
8.535622326884605,8.477235347545017
8.957510510291613,8.640551845785255
8.77230041793584,8.62880528481557
8.926915889777042,9.121025490207005
7.636269603379373,8.129292604770091
7.571473648851271,8.053398467352569
9.405166749908611,8.907884359749625
9.28887424963029,9.239451785187628
8.774467601446593,8.697843622708033
9.066931788680826,8.69168650338935
9.458215559509576,9.49390238284695
9.482959566750916,9.218316708944773
9.166910814048848,9.178011594539495
9.456497077599392,9.266656645723367
9.964723752006702,9.913940189417232
8.97449144816442,9.083951771756213
8.636752426473876,8.52387225132057
9.145054905277552,9.484994210215666
8.644706511715198,8.502125829897139
9.49694686620103,9.455300301444712
9.575261224768768,9.777915886738532
7.873978379604501,8.194095193911405
9.03884005381381,8.821990361878354
8.18757739559151,8.298460549738722
8.951310542097564,8.910722748088023
8.589699882202986,8.546797695592263
10.022514258957768,9.929704161573577
9.745604917619191,9.68953284063205
8.996404301412886,8.777449498721925
9.65745912868446,9.935948615918058
8.410053315858335,8.470816223148942
8.8427489162961,8.66081357177014
9.51111140896968,9.464295809101795
9.468928284223589,9.195784272289167
9.6956020036109,9.857783767829815
9.5257348829945,9.550233474485964
9.461721464701633,9.513596431164157
8.789507786736896,8.529156020381285
9.546312483555711,9.182858688471224
8.685753832960154,8.515226083766676
9.086929027060949,8.979499080903098
9.43388384331172,9.257137127911504
7.600902459542082,8.064621018167472
9.68948955288162,9.825644478336548
9.349493433368758,9.220194411999406
9.736488011839958,9.471020606088159
9.25320827220336,8.895351783547767
8.791638037085997,8.557277898687893
7.65491704784832,8.10859420365622
9.106201332235038,8.878496123568961
9.974970654157993,9.968699250591902
8.722742874329398,8.511732682734799
8.8698199525084,8.880199156572
8.354203562921775,8.362564458673662
9.249464926660233,9.340236404957272
9.68327719519936,9.815819287934394
8.233503140233994,8.298722554816115
8.054522609537294,8.141650510920355
9.70247235329492,9.663332332892974
9.53755560876329,9.60617155850889
8.698180525197055,8.582343051091609
8.284504227258497,8.243046475870578
9.4407375520017,9.278534209231749
9.544953739112396,9.739575810413685
9.471164990258082,9.188535465148023
8.494538500851432,8.5116890152219
9.48288342558516,9.77542683850332
8.889859587773016,8.631512670615274
8.077136638538454,8.21322156456093
9.71691698145276,9.852674668820693
9.196951134857168,9.093383954542281
9.2794932306645,9.23884044000705
9.711297461543568,9.983939212593464
9.343209045050608,9.334384958228878
8.303752415563412,8.364835169344381
8.298041661371565,8.306320702060447
8.798756582859841,8.6420802087367
8.921991410536698,8.614133000481687
8.609772372709331,8.62679657922224
9.09560269450576,8.72321444770204
9.177610547353265,8.897185819089502
9.405660414555792,9.216788345993328
7.489412083508719,8.071302147640937
9.408863308108144,9.006223598796955
8.880863609867356,8.558893596665136
9.179365567676752,8.942993040119985
9.682030078993575,9.82075371689192
8.646816959209742,8.629896972638031
9.610189741298711,9.655690518135744
9.550021739538344,9.861670176477777
9.075322160298096,8.825396427884435
9.473166068429098,9.54805009884104
9.638544967053836,9.770841749648982
8.585972706811063,8.441733659558569
9.531553927636756,9.665515708537896
9.56836440548421,9.489273626479715
7.571473648851271,8.100428378744208
9.143452426434552,9.05399585790787
9.527775402577312,9.580058385795612
9.654577374584886,9.885861978623524
8.436416881388949,8.47064155309735
9.060795734696166,9.236176721720243
9.652073119254888,9.726693894108639
9.798571382586568,9.831102917448856
9.071882578828616,9.147924678152457
7.981049759665957,8.199728303075306
9.524493961633755,9.197574640318004
8.705828110266784,8.437847250910606
9.822440173682804,9.871146026776742
9.382190628902842,9.318970326175723
9.258558944246657,9.241067483164871
9.598727138549595,9.480278118822632
8.340456012916183,8.37876510595899
8.931287626222456,8.791335767823636
8.83927669058535,8.789720069846393
9.572480355345974,9.606608233637875
8.413830678421084,8.332215537209231
9.433163872079469,9.252508371544266
8.85922139360813,8.59138222626159
8.165932137321585,8.14492557438774
9.708506197595383,9.860491153629518
9.451638133870434,9.52486264949196
8.617581365447506,8.54627368543748
9.19786285046507,9.245084894351528
7.590852123688581,8.10579948283072
9.443275825752862,9.285390008756806
8.993675786759683,8.849413559978586
8.240385115516334,8.41959423051905
8.041091003708633,8.272085371948053
9.024251728612985,9.064912736132484
9.661033752687418,9.390672382354992
8.580167990577626,8.425096337144256
9.284798282894192,9.06617909400654
8.099857910737585,8.289683379646133
8.916103530553727,8.983603827115553
8.523374050491318,8.655922810325512
9.565424050523422,9.248883967973695
8.773384596776648,8.546885030618059
9.692025505995757,9.901101940625086
8.555066843844319,8.407760334523568
7.973155433444133,8.147545625161648
8.94102198354136,8.78723102161118
8.935903526274423,8.553522492578626
9.143452426434552,9.104257165253998
9.691469384005336,9.922761027022721
9.2093398716426,9.173557508223851
8.097426298597213,8.231256247387995
9.261508658550582,9.255870770037449
9.808132371719273,9.844508843908683
9.024251728612985,8.819064638514158
8.983314293397749,8.778104511415403
8.742254901886351,8.428240398072944
8.699681400989514,8.547802048388927
8.850230965588816,8.653783102193488
9.615805480084347,9.680406330436272
9.602855320908718,9.854683374414023
9.305013985578864,9.45429594864805
9.89065557372075,9.841408450492892
9.123147160273806,8.87198966414709
8.700014623251842,8.508719624344806
8.70748291785937,8.67159944745606
9.092457331319466,8.853081631062057
9.532423871145296,9.405868676843657
9.8772462413309,9.890359732452065
9.013473543740192,8.607320868469527
9.41450495669259,9.06932315493523
8.872066513408342,8.549024738750084
9.487441664883775,9.16884141683082
9.505022884072709,9.85389735918185
9.001592700945706,8.803606338948104
9.328390038749998,9.857303425187931
8.36380888451688,8.396494116195765
9.452187908084165,9.52259193882124
9.59280976029003,9.74337488403585
9.16502914926618,9.040939271551231
7.99799931797973,8.201649673642839
9.593014391783532,9.520408563176316
8.32579052588609,8.270513341483708
7.820439515262181,8.073616525824555
9.753420191271506,9.461850428379481
9.248695325852646,9.013079398322013
9.32188174670909,8.98989194897293
8.193953023563742,8.275229432876742
7.631916513071252,8.053180129788077
8.957252944288902,8.83321291269326
9.511925349596956,9.627262967238845
9.832635811564176,9.84625554442462
8.90150275745161,8.859369752919436
9.721485944553091,9.69350658430581
9.195429759240428,9.074344918918552
9.808682245262217,9.864071889687192
7.419380582918692,8.03318040888058
8.117908942383155,8.3926950425736
9.523032079931992,9.802500696500365
9.20943996673302,9.401327255502217
8.11522197256233,8.309202757911745
8.09162741160107,8.252172986066356
9.09504174761272,9.132728383663792
9.369734424126433,9.050589791901789
9.076008659180893,8.874784384972592
9.121946221213587,9.710929921952294
7.731053144007127,8.06042893692922
9.604205122018026,9.435344248050116
9.426821780416844,9.506434959048809
8.054840221101024,8.163178594779296
9.471010895181111,9.816299630576278
9.17107965802288,9.265346620336414
9.684086987500752,9.822020074765977
8.185350223178686,8.362520791160764
9.414994033976548,9.306437749973863
9.49363784611014,9.444863765861982
9.022684613591526,8.875570400204765
9.63174444388585,9.619053474813937
7.969703583278656,8.112655282355778
8.58783803098557,8.544090309792558
9.958117773187244,9.783505328389534
9.41662256621498,9.508967674796919
9.688870050941352,9.749095328225549
7.824845691026856,8.13501304895979
9.685393729854024,9.832849617964794
7.758760544157663,8.044926969850268
7.9247959139564355,8.196147567017633
7.529406457837013,8.05929358159386
7.8709295967551425,8.1829163106094
9.313889247604742,9.049148763976142
9.641733102094262,9.913372511749554
8.888342869109282,8.704131744565412
9.740792136877351,9.54665273842829
8.08886878916199,8.215972617873533
9.2954165443313,9.24932064310268
9.134107065976591,9.116265731301073
8.15908865466791,8.290949737520188
9.402942238177694,9.366131240106059
9.635477379881811,9.336480998848005
9.638740451366845,9.856299072391266
8.99230873254815,8.803169663819117
9.030735122676456,9.100720096709221
7.7823903355874595,8.058070891232703
9.796681548218318,9.720886114893144
9.076923258535832,9.033253789281101
9.04793908261736,8.719284371541178
9.495970340301833,9.172116480298202
8.814776088545281,8.545225665127917
8.550047528287184,8.418327872644994
9.27284557732758,9.109890274417898
9.37577006109992,9.635210454586366
9.80659111529043,9.82385411030771
9.514584532726944,9.217705363764194
9.719204072428631,9.942717080417317
9.253112463820052,9.201024373836983
7.561121589530238,8.092655561448284
9.507180382212727,9.629402675370871
8.233768709217097,8.276626793289493
8.889308319842847,8.85954442297103
9.872770579874068,9.78337432585084
9.246382963323112,9.145610299968837
9.531118671917154,9.671192485214696
9.155356063643422,8.944914410687518
9.597166175865407,9.837696711896523
9.305741456739437,9.26377458987207
9.947169453622251,9.910490455898255
9.89691600715309,9.934682258044
9.352794339771116,9.467789210133672
9.365804474600257,9.358751430426219
8.48301573961465,8.4691568576588
8.311889558230359,8.457148291611725
7.671826797878781,8.13981647537862
9.241354425505351,8.980459766186865
8.769662508112274,8.611338279656186
8.970686268534983,8.903386605921083
9.055906318669118,8.991245641872784
9.602652693506046,9.317223625659784
9.471396088360253,9.48145714167089
9.551373619924956,9.633070746454342
9.688622142666144,9.487788931041166
9.535462727401807,9.713244300135914
7.962763930168115,8.140864495688183
9.145375093123825,8.994913712956254
8.198089248956116,8.364529496754093
9.84437428804362,9.885294300955843
9.46815584482167,9.69066819596741
8.540128162698734,8.4351835326238
8.03268487596762,8.190689127905324
8.402231172946555,8.379245448600873
8.61558951327243,8.502475170000325
9.006386515055114,8.830811199483843
9.258177701390345,9.077183307256952
9.591239526139097,9.94970388248107
9.184201714366488,9.023734271469237
9.504426892100955,9.293075491026936
8.208764045819667,8.200383315768782
8.980423936374544,8.848889549823806
8.07402621612406,8.135362389062976
9.594786112860271,9.545168042989742
9.136478523377727,9.15770620104171
9.160099155539436,9.161898282279964
9.58520880610688,9.97896111612304
9.501292093295586,9.731409985501672
9.502860721068211,9.044956682737888
9.044757931186505,8.96329843361777
9.626283724371977,9.441676037420393
9.4478600892349,9.269189361471478
9.1649245084457,9.19940867585974
9.056256356593469,9.209757876416674
9.464594918315443,9.81197654679933
8.774158291205957,8.81308218924707
8.878915376576483,8.815483902456483
8.063692634269517,8.424397656937881
8.828494129466652,8.60583617303098
9.654449103676551,9.701890746782313
9.899328917387267,9.92197501179055
9.85796703723432,9.95682168708352
8.474494436883122,8.375446374978708
9.784366121628263,9.64730635565924
7.769800996003896,8.124314508299667
8.803724602110622,8.605181160337503
9.925738161470948,9.729051939805156
8.589513852995864,8.415533151819494
9.604946736749472,9.96053342567989
9.48044384215367,9.677305937020481
9.561138078742038,9.462549108585858
8.685246776412487,8.461995385543453
7.790696031174738,8.093354241654659
8.291045131081729,8.220819711805262
8.331827004436057,8.383262859787532
8.560827228436299,8.6420802087367
9.71063069382679,9.284429323473042
9.280146246220143,9.194779919492504
9.378055776380776,9.192116201205698
9.03788993497749,8.686970411996317
9.554851637414007,9.745034249525991
7.984121958702927,8.202959699029792
9.358587948436384,9.355738372036225
9.259130536145614,9.324909107929912
9.05660627203414,9.046397710663538
9.357121103184378,9.407353372282204
9.705646184084136,9.764204287688415
7.729735331385051,8.19252316344706
9.254165851516213,9.098580388577197
9.326344047732489,9.216045998274053
9.602179736502537,9.580626063463292
9.654769750102489,9.367703270570402
9.44943600950432,9.482898169596538
9.819671066443018,9.97127563385291
8.00736706798333,8.147589292674546
9.769556079890268,9.700668056421158
9.294129897705869,9.552460517643786
7.766416898019655,8.166060650630595
8.507344855361422,8.4011665400759
8.76389700713946,8.550334764137038
9.549309488795982,9.545604718118728
9.322775801305973,8.915307836942363
9.471935109664646,9.186221086964405
9.332558004700433,9.13141835827684
9.66871413573975,9.721104452457636
8.478660241699453,8.421209928496292
8.464635940677562,8.310381780760002
9.414097209490205,9.519491545405447
9.674765972907856,9.930621179344445
8.366370301681654,8.347761171801084
8.960082528170402,8.582736058707695
9.105424202026622,9.203120414456109
8.70748291785937,8.60640385069866
8.017307507688582,8.207151780268044
9.2557916348801,9.25294504667325
8.564076777315087,8.660027556537967
9.267004219093725,9.003734550561743
9.502711433914095,9.66486069584442
8.68185981297147,8.636490767085698
9.372544251851036,9.533683487097449
9.31542084842669,9.06080798992003
8.31898612539206,8.512955373095956
9.20109779060925,8.856487697068138
8.952217101765946,9.190718840792947
9.497547331579726,9.62975201547406
9.709174382889795,9.77935691466418
9.663388566822505,9.850622295714466
9.338997404184443,9.16028258430272
9.112948025967532,9.219059056664047
7.815207062189088,8.12562453368662
9.862248804519531,9.90555602694073
9.37982994995476,9.456915999421955
9.359277484750551,9.502417547862152
9.267571005430456,9.432331189660124
9.73613342286396,9.97695241052971
9.915910072534686,9.738658792642816
8.687948111838727,8.599329713609109
9.95840178341352,9.994463083201993
9.374497958142468,9.515386799192992
8.059592328887545,8.255142376943452
9.776108623206298,9.952847943409761
8.543445562560303,8.622124155342105
9.067854723679428,8.745790551870542
9.3915780082071,9.051550477185556
9.292473201514705,9.130020997864088
9.681842877345654,9.540801291699896
9.584108393341092,9.680974008103952
9.128479345495862,8.877710108336789
9.689737246238511,9.809050823435133
9.25339986143663,9.140326530908125
9.216620609933331,9.05399585790787
9.579072337028126,9.75730482065046
9.621257258762592,9.963459149044086
9.118115427933663,9.297922584958664
8.914491710191342,8.744742531560979
9.359966545931997,9.312027191624868
8.980675603671708,8.811859498885912
9.099073559547596,9.039934918754566
9.121946221213587,8.788541046998134
9.59308259297708,9.622415873307117
8.482808764554406,8.726533178682322
9.595670797663969,9.732938348453118
9.153558357877198,9.219190059202742
9.79456514531194,9.765950988204354
8.41803561988302,8.373000994256394
8.282483003730562,8.405227618775456
7.627544390488503,8.039337528199264
9.407632639699958,9.416043207348999
9.592332123898704,9.51372743370285
9.747652120978,9.859093793216768
9.241063544619024,9.57499295429939
8.137103389639302,8.160951551621475
8.747352077624353,8.8490642198754
9.767725101522128,9.967345557692049
9.043931533642278,8.720419726876537
9.009936307631463,8.833605920309344
9.282195809076612,9.665253703460506
8.739696537843024,8.546754028079365
9.924661787767535,9.977694758248983
8.168486417126681,8.317193912772161
9.383200644980624,9.627306634751745
8.636752426473876,8.67557319112982
9.321523900936798,9.358969767990711
8.918784137975802,8.594919294806365
9.69486308732112,9.777304541557953
9.605957144029531,9.482112154364367
8.818926087090677,8.76937100883571
7.902487437162855,8.1290742672056
9.249657234353132,8.992686669798433
9.4129546320379,9.461108080660209
8.947415950650129,9.009149322161152
7.77779262633883,8.092131551293502
9.398726833332388,9.383903917855731
7.951911381854188,8.103834444750289
8.571491964823617,8.564832378419327
9.577549634629817,9.507613981897068
8.167919362957816,8.208811145758185
9.104535313079204,8.93893196142043
9.646593300236663,9.955773666773958
9.09638749190015,8.836662646212236
8.51919119407891,8.424441324450779
8.633731007664188,8.448371121519134
9.925004395998378,9.906167372121308
9.669283053862491,9.441545034881699
7.901377353792616,8.18234863294172
8.452121194672523,8.484527822199059
9.121509158269568,8.861422126025664
9.006141236662911,8.774916782973815
9.639261556120688,9.83577534132899
9.232688775639945,9.08945387838142
9.162934249578912,9.058187939146123
8.755107121633896,8.734611668568537
9.188299241099305,8.928495425837697
8.150467911624004,8.355009978942228
8.958411469230219,8.831859219793406
8.846496938558838,8.740157442706641
9.138414632404594,9.152029424364912
8.991437814919227,8.99163864948887
9.222367752188902,9.040458928909347
9.271905727634335,9.193513561618449
8.089482474360754,8.17553650092956
9.41311793733752,9.045044017763686
9.55016412883091,9.322813067310786
8.763115329619787,8.760157163614135
9.496496280431916,9.72381183825734
9.419628376999952,9.439186989185181
9.184817414745098,8.893779753083422
9.460398455831276,9.238884107519947
9.69818391935025,9.62093117786857
9.383452989684828,9.565473436487526
9.66478610230597,9.55630325877885
7.71333788887187,8.190296120289238
9.612198984490236,9.688266482757994
9.943477200752287,9.971799644007692
9.93066488054092,9.792413501020821
9.52755697453028,9.870534681596165
9.52617248784431,9.259844513711208
9.571017297294214,9.377528460972556
9.347751727799142,9.321808714514122
9.788188928172666,9.962498463760319
9.258082367961604,9.49870580926578
9.703572127341126,9.685122421829305
9.35504659297544,9.297573244855476
9.605755144230846,9.193469894105549
9.52755697453028,9.500277839730126
8.767796255626598,8.516274104076238
9.184509611941662,9.049148763976142
8.74687531957003,8.568500449502796
9.7881328161731,9.903765658911892
9.389239411968807,9.214823307912896
9.452187908084165,9.520233893124722
9.479985756941812,9.40377263622453
7.525639975041535,8.097240650302622
9.25253742067597,8.918189892793661
9.903887472557455,9.850447625662873
9.454775637424682,9.315782597734135
9.860423463065102,9.789837117759811
9.327323087461798,9.48233049192886
9.206332350578643,9.40805205248858
7.763871287820222,8.094009254348135
8.016647877057803,8.247282224621728
8.829519094780778,8.543085956995894
9.449042262206245,9.373598384811695
9.34975442775886,9.263294247230187
8.691818541575723,8.668673724091862
8.993799971795545,8.695747582088908
8.46674164792014,8.511645347709003
8.586719254064848,8.707756148135985
9.821029430095606,9.90865642035652
9.696524881825722,9.88171356489817
8.216358332386156,8.397061793863445
8.230577217146454,8.26990199630313
8.6347984334905,8.533042429029248
9.78633556772527,9.96110110334757
8.916371914881694,8.695616579550212
9.454462329675584,9.592940302100658
9.397649470281175,9.266132635568585
8.818630229100354,8.656970830635077
9.156939595249067,8.919412583154818
8.980927207648378,8.88447857283605
9.902587147292964,9.99114435222171
9.331141072121888,9.364908549744902
9.024492605405667,8.67413216320417
9.3108189905424,8.930940806560011
8.319229938632326,8.264967567345604
7.9865049385539955,8.227631843817422
8.548110294050959,8.968363865113991
9.061376218836225,8.662036262131297
9.147400572202308,9.29185280066578
8.861917004235215,8.668673724091862
9.42060129745938,9.332026912532362
8.76732914779405,8.699546655711075
9.011889433252344,9.062336352871476
8.694167141883597,8.511558012683206
9.120415664448196,8.841553407656864
9.584383610076006,9.346480859301751
9.61953186182516,9.955293324132075
9.034080406560824,9.044214335018616
8.354438940114811,8.348285181955866
9.659439517104408,9.851451978459538
9.80747212410244,9.886080316188016
8.126813720726114,8.24352681851246
9.399637542506564,9.837172701741741
9.70381635740706,9.752108386615543
9.316860215353856,9.196482952495543
8.361941906144946,8.365140841934672
9.568713872550497,9.867652625744867
7.910957382845589,8.280294864372964
9.318297513481276,8.903604943485576
8.927446816256198,8.715004955277129
9.200693994924375,9.252464704031368
9.033245134153807,8.749458622954013
9.228671328660909,9.066659436648424
9.53935630792094,9.243731201451677
8.305731144875866,8.289596044620335
8.027802848370312,8.148244305368022
8.704833909687792,8.61522468830415
8.574329382787047,8.48029207344791
9.019300924562506,8.80168496838057
8.666991556504632,8.341385714917909
9.290998274993637,9.327136151087734
7.7226775164680035,8.144488899258755
8.310169021981912,8.425664014811936
9.274253697719836,9.029411048146038
8.990316947998217,8.978494728106433
9.638414622945206,9.576870657354025
9.757999245787522,9.89533782892249
9.299449547047958,9.83835172459
9.25779631313248,9.146745655304198
9.37441309371334,9.291328790510997
9.445175311879977,9.362201163945198
9.450459027496354,9.180544310287605
9.564371824969498,9.44460176078459
8.995536944936974,8.747100577257497
9.44896349413878,9.390934387432383
9.145588494746486,8.843736783301788
8.470730317005897,8.38924530905462
9.174920426744922,8.98142045147063
9.02713842775492,8.986049207837867
8.812545770172237,9.03412713953907
8.77971129020447,8.883561555065182
9.709538659501192,9.74621327237425
8.536014945656826,8.439157276297559
9.47293537905132,9.34656819432755
8.593227877692234,8.479637060754431
9.721725839000689,9.901800620831462
9.400630098419317,9.478487750793795
9.549523217290366,9.260936201533669
8.906664409770052,9.156745515757946
9.355911495295402,8.841073065014982
9.418735700941484,9.454776291289932
9.600014794178025,9.922586356971127
9.83429823318313,9.853417016539968
9.432283202713874,9.269888041677854
8.646289764750648,8.455226921044193
8.821437352166997,8.497147733426713
8.592486175451668,8.511296007605814
9.086702731518004,9.069192152396534
9.682840881420503,9.6597952643482
9.567035315714918,9.518487192608784
9.011889433252344,8.723083445163343
8.974111581113318,8.781510577421482
7.52456122628536,8.148331640393819
9.1539816383068,8.812820184169677
9.132486932771318,8.906399664311076
9.711721536914174,9.763680277533634
9.524347869595513,9.899398907622047
8.641179171197228,8.405576958878644
8.823058934301647,8.645922949871766
8.98054977794018,8.720507061902335
7.714231144849085,8.098288670612185
9.389991700214258,9.656913208496901
9.29090601981575,9.142029563911164
9.223059144383958,9.04578636548296
9.825958350026893,9.894115138561332
9.498447354141044,9.326219133316867
8.636574948436317,8.674961845949241
9.498897061838624,9.313031544421532
9.06496771896043,8.707625145597289
9.073145132798338,8.756969435172548
9.147507062804614,9.023559601417643
9.078978053779355,8.88107250682997
8.528330935826693,8.335184928086328
9.585140065773462,9.801103336087614
8.629449873761905,8.455226921044193
9.84134615599828,9.904595341656963
9.502114062331216,9.416654552529575
8.876823763180603,8.75041930823778
8.528528701079983,8.281735892298613
9.708870717648022,9.640930898776064
8.476996001664824,8.346887821543115
8.469052816088302,8.345665131181958
9.552439604462528,9.38054151936255
8.674538762140015,8.652385741780737
9.3410176956178,9.017184144534468
8.618846845142738,8.602692112102291
9.403272107882152,9.317267293172682
9.101417964751995,8.776139473334972
9.285447844462988,9.325695123162085
8.650149418664864,8.53125206100041
9.167328481382892,9.045524360405569
8.181160858023409,8.335359598137922
9.1018638956401,8.949019156899974
7.711101251840158,8.205055739648918
9.042158378735948,8.932949512153339
9.74811946530243,9.617568779375388
9.441690159837492,9.232202978046484
9.584039577320697,9.259058498479035
8.416930769477844,8.368677910479446
9.905335843393743,9.92166933920026
8.913281137711804,8.948320476693597
9.655474810542554,9.632721406351154
8.231908243564177,8.238199381938848
7.709756864454165,8.07208816287311
8.4069317971587,8.374092682078855
8.711443319075466,8.580290677985381
9.627668172626858,9.647088018094747
9.658801110545443,9.798745290391096
9.89409356689426,9.816299630576278
8.812545770172237,8.438633266142778
8.469472455204826,8.662167264669993
9.766751028962656,9.639970213492298
9.04499391938819,8.849981237646267
8.279697133877628,8.302434293412484
9.60521627853008,9.50582361386823
7.661527081358517,8.05933724910676
7.993282328101591,8.358678050025699
9.033841828485016,9.091462583974748
9.638610132737613,9.777522879122445
8.65817178467581,8.600683406508962
8.507546814364431,8.374092682078855
8.934982049213234,8.744305856431994
8.810310466357958,8.585792784610586
8.543055850941965,8.588631172948986
9.090430075303626,8.845570818843523
9.480596490604585,9.263687254846273
7.715569534520208,8.103135764543914
9.576995349297256,9.70114839906304
9.117127990254003,8.820855006542994
8.775085935057266,8.983472824576857
9.083075020930307,8.975918344845423
8.725507328484445,8.658935868715506
9.668271419987647,9.583246114237198
8.871926251117628,8.661031909334632
9.37143829231851,9.287136709272746
9.061956366209923,9.209408536313488
9.222268942841456,9.336306328796411
9.441452092939569,9.330018206939032
9.194617411510947,9.191810528615408
8.034306936339489,8.274618087696163
7.62608275807238,8.07571256644368
9.05683948099042,8.71666432076727
9.781432906528822,9.756868145521475
8.99230873254815,8.704655754720193
9.428270356237505,9.59259096199747
9.501142571764207,9.735602066739924
8.632127729508337,8.664699980418103
9.724659884996427,9.615385403730466
9.165133779138104,9.028013687733287
8.13622555490846,8.26308986429097
9.724420693462667,9.79839595028791
9.198874893866904,9.29604488190403
9.04251326133268,9.20788017336204
9.111845125227084,8.9992804642461
9.174816815907135,9.06246735541017
7.710653323501202,8.094358594451323
9.34975442775886,9.394820796080346
7.789454566086673,8.153702744480329
9.715892113239466,9.893460125867856
8.502282578680484,8.509767644654369
9.487896348128954,9.386829641219927
8.339500903005945,8.396537783708663
9.839588826685896,9.781496622796205
7.757906208351747,8.110122566607668
9.184201714366488,8.814261212095326
9.52857589747142,9.571936228396499
9.142596719889664,9.01203137801245
9.88364192431542,9.873242067395868
9.52369019117654,9.96931059577248
8.90571557879409,8.945787760945487
8.910720661951359,8.609460576601553
9.213236175088207,9.726824896647335
9.41001056710475,9.642328259188815
7.762596048540069,8.155624115047862
8.254268770090183,8.241780117996523
7.726653664847642,8.100603048795803
8.85623355614316,8.69116249323457
9.112837790614943,9.156570845706351
8.544224530467268,8.44741043623537
9.688808079634049,9.73005629260182
8.670429167315095,8.352040588065133
9.49416501410066,9.975686052655655
9.337941716569905,9.128536302425541
9.75272280064639,9.866822942999795
9.648853334130548,9.517264502247627
8.938531648680692,8.920897278593365
8.087332926473351,8.272522047077038
9.796792813865164,9.847478234785777
9.025455532779064,8.623346845703262
9.134646527606982,8.971551593555578
8.418256443556213,8.36348147644453
9.351579483668909,9.261984221843232
9.573802232603889,9.603420505196288
9.29550838434606,9.57018952788056
9.605485747677491,9.720667777328652
9.3852176218809,9.041157609115723
9.542230699092284,9.848875595198528
9.411892497046916,9.447964159277772
7.711996507047669,8.082088023326856
9.416866617466956,9.540277281545116
8.541495483939203,8.476449332312844
7.493317248862145,8.052743454659092
9.292104673778825,8.901072227737465
8.17244681834278,8.220252034137582
9.274910142625483,9.064083053387414
9.65162297294974,9.984113882645058
9.814164414575924,9.712065277287655
9.436040652072082,9.60250348742542
8.970686268534983,8.85102925795583
8.740336742730447,8.869849956015067
8.632305998516742,8.30902808786015
7.991592282068092,8.242391463177102
8.357024439263416,8.333219890005896
7.750614732770409,8.090908860932345
7.487733761436444,8.056717198332851
7.857867559331803,8.088550815235829
9.081824949740756,9.128361632373947
8.927048647825695,8.799283255171156
8.883640232503673,8.823475057316902
9.21123996721902,9.055960895988301
8.853379672927634,8.572823533279744
9.329189505814565,9.197268967727716
7.81156848934518,8.168637033891603
7.957527402230773,8.159816196286114
9.752083098376897,9.91939862852954
9.646528652727188,9.765383310536674
9.364948090202622,9.119016784613676
9.510667161961042,9.435344248050116
7.764720544771477,8.160340206440896
9.83226004324776,9.486129565551025
9.42633845512952,9.526871355085287
8.305236829492593,8.398852161892282
8.51097389160232,8.47291226376807
8.265392930852224,8.269290651122553
9.167328481382892,9.218666049047961
8.36985260351753,8.224618785427428
8.517793011488205,8.469069522633005
8.316055720364643,8.367236882553797
9.42617729477462,9.245696239532107
9.044757931186505,8.881858522062142
9.605553103619997,9.56962185021288
9.75359446296151,9.719838094583581
8.67470962929122,8.595967315115928
7.711996507047669,8.071083810076445
9.688250164980516,9.967520227743643
9.044875932248653,8.819195641052852
9.507923269105229,9.710842586926498
8.764678074116606,8.505357225851624
9.621787551761894,9.630931038322316
8.634086942887738,8.549068406262982
9.186457431512853,9.083864436730416
8.038189179973203,8.21549227523165
8.592671652592143,8.534439789441999
8.981555940771887,8.750899650879662
9.52617248784431,9.475649362455394
9.622185087048386,9.962978806402203
8.968141414126814,9.106571543437616
8.235095497258357,8.304574001544507
9.321255432547336,9.327616493729618
8.88723835429314,8.80570237956723
9.722265391185474,9.670100797392235
9.213136459278184,8.923823001957562
8.923058219545728,9.370148651292716
9.549095714611964,9.682327701003803
8.810907036099737,8.841771745221356
9.75973264889099,9.752850734334816
9.603327958573235,9.54861777650872
9.709052927858371,9.616782764143217
8.058643712215618,8.176322516161731
9.619930294661296,9.507308309306778
9.229652683008556,9.255434094908463
9.8288178841991,9.873242067395868
9.462110252078716,9.181330325519777
9.108307646411031,9.158011873632
9.445254378889308,9.349886925307832
9.21064032698518,8.97888773572252
9.576510097476705,9.945424466217023
8.765614549914716,8.594351617138685
9.316230747233616,8.895744791163853
8.573951525234847,8.61548669338154
9.603125426926972,9.763287269917548
9.301459965343666,9.14355792686261
9.413199579987683,9.321765047001223
9.202509792860994,9.088012850455769
9.64049809267472,9.605560213328312
9.125000324809168,9.000546822120155
9.696893794766453,9.498618474239985
8.012680929706839,8.16841869632711
9.646528652727188,9.557220276549717
9.224243277145174,9.071419195554355
9.659694765654068,9.895163158870895
7.513163545234075,8.033704419035363
8.253227645581772,8.4833487993508
9.37169362233394,9.473422319297573
9.542087175590064,9.644031292191855
7.669028288589683,8.144183226668465
9.618668045697824,9.469361240598017
8.901230352110781,8.810636808524755
7.937374696163295,8.17016539684305
9.097395612960048,9.521936926127761
8.927977461002001,9.21390629014203
9.299632479454944,9.568137154774332
9.759039648170257,9.844465176395785
9.346617990268731,9.19888466570496
9.331938343723673,9.561892700429853
9.635150486348124,9.57669598730243
8.952217101765946,8.919936593309599
9.335209354022052,9.153557787316357
9.952658596542577,9.856910417571845
8.950662495933999,8.87509005756288
8.940498217652733,8.537758520422281
9.468696615046134,9.990008996886349
8.151333337900432,8.207632122909928
9.822819649468672,9.87944285422745
9.464439807410836,9.280848587415367
9.449357272446685,9.496653436159555
9.681405937168297,9.803330379245436
8.91972065553706,8.79858457496478
9.640953273617,9.48433919752219
8.872206756028303,8.664961985495493
8.779557455883728,8.692559853647321
9.44375103564617,9.976428400374928
9.803667217253915,9.68127968069424
7.828834527588089,8.136192071808047
9.715892113239466,9.900970938086392
9.562123369834488,9.350891278104497
9.244258590179644,9.105785528205443
9.50688307286016,9.812500556954111
8.420462002456466,8.419943570622237
8.434680769841773,8.380948481603912
9.281823473598047,9.406392686998437
9.383957488139991,9.162684297512136
8.767796255626598,8.563391350493678
9.740321354781914,9.715384008267938
9.734477009801846,9.991231687247506
8.150179269682326,8.254269026685481
9.165447603085449,9.29294448848824
9.06230429314878,9.06111366251032
8.934059722248843,9.253949399469915
9.57275879054198,9.299669285474604
9.787459226476006,9.85957413585865
9.118115427933663,9.025306301933583
9.494014423030425,9.637961507898968
8.266421472984554,8.234574978368277
8.624252263709645,8.524221591423759
8.32579052588609,8.26649593029705
9.318925682389624,9.077619982385936
9.246865146658555,9.28246428539261
9.51296031679217,9.95708369216091
8.030409562130485,8.170776742023627
9.739379125161532,9.98324053238709
9.43914785291483,9.743986229216429
8.757154527656606,8.695922252140502
8.446556111816797,8.380948481603912
8.520786726926367,8.512431362941175
9.471242028892997,9.34656819432755
9.028338763993148,8.780986567266702
9.18901458526143,8.965088801646607
8.651374372882257,8.603434459821564
7.99598047476376,8.451558849960723
9.536978699538375,9.717523716399961
9.118773178450692,9.030939411097483
7.576097340623111,8.134838378908196
9.664024052354822,9.694467269589575
9.311903687385623,9.328620846526281
8.950014029534257,8.734655336081435
9.782844180013784,9.605254540738024
9.792611856190192,9.98887364155099
9.658034484302055,9.657830226267768
9.616072111201778,9.23512870141068
9.302463660851988,9.08176839611129
8.522180732927277,8.601775094331423
7.814803429489359,8.118725066648663
9.672500823760892,9.610931317414822
9.186355009225672,9.238447432390963
9.782787767298345,9.694598272128271
8.435766192720509,8.384005207506805
9.12598002335811,8.86714257021536
8.84779106484485,8.71810534869292
9.121399862679535,8.915482506993957
8.67709870892586,8.610508596911115
9.262743050769233,9.372681367040828
8.277666160851503,8.309377427963337
8.677950570294351,8.470772555636044
8.420462002456466,8.595050297345061
9.436439551116026,9.299581950448806
8.781708985836179,8.942512697478103
9.576995349297256,9.713942980342289
9.08375621986673,8.759240145843268
9.56591471047088,9.916254567600852
7.833203948641057,8.171824762333191
8.458292083496076,8.466231134294604
7.796469243086058,8.101913074182757
7.564238475170491,8.09671664014784
9.62983986904815,9.778439896893314
7.735433352499688,8.184270003509251
9.237177025929745,9.037664208083847
9.768755439335086,9.644205962243449
8.583355393669907,8.549810753982257
9.365033761652665,9.481981151825671
9.235910648087712,9.161941949792862
9.727167947937808,9.734248373840073
9.689241798157529,9.299319945371415
9.22029070282935,9.120501480052223
9.665737848832556,9.98428855269665
9.414831034791185,9.186526759554695
8.399760094524142,8.315359877230428
9.8220605538404,9.860403818603722
8.910450756416656,8.709109841035836
9.687691938884456,9.773505467935788
9.35539264367532,9.421588981487101
7.653969180478774,8.170558404459134
9.520541965857834,9.565779109077816
9.331584079261546,9.607787256486134
8.561210076833012,8.373874344514363
8.97727273946428,8.85129126303322
8.395929103923198,8.342608405279066
9.225721474014485,9.035699170003415
8.949365142352965,8.49697306337512
8.730690365678642,8.56103330479716
9.713536968577682,9.800841331010222
9.241935933565934,8.942207024887814
8.11522197256233,8.207108112755146
9.514141826307847,9.9743760272687
8.239593454305968,8.366756539911913
9.428109506952936,9.551237827282629
9.503681402279645,9.535080847510198
9.413852481341165,9.221897445002448
9.811755961936536,9.898307219799584
8.440312147080279,8.47937505567704
9.594377532670729,9.729357612395445
9.044049632254756,8.874871719998389
9.084323531392696,8.974084309303688
8.96610085736724,8.783912290630898
9.576232704964523,9.9035473213474
9.569831347174397,9.58630284014009
9.156517565278676,8.976791695103394
9.38454574816788,9.376349438124297
9.365890072717148,9.401982268195693
9.82547195555139,9.573246253783452
9.917341146824665,9.908481750304926
9.428350771178645,9.055567888372215
9.536401457297078,9.29831559257475
7.964503363551548,8.172829115129854
8.72777821348305,8.529068685355488
9.692766521220475,9.989834326834757
8.661293535389994,8.5740898911538
8.131530710604252,8.31784892546564
7.772331575169614,8.081607680684973
9.5033084488572,9.682415036029601
9.128045129249353,9.063384373181039
9.308555419473135,8.950765857415911
9.794955345712667,9.856430074929962
8.395703293828527,8.28348259281455
8.753529336516431,8.633215703618314
9.384713758920965,9.456784996883261
9.074978734045509,9.256045440089043
9.200087995511833,9.076047951921591
8.450839690866216,8.600028393815485
9.494466128225186,9.363773194409541
7.620214770574455,8.058114558745602
8.75573753930647,8.649503685929439
9.691778378847582,9.781190950205916
8.99118884193151,9.00185684750711
9.313077449427295,9.0219439034404
8.81936971001847,8.798104232322897
8.952993499320474,8.567889104322218
9.509926311430789,9.720755112354448
8.12058871174027,8.178855231909843
9.018937706446035,8.699590323223973
8.831857935197906,8.869020273269996
9.68948955288162,9.930140836702561
8.912877287669296,8.700332670943245
9.67004110822602,9.531543778965423
8.394573477868327,8.308547745218267
8.971067438732089,8.732122620333325
8.696677393390031,8.523697581268976
7.533158807455563,8.06523236334805
8.106514516255185,8.360162745464246
8.265135629937385,8.274443417644571
8.432506383249043,8.34051236465994
8.121480374750751,8.196933582249805
9.315510869581722,9.254036734495713
9.31703999063524,9.179627292516738
9.399306471488806,9.263818257384967
9.747476810531971,9.60704490876686
9.907280350774824,9.844596178934479
9.078179468373843,8.857011707222918
9.740615619563489,9.806212435096734
8.087332926473351,8.191780815727787
9.68775397939693,9.795426559410814
9.222466551774025,8.898452176963557
9.477998292597036,9.746824617554829
8.78813593986372,8.887797303816333
8.882669291308039,8.759851491023847
8.415824697027949,8.330992846848076
9.49046898877305,9.455824311599494
9.934016757570951,9.84315515100883
9.72160589897056,9.818526673734098
8.876544550558378,8.875395730153171
8.810310466357958,8.597146337964187
9.87508807801443,9.9772144156071
8.691818541575723,8.476318329774148
7.959625305098115,8.190470790340832
8.774312958285378,8.644132581842928
9.860057994608791,9.686563449754955
8.957768009971161,8.696664599859776
9.72782378340624,9.851277308407944
8.669742589876522,8.50295551264221
7.571473648851271,8.037983835299412
8.038189179973203,8.205667084829496
8.641002477142523,8.760768508794714
8.672486075822272,8.455183253531294
8.353025845202325,8.385096895329267
9.36426245424844,9.289756760046652
9.206332350578643,9.23342566840764
8.072779333169498,8.14234919112673
8.372629740224884,8.474353291693719
9.201501423308978,9.74027449062006
8.129469764784231,8.295665828913222
8.19478163844336,8.293962795910181
9.403684292051873,9.193338891566855
8.385944904806284,8.272085371948053
9.387816877106935,9.409711417978722
9.79951496215315,9.842849478418541
9.136155473786806,9.118405439433097
9.140990293841387,8.780331554573223
9.363490551469855,9.411458118494659
8.934850340289763,8.90430362369195
9.332380997885208,9.250281328386446
8.881836305004146,8.695834917114706
8.852664927703866,8.68151197288401
9.08805973726735,9.059497964533076
8.25712628599743,8.328503798612862
8.407601514786142,8.33907133673429
8.75605259917045,8.564221033238749
8.814924599721019,8.682690995732269
9.54043517305957,9.666956736463547
9.36947859331448,9.06561141633886
8.072779333169498,8.255229711969248
9.18901458526143,9.090458231178083
9.156728602527531,9.009542329777238
9.056489647157925,8.82836581876153
8.751790892775563,8.642604218891483
8.719317375506371,8.542474611815315
9.631547587032957,9.664424020715435
9.43659906619054,9.065829753903353
9.789478635924262,9.789837117759811
7.7651449029361315,8.106716500601587
9.099743950634156,8.771205044377446
9.751559401061966,9.712196279826351
9.296701537624228,9.553377535414652
8.694502206386648,8.558893596665136
9.501292093295586,9.653376139952126
9.241839039035554,9.620450835226686
7.717351272185329,8.089031157877711
8.657302899400882,8.508239281702922
9.3672586470476,9.217399691173906
8.46884293047519,8.366319864782929
8.851949671253948,8.794785501342615
8.967886572127473,9.25578343501165
9.439625028047155,9.111200299804851
9.099073559547596,8.78893405461422
9.5674552191433,9.19967068093713
8.118802996980035,8.215666945283244
9.308646060760308,8.964477456466028
7.9208096792886,8.212741221919048
9.634103708365725,9.49560541584999
8.889446165318288,8.690376478002397
8.512381634419015,8.421384598547887
8.817890200945513,8.70308372425585
9.95089580993112,9.804247397016303
9.660013734748668,9.301153980913151
8.654517382279456,8.590421540977824
9.70759431571208,9.754815772415247
9.290721483922995,9.0985367210643
9.614204198717374,9.428488448525059
9.631022445889208,9.687742472603214
7.957527402230773,8.14689061246817
8.223090551161533,8.250033277934332
9.04793908261736,8.782951605347131
8.196436811235028,8.247020219544337
9.133891199812776,8.863037824002905
9.437714959818209,9.186832432144984
9.387565631345389,9.408969070259447
8.800264651310336,8.729895577175503
9.5591645793702,9.644598969859535
9.15788851197376,9.108492914005147
9.43276366396591,9.631804388580287
9.408125088823502,9.199583345911334
7.851271997109883,8.176147846110139
8.165932137321585,8.289858049697727
9.366745651140318,9.48433919752219
9.207235557022704,9.165610020876333
9.505618521049591,9.419361938329281
9.2975267336551,9.139147508059866
8.143226750367445,8.22798118392061
8.737131611781498,8.574788571360175
7.682482446534506,8.110690244275347
8.808369153122275,8.81308218924707
9.477232830220409,9.348533232407979
9.316320695513417,8.942993040119985
8.13593277200489,8.305796691905664
7.755338812846501,8.122917147886916
9.075093222568157,8.994651707878862
8.403800504061147,8.399943849714743
9.276783328524896,9.640144883543892
9.556480013999533,9.34848956489508
8.739216115061744,8.619504104568197
8.468002947225466,8.499069103994247
9.611730522042317,9.653201469900532
9.429716836721148,9.08796918294287
8.975756630519417,8.987883243379603
8.504715669905124,8.427410715327873
8.45807992692373,8.275185765363844
9.737728084041152,9.892019097942207
8.28576542051433,8.25719475004968
7.779048644925556,8.060603606980814
8.904765846682814,8.913561136426424
9.02014792080166,9.032598776587625
9.84802769533176,9.986690265906066
8.13622555490846,8.252522326169544
9.710084825731355,9.720842447380246
7.899153483343097,8.165798645553203
8.987196820661973,8.817186935459524
9.421330367117822,9.446828803942411
9.599066156080047,9.556914603959427
9.252153874789594,9.219583066818828
7.731053144007127,8.147894965264834
9.445412494155669,9.537220555642223
9.168893182062009,9.150195388823176
7.776535028185241,8.148331640393819
8.521384396034705,8.475226641951688
7.434847875211999,8.082044355813958
8.915029272359911,8.649023343287556
9.350971501715929,9.816386965602074
9.246672301223573,8.997359093678568
9.42197798310419,9.14582863753333
9.555276687009526,9.724554185976615
9.596962392282869,9.952454935793675
9.50985219618154,9.70424879247883
9.149103062504992,9.149584043642598
9.266815218904162,9.584468804598355
9.658034484302055,9.456915999421955
9.787571522938784,9.670974147650204
9.590556045830896,9.382724895007474
8.516593011344206,8.530597048306934
8.87905466204227,8.825003420268349
9.54559758504085,9.349319247640151
9.415075523607037,9.225827521163309
9.78571701680162,9.752370391692933
8.619569258033104,8.56614240380628
9.7626725558939,9.82900687682973
9.307648554443182,9.218666049047961
8.739536422559677,8.811990501424606
9.960812619155398,9.945468133729921
8.881419551507804,8.821772024313862
8.938137870372788,8.770943039300056
9.397317740306333,9.193513561618449
8.762958920766726,8.800811618122601
9.805543908206,9.838657397180288
9.60346295688596,9.398925542292801
9.650979555092,9.841539453031587
9.504128762859724,9.495125073208108
9.51332968849511,9.335782318641629
8.920789888464375,8.758017455482111
8.649623978596727,8.516623444179427
9.51951481976606,9.727392574315013
9.100413892597578,9.061550337639304
9.21453157659465,9.375563422892126
8.929832503272403,8.951071530006201
9.7696132439798,9.628398322574206
9.688808079634049,9.837609376870725
8.723394022000136,8.7129962496838
9.649949224651184,9.940140697156309
9.488805094878352,9.830098564652191
9.50151633368222,9.53477517491991
7.718240951959316,8.139598137814128
9.2340568985935,9.67451121619498
9.069698042173716,8.707406808032797
9.388988523403828,9.131855033405824
8.961109485898655,8.706664460313522
8.131236549696116,8.241954788048117
7.954372272531867,8.141563175894557
8.723068501163928,8.569373799760767
9.70747266861017,9.645777992707792
9.704426671737876,9.572940581193162
9.47654341275084,9.505910948894027
7.714677473800927,8.144488899258755
9.245610986058102,9.08063304077593
9.726511682066926,9.708964883871865
9.589940513889292,9.403816303737429
7.556427969440253,8.049817731294894
8.957768009971161,8.645442607229882
9.414586486185929,9.177967927026597
8.74798740166097,8.409157694936319
8.551208070003515,8.530771718358528
8.064950891749143,8.499549446636129
7.754481547470383,8.114358315358817
8.073402968986406,8.372389649075815
7.918264686095274,8.18828741469591
9.651687291972111,9.676214249198019
8.57035473953047,8.466536806884895
7.86172707782398,8.070778137486155
9.288319413292772,9.152422431980998
9.152817185732516,9.048712088847155
9.217315985712608,8.928801098427986
9.472858470764416,9.189670820483384
9.012377119192273,9.002468192687687
9.787739943991816,9.918525278271572
9.638740451366845,9.62800531495812
9.308555419473135,9.437309286130548
9.766005509214866,9.740449160671654
9.211140052146748,9.192771213899174
8.931419805192975,8.875221060101577
9.275285060616564,8.985568865195983
9.21253795551967,9.057838599042935
7.689828668736484,8.094882604606104
9.387733135533384,9.18412504634528
8.052933036797567,8.194924876656476
9.529593783265282,9.156789183270844
8.616133139271142,8.46749749216866
8.146419323098003,8.221911399627723
8.928905412284868,8.867841250421737
9.405578154036684,9.861539173939082
8.199738960630786,8.20785046047442
9.446676517076376,9.390061037174414
9.545239944037077,9.528923728191515
9.247347097605278,9.209757876416674
8.517992871586802,8.316058557436802
9.25874951118387,8.95845133968604
9.25874951118387,8.996223738343208
9.57094757444252,9.391458397587165
8.533853632309345,8.458501984511578
8.412721169819527,8.499418444097433
9.078864009187797,8.846444169101492
8.938269147038548,8.746052556947934
8.930890984450878,8.541819599121839
8.204671828950811,8.35470430635194
9.568574100378909,9.60132446457716
9.122492281402987,8.782776935295537
8.382747094863314,8.338416324040814
8.695674048824253,8.516099434024646
9.31415970061518,9.023428598878947
9.399803036921504,9.071113522964065
7.959974528080536,8.17470681818449
9.808847148382007,9.855469389646196
9.501740523796377,9.658266901396752
8.926251835034533,8.7072758054941
8.616857514529183,8.675616858642718
9.201804040953895,9.329057521655265
8.96392819372262,8.64526793717829
9.162934249578912,9.406392686998437
9.4929596500855,9.586171837601396
9.557328550325373,9.393074095564408
9.68700923909068,9.764684630330299
7.932362154339751,8.184444673560845
8.815221555922163,8.863998509286672
8.790573479157159,8.571819180483079
8.041412909393047,8.200295980742986
9.626877294051395,9.99677746138561
9.320718279445792,9.005874258693767
7.589841512182657,8.035582122089997
9.152181457802651,8.758148458020806
9.00810178134187,8.812339841527795
9.344871264933788,9.150719398977957
8.949494953477961,8.925089359831617
9.70503661381229,9.648660048559092
8.879611609982035,8.886487278429378
8.217978203150732,8.335839940779804
8.220941168281389,8.266539597809949
9.573245865665552,9.82389777782061
8.743850562030243,8.552474472269061
8.471986598578159,8.42920108335671
9.12063445889169,9.082772748907955
8.607216694063826,8.362389788622067
9.884151816229386,9.308621125618787
8.81060879571578,8.588063495281308
8.747828608488742,8.533653774209826
9.18778796750567,8.991944322079158
9.84585843969949,9.915337549829983
8.912473274466036,8.940372989346079
9.161570207606754,9.18464905650006
9.181940897454483,9.007009614029128
9.615071877730596,9.955817334286856
9.27902652976463,8.865657874776813
8.258681496264236,8.411297403068343
9.62304587173984,9.805601089916156
8.289539484624141,8.341735055021097
9.450459027496354,9.602110479809333
9.26539657772426,9.133820071486253
7.985824666418917,8.190208785263442
9.071308163280625,8.795178508958701
9.708931458073833,9.986733933418964
9.60541838719786,9.795732232001104
8.083637203141548,8.187064724334753
9.521055143538536,9.370192318805614
9.459229639708807,9.824727460565681
9.2557916348801,9.41342315657509
9.62839259558982,9.965817194740604
8.925720273560222,8.723083445163343
9.04192172035122,8.975088662100353
9.110520036693972,9.016354461789398
8.53503310954457,8.45304354539927
8.949754525186103,8.734393331004044
9.037533407550814,8.86631288747029
9.135940049399933,8.997402761191466
9.96571089571626,9.86215051911966
9.75254837697084,9.767654021207393
9.71462464769875,9.683943398981047
8.440959885416648,8.38784794864187
9.248695325852646,8.749589625492709
7.784473235736469,8.066891728838192
8.78523362361273,8.565225386035412
9.14141892650976,9.09451930987764
9.73790511174645,9.879049846611364
9.623376745580666,9.495474413311296
9.133891199812776,8.944958078200417
9.371608519572304,9.520146558098926
8.794218683679489,8.489593253695281
7.851271997109883,8.110384571685058
9.001592700945706,9.113776683065861
9.348448774093812,9.124387888700186
9.59212735272977,9.14613431012362
7.554334823725748,8.116891031106928
7.869019376499023,8.191038468008513
8.788898309344878,8.534308786903303
9.63135069141981,9.609228284411783
8.951440100949855,8.804130349102884
9.195226734166134,9.187400109812664
9.188503677367008,8.765615602726443
9.377209824211215,9.356873727371585
9.194617411510947,9.000939829736241
9.75330399326998,9.911975151336803
8.950014029534257,8.83321291269326
8.753055515138222,8.959805032585892
8.94389780251682,8.792733128236387
9.466841326944389,9.17617755899776
9.597234094498912,9.472636304065402
8.896724917497897,8.61037759437242
9.029897050194,8.882819207345909
8.879333174786028,9.043340984760645
7.798933310041217,8.119030739238953
8.282988692742602,8.305709356879868
9.198267790741914,8.912076440987876
7.911324018963353,8.114445650384615
8.427487278331744,8.379376451139569
8.754476306284166,8.95504527367996
9.30301070681749,9.39246275038383
9.234252192022495,9.185260401680639
8.882669291308039,9.013690743502591
8.747352077624353,8.520990195469272
9.21413317021488,9.15661451321925
8.955964118230874,8.871902329121294
8.821584877430965,8.81757994307561
8.7662383802531,8.707668813110187
9.543664802306663,9.722021470228503
9.231122911158712,9.024083611572426
7.994632311431825,8.13811344237558
9.452187908084165,9.299887623039096
8.536799721055155,8.348066844391374
7.874739125171811,8.110078899094768
9.63135069141981,9.66005726942559
9.507700460979237,9.50639129153591
7.872073979866873,8.171388087204205
8.863615758890619,8.793650146007254
9.598048758495088,9.71669403365489
8.187021067343505,8.286539318717443
9.233079858945672,9.175522546304283
9.323043861889268,9.108623916543843
8.986446539271268,8.85696803971002
8.89521858376562,8.743738178764314
9.580247384683632,9.569709185238677
8.013343181386672,8.10575581531782
9.669219856718984,9.785732371547356
9.296518068217235,8.870199296118253
8.244596756382498,8.342433735227472
9.554497291355943,9.807697130535281
9.717820405491077,9.761802574479
8.566173813637858,8.486711197843983
8.163940954755008,8.278810168934417
8.9851948179913,8.780113217008731
9.448884719866417,9.370978334037787
9.391661428436556,9.335345643512644
9.96453561410106,9.701235734088836
8.0861025356691,8.169685054201166
8.93247660846174,8.867972252960431
8.883778861463485,8.719895716721755
8.811801223938751,8.671381109891568
8.48714627006394,8.529418025458675
9.363318936573265,9.146221645149417
9.490015474026048,9.494251722950139
9.359105145241294,9.461370085737599
8.265907334155747,8.233963633187699
9.469700127423376,9.166046696005317
8.350429973538136,8.282478240017888
8.840869624091395,8.616753051255595
9.0095696715137,8.894696770854289
9.913635883587943,9.990402004502435
7.669961995473577,8.08283037104613
9.24936875894366,9.09085123879417
9.07589427542326,8.8773607682336
7.85243908535751,8.097415320354216
9.092907275084087,8.87198966414709
8.374476889214643,8.397454801479531
7.71289096149013,8.147152617545562
9.400464740833158,9.44346640544923
9.58520880610688,9.57272224362867
8.272059622210412,8.256059394714319
9.405084448768694,9.275826823432045
9.00146947994869,8.651687061574362
8.289539484624141,8.331254851925467
8.738254576526122,8.644307251894523
9.386476169683052,9.44774582171328
8.973731569708402,8.879282138801134
7.836369760545124,8.100166373666818
9.011401509358793,8.611381947169084
9.202711344811693,8.86378017172218
7.704811922932594,8.041651906382883
9.385721231090804,9.382681227494574
8.429454277108231,8.410991730478052
8.136810863675537,8.29998891269017
9.357984213888743,8.993472685030605
9.180705566846491,8.914390819171494
9.630102784785173,9.794946216768931
9.024492605405667,8.765222595110357
8.398634855292102,8.474702631796905
7.716015266642587,8.082219025865552
8.160232492367689,8.408022339600958
9.18972941807206,8.985132190066999
8.513586695822125,8.297194191864667
9.669598979685738,9.754073424695973
9.341280911236778,9.153950794932443
8.429017500512511,8.444659382922765
7.830822995135316,8.087197122335976
9.01127949117793,8.812514511579389
9.2751913442958,9.297922584958664
9.249272581977973,9.259626176146716
9.144841389743489,9.117532089175128
9.310366686043308,9.117444754149332
9.343646739284408,8.994564372853066
7.891330757661889,8.149117655625991
7.94873845481361,8.122349470219236
9.567665104756411,9.912237156414193
9.590692779269272,9.654031152645603
8.798907492088226,8.837841669060495
8.58839695042257,8.663957632698828
8.863474306170954,8.777100158618738
8.73761303680885,8.42155926859948
9.490771217713773,9.405038994098586
9.398726833332388,9.287617051914628
9.524566999650077,9.516871494631541
8.85879510585745,8.674001160665474
8.944419791305915,8.959412024969806
8.411610428841172,8.284923620740201
8.294799358992574,8.326364090480839
9.62760228996386,9.671672827856579
9.021115038865434,8.821859359339658
8.654168646443315,8.470990893200536
9.752432077616172,9.930577511831546
9.608310798322089,9.678877967484826
9.64445772265751,9.981275494306658
8.965334573804839,8.83740499393151
8.207129168071326,8.286451983691647
8.177234885510194,8.195186881733866
9.270305953143616,9.11434436073354
8.41604600941128,8.330818176796482
9.236105579862208,8.967359512317326
9.675959402904097,9.482548829493352
8.57772369115627,8.55256180729486
9.340578848899913,9.607568918921642
8.465689348549121,8.385970245587236
7.703910209616311,8.076935256804838
9.6071010394542,9.445518778555458
9.601909374892236,9.80629977012253
9.117127990254003,8.74360717622562
8.53817159780143,8.406886984265599
9.510222717509285,9.896778856848139
9.301003406873424,9.013603408476795
8.07246736935477,8.152392719093376
8.39049553837028,8.391603354751137
8.906664409770052,8.695922252140502
9.615805480084347,9.749138995738447
9.191768986390748,8.961420730563136
9.552510629712032,9.669358449672961
9.1369090938903,9.041070274089925
9.521494800613103,9.09679002054836
8.7787879291047,8.612997645146327
8.460411177317253,8.326233087942143
9.719865150009126,9.769968399391011
9.245997049184217,9.363118181716064
7.953318346560431,8.098681678228271
8.854236693405742,8.623783520832246
9.21064032698518,9.04578636548296
8.74528448245438,8.742690158454751
8.53660358493606,8.420205575699628
8.162801353492073,8.198112605098062
7.902117546276448,8.193833188834015
10.007532202822729,9.87970485930484
9.220389707829185,9.098842393654587
9.68396244674463,9.986777600931864
8.771835409789817,8.719677379157263
8.422662707570003,8.432214141746705
9.50151633368222,9.368838625905763
8.0959035329611,8.273089724744718
8.57772369115627,8.32492306255519
9.333088837235236,9.381938879775301
9.85003403180204,9.97214898411088
7.3031700512368,8.090384850777564
8.73214326770192,8.708760500932648
7.9748769005588755,8.243439483486664
9.78549199429842,9.686607117267853
9.069237530998182,8.918844905487138
8.938794081433805,8.693738876495578
9.384041546476526,9.684642079187423
9.19238004659919,9.161636277202572
9.61306840437446,9.86896265113182
9.345919666218006,9.169583764550092
9.630234216736469,9.625297929158416
7.643003635560718,8.080996335504395
9.043695294567236,8.69710127498876
9.13830716907635,9.106003865769935
9.600488775972456,9.969790938414363
9.67884287509565,9.66429301817674
8.27664912542186,8.437541578320317
9.597437822726162,9.869661331338195
9.112948025967532,9.05539321832062
9.821517989668877,9.778308894354618
8.216628493133443,8.613827327891398
9.836599606994495,9.527177027675577
9.546884034617923,9.924900735154747
8.630878955820053,8.38754227605158
8.704336438489406,8.504265538029163
8.67812085552252,8.593958609522598
9.023649282664286,8.660420564154053
9.758519582283522,9.603988182863967
9.411810747608898,9.471107941113955
9.039907859574642,9.049279766514836
9.59879495125094,9.886123983700914
9.076123029856374,8.881159841855768
9.791885375954823,9.82250041740786
9.619199713152362,9.521631253537473
9.613536240640304,9.516172814425165
9.09929707318286,9.323817420107451
9.438033557988964,9.507046304229387
8.596004371840527,8.423960981808897
8.417814747435958,8.462650398236931
9.51775153960896,9.813897917366862
8.81537000096066,8.82181569182676
8.876963340262272,9.043908662428326
9.636130846545592,9.628747662677394
8.866017398810255,8.844741136098452
8.529714471969909,8.489593253695281
9.741850586935008,9.809880506180203
8.8023721336499,8.48417848209587
9.215029361462314,9.185260401680639
9.40491982616564,9.301677991067931
9.586994398230228,9.597525390954996
9.748820072523989,9.816124960524684
8.053887083618223,8.194488201527491
8.67846133901236,8.547976718440522
8.395477432732141,8.386013913100134
9.71438304344534,9.788003082218076
9.395158808968723,9.223120135363603
9.821789308551622,9.868613311028632
9.722025626154055,9.74734862770961
8.693328989123106,8.491427289237016
8.261526448396468,8.194357198988795
9.600624158088683,9.609446621976275
8.975124239427704,8.892950070338351
8.338783971442199,8.614438673071977
8.352554369474591,8.44592574079682
9.02280524812934,8.662691274824773
9.431722372670732,9.553770543030739
9.1381996941985,9.15037005887477
9.780245895678089,9.570626203009544
8.827028068509152,8.626316236580358
7.551186867296149,8.118768734161563
9.11482017011877,8.912076440987876
9.221873607789856,9.135654107027989
9.867653099526912,9.820011369172647
9.341368634382588,9.108623916543843
7.771488760117616,8.12278614534822
8.642062173462106,8.478196032828782
9.142275641062051,9.038930565957902
9.13194630454817,9.023210261314455
7.661997558901893,8.048071030778956
9.538780436900131,9.431763511992443
9.655282570626548,9.989222981654176
9.298351249298896,9.558966977065655
9.477539085486564,9.637612167795782
8.9126079636709,8.70644612274903
9.300363874623772,9.211242571855223
9.137877200242468,8.898757849553846
9.619133270177022,9.651323766845898
8.144679183447758,8.222697414859896
7.659171367666058,8.06160795977748
9.204121072162266,8.929761783711752
8.215276958936633,8.281473887221223
9.741674256373525,9.793985531485164
9.337677620437375,9.130152000402783
7.99967857949945,8.176278848648833
8.69165057315339,8.700594676020637
9.282102738203074,9.343031125782773
9.09963224999176,8.91963092071931
7.753194269884341,8.12562453368662
8.80537513890967,8.744480526483589
8.67265729404031,8.742952163532143
9.591717684555258,9.981362829332454
9.072227069846548,8.961464398076034
9.159047077588632,9.098929728680385
9.042749779782222,9.079847025543758
7.494430215031565,8.105712147804923
9.606562898717415,9.46049673547963
9.573176298028388,9.585604159933716
9.290721483922995,9.685035086803508
9.246382963323112,9.398794539754107
9.734654613922729,9.664729693305725
9.280985211545516,9.233949678562421
8.53915035876828,8.53919954834793
9.15419321135318,9.113296340423977
9.370160663423624,9.954769313977293
7.554334823725748,8.052743454659092
8.273846932784508,8.267849623196902
8.645586406184636,8.59876203594143
9.230044955250518,8.933997532462904
9.299906815335223,9.019061847589102
9.495744852683906,9.649140391200975
7.706612913964197,8.080122985246426
7.742835955430749,8.108681538682019
8.996156562033445,9.073777241250871
9.345919666218006,9.243993206529067
7.804659297056102,8.071171145102241
8.955835144218959,8.813737201940546
7.535296702444088,8.04173924140868
9.613202094214232,9.739663145439481
9.22700081286929,9.055611555885113
9.575538886855792,9.301721658580831
8.008698182988528,8.180820269990273
9.61447125707121,9.60080045442238
8.733755131364893,8.59334726434202
9.715168043938537,9.654773500364875
9.45234493093131,9.2401941329069
8.11552088154677,8.192392160908366
8.216628493133443,8.276015448108915
7.684324067681155,8.090384850777564
9.561771591591862,9.743069211445562
9.85245738142335,9.965817194740604
9.274816391160549,8.947578128974325
9.464594918315443,9.333598942996707
9.710024155323328,9.597918398571082
9.355652103136237,9.292726150923748
9.549451979534323,9.464164806563101
9.478457288933123,9.388401671684273
8.94585385712759,8.975044994587455
9.417029285218431,9.25831615075976
9.354267540782825,9.53451316984252
8.70267641154777,8.615443025868641
8.802823159741887,8.606010843082574
9.258177701390345,9.367179260415622
7.589335823170617,8.131563315440811
9.333972932421458,9.162771632537932
8.82776136765472,8.534570791980693
8.877381954654766,8.47400395159053
8.235890725928495,8.245317186541298
9.846229133695848,9.707436520920417
9.213236175088207,9.410410098185096
8.905037290767,8.812601846605185
9.09985563880091,8.831771884767608
9.335121088873487,9.146789322817096
8.89604050162011,8.660769904257242
7.8709295967551425,8.16675933083697
9.293485953062852,9.14360159437551
9.081938657171658,9.319669006382098
9.214830277249035,9.006791276464636
9.714805812589493,9.914638869623609
8.465689348549121,8.419943570622237
9.62092568277892,9.864770569893569
9.06184036365774,8.74050678280983
9.16188515170678,9.082379741291868
8.181440695719374,8.284530613124115
9.634823485920109,9.877870823763105
9.216521231051264,9.145784970020431
9.12052506765382,8.799326922684054
9.734121706902387,9.894420811151623
9.12238309321704,8.89129070484821
7.694392802629421,8.085232084255546
9.338821533624722,9.17875394225877
9.654897979890444,9.435911925717797
9.41548287218084,9.569578182699981
8.741935464094144,8.58740848258783
7.959974528080536,8.144881906874842
8.215276958936633,8.303132973618858
9.596894455192588,9.5152121291414
9.447702360527948,9.615429071243364
7.934155233536322,8.15282939422236
9.38151671766514,9.254866417240784
8.31581113188354,8.357280689612947
8.274611946209552,8.379682123729857
8.696510239189893,8.8632561615674
9.100748695346088,8.972730616403837
8.890272839380247,8.789196059691612
8.478036476215044,8.5088942943964
9.029657471850737,9.03954191113848
8.6020856584342,8.322783354423166
8.97259066827261,8.838889689370058
8.905172985183382,8.777362163696129
9.3179383825742,9.029935058300818
9.09133158539398,8.772253064687009
9.042276686928927,8.896225133805736
8.372860820526318,8.245622859131586
9.547669384317375,9.45818235729601
8.014996894348302,8.218461666108745
9.370331108285123,9.398488867163817
9.421492310438014,9.093864297184163
9.091444217032327,9.068537139703057
8.157370441186774,8.224793455479022
8.371010681238156,8.384878557764775
9.610859937691332,9.834290645890443
8.246433786160365,8.230295562104228
9.398146859000708,9.409580415440026
9.057655284310536,8.917840552690473
9.811646348870548,9.962498463760319
9.612065160468624,9.991188019734608
8.77137018531062,8.501951159845545
9.32259705432185,9.17617755899776
9.248406572782638,8.905002303898327
9.140775908590271,8.946704778716354
8.236685322712457,8.409026692397623
9.584727524513486,9.651280099332999
9.722624930978418,9.65298313233604
9.480138475329404,9.074039246328262
8.817594036275793,8.760157163614135
8.498010371999463,8.382258506990867
9.65637144183101,9.381327534594723
9.10985683339786,9.184605388987162
9.343209045050608,9.563595733432892
8.85978949474541,8.881727519523446
9.514289416891836,9.567263804516363
9.597980895171796,9.652153449590969
7.8009820712577405,8.067197401428482
8.30795254527102,8.38527156538086
9.258177701390345,9.482810834570742
9.817384853482716,9.765033970433485
9.332558004700433,9.170064107191974
8.503499864284235,8.361865778467287
8.897545598709327,9.06504373867118
9.76347807952779,9.997563476617783
9.123801610558944,9.10901692415993
9.574775130526357,9.773854808038974
9.115480090952223,8.80849710039273
9.507180382212727,9.508880339771123
9.013838751608397,8.81897730348836
8.600982717145921,8.75325769657618
9.614538010517382,9.642153589137221
7.911690520708339,8.164270282601757
9.746775261248594,9.677567942097872
9.137877200242468,9.060982659971623
9.49356251370587,9.937695316433995
9.31542084842669,9.244255211606458
9.477156251746578,9.145435629917245
9.496871782670569,9.68215303095221
8.934323331054905,9.147007660381588
9.490846760678869,9.497483118904626
8.345455428161928,8.309377427963337
9.629248055780836,9.825513475797852
9.412709624073916,9.08967221594591
8.384118837190895,8.472650258690678
9.342420712333393,9.19796764793409
9.466454374960302,9.290455440253028
8.998013113095823,9.030677406020093
8.567696173589344,8.594307949625787
9.207636720401869,9.210674894187543
8.595264726836392,8.476755004903133
9.76617760157152,9.85760909777822
9.607907707957208,9.331022559735697
8.991437814919227,8.740070107680845
8.271036865792954,8.264661894755315
9.439545514668987,9.403510631147139
9.336267928573973,9.5548622308532
8.662504922576291,8.672472797714029
9.21999362900432,8.992774004824229
8.769507120030227,8.8859196007617
9.847128818866745,9.855818729749384
9.41058370340406,9.82616848849133
9.82639050215116,9.439973004417354
9.364862411412354,9.180544310287605
9.363919459904483,9.236875401926618
9.52120171737537,9.407047699691915
8.363109176033522,8.311779141172753
9.142275641062051,8.911552430833094
8.528924114291936,8.555312860607462
8.165932137321585,8.306932047241025
9.396321889601625,9.388270669145577
9.356775650205728,9.067052444264508
8.333510708982942,8.334311577828359
9.085230560933338,9.223382140440995
9.5302475917227,9.738353120052528
9.39499254410842,9.474994349761918
9.455793210210228,9.20648281294929
8.44741429680832,8.338852999169799
9.476390144300847,9.386829641219927
9.38252741428954,9.1636886503088
7.653494909661253,8.143222541384699
8.282483003730562,8.20697711021645
8.268731832117737,8.31811093054303
9.511185430954244,9.48460120259958
7.934513463882263,8.149073988113093
9.545239944037077,9.570713538035342
9.620527646419676,9.51717716722183
8.519989278718239,8.372913659230596
9.353487881194669,8.773039079919181
8.94102198354136,8.920547938490177
9.181838011503473,8.908190032339913
9.943429159629076,9.898918564980164
8.609042845046117,8.446013075822618
8.394573477868327,8.45531425606999
9.58671989918925,9.360498130942156
9.395823592107716,9.337834691747856
9.494767151707292,9.329144856681063
9.009080614161975,8.808671770444324
9.210340371976184,9.131069018173651
9.798960023182191,9.917040582833025
9.364433907313582,9.345258168940594
8.915700818956903,8.855527011784371
9.163667963777751,9.047926073614985
9.463508636396089,9.301066645887353
9.098179005087852,9.05286050257251
8.556798446008598,8.338459991553712
9.837401167408268,9.91428952952042
9.46614470552994,9.485343550318852
9.305650551780507,9.011289030293176
8.372860820526318,8.398808494379383
8.57828829077605,8.30872241526986
8.000684784514748,8.188636754799097
9.831454349636296,9.870796686673556
8.881141619321468,8.793868483571746
8.796641458940915,8.684306693709512
9.610323816515107,9.852368996230405
9.548026157663058,9.569272510109691
9.353747835270912,9.242945186219504
8.289790583181643,8.2395967423516
9.17118365677499,9.164998675695754
9.831937843696052,9.65521017549386
8.965590066907914,8.795047506420005
8.929832503272403,9.013821746041287
8.264620829411216,8.394791083192725
9.423110302862831,9.40211327073439
7.684783943522785,8.10693483816608
8.621373010325902,8.472388253613287
9.30546871706776,9.204212102278571
8.23323750070527,8.322215676755485
8.758883680017025,8.546492023001973
9.019664010799474,9.117619424200925
9.504799428706988,9.45080254761617
8.7879833961978,8.676795881490976
8.58839695042257,8.38383053745521
8.510168576479273,9.058580946762207
9.837134051986109,9.944463780933257
8.787830829258759,8.728498216762752
9.321255432547336,9.26460427261714
7.666221925662725,8.076149241572665
9.526099566999854,9.387440986400506
9.67990640549087,9.709226888949255
9.606091787896707,9.915948895010562
9.737610048158109,9.831670595116535
8.03947991910045,8.194488201527491
9.64387450001194,9.969834605927261
9.63187566026184,9.720842447380246
9.449199779730396,9.221722774950853
8.971702399703325,8.848452874694821
9.711055051991444,9.921188996558378
8.607947554684701,8.437628913346114
8.669742589876522,8.509068964447993
8.561592778712923,8.392171032418817
8.006700845440367,8.167807351146532
9.271905727634335,9.058318941684817
8.991686725934825,8.784610970837273
9.633645398212678,9.440540682085034
8.788288460263619,8.686097061738348
8.24301946898925,8.296495511658293
8.996156562033445,8.741467468093594
9.927594627879362,9.73603874186891
9.567874946326796,9.754684769876551
9.54108193388841,9.67162916034368
8.758569510991506,8.583085398810882
8.700847193443972,8.558369586510354
8.5814816812986,8.461384040362876
9.639977632055333,9.733680696172392
7.557994958530806,8.063747667909503
8.705662478796427,8.499767784200621
8.951051374025619,8.784086960682492
7.883823214892152,8.178200219216366
9.06184036365774,8.853954981320026
7.866722285136729,8.16501263032103
9.360138737064576,9.257661138066284
9.481130576757746,9.525823334775724
9.01881660441743,8.749196617876622
9.499346567390097,9.530102751039774
7.233455418621439,8.04850770590794
9.136263168579868,9.45198157046443
9.523982546097496,9.548006431328142
9.104090572133472,9.108405578979351
8.456168489578463,8.345097453514278
8.242493153187626,8.30225962336089
8.508152446764088,8.476580334851539
9.12543586488574,8.83172821725471
9.294221855956884,9.033428459332695
8.044305406990638,8.229465879359157
9.670609272125022,9.812063881825127
9.03336450150698,8.751117988444154
9.760482858119124,9.655690518135744
9.710024155323328,9.847216229708387
8.488999457045455,8.42273829144774
8.259716961021523,8.191169470547209
9.276221741089696,8.843212773147005
9.16303909885817,9.127881289732063
8.661293535389994,9.075654944305505
8.327242607457793,8.545400335179512
9.85087760226383,9.611193322492213
9.170871628065816,9.420540961177538
8.087025470667701,8.210819851351514
9.48524111006323,9.881320557282084
7.874739125171811,8.140995498226879
8.382518288089635,8.374311019643347
9.368966735258605,9.592066951842687
9.519221155568957,9.26403659494946
8.917176635955164,8.756969435172548
8.746716349694486,8.518850487337248
9.076466063419854,8.725790830963048
9.592741540485797,9.771802434932747
9.739202358228273,9.916167232575054
9.31721973360328,9.10216112463487
8.03398273468322,8.256583404869101
9.17378011666438,9.313031544421532
8.122668023346407,8.20697711021645
9.466454374960302,9.40237527581178
8.970686268534983,9.164037990411988
9.407550541263888,9.482243156903062
8.551787836180736,8.528282670123316
8.68929604801586,8.312696158943622
8.245909264774093,8.370599281046978
9.574288799881414,9.448924844561537
9.555205857955418,9.333729945535401
9.48288342558516,9.278053866589865
9.18840146445743,8.854609994013504
9.270400128403846,9.248971302999491
8.659386957119413,8.60553050044069
7.422971251049421,8.050909419117357
9.112065802707844,9.138055820237405
8.118802996980035,8.221693062063231
8.582793648500186,8.517060119308411
8.83884181343129,8.59845636335114
7.953669778649798,8.143877554078177
9.657778811561773,9.963240811479594
9.661670735956298,9.150413726387669
9.388988523403828,9.340716747599155
9.641148287756142,9.79071046801778
9.51569044208137,9.776081851196796
9.02304647355567,8.71945904159277
9.553291574695104,9.447614819174584
8.812545770172237,8.889238331741982
9.499945593989812,9.733549693633696
9.577411092097035,9.780448602486642
8.459352191726387,8.33339456005749
9.13873695311649,9.14216056644986
9.209039526243137,8.848714879772212
9.533148246403336,9.309843815979944
9.097955241381392,8.84251409294063
8.74687531957003,8.629809637612233
8.312871394342615,8.414354128971235
8.739216115061744,8.612211629914155
8.501470230951002,8.501165144613372
9.415401415739629,9.531107103836439
9.446202695698169,9.880927549665998
9.888323152016357,9.989353984192872
9.534812320874815,9.4499728648711
9.399968503952577,9.54949112676669
9.19664704484418,8.916268522226128
8.440528106480752,8.589941198335941
8.682368589375221,8.682210653090385
9.12913031655064,8.825483762910231
8.496378051702317,8.511208672580018
9.290629203204986,9.105654525666747
9.339876293325217,9.779138577099689
9.232884336411075,9.28726771181144
8.845921233304018,8.764611249929779
8.984317679911129,8.706096782645842
9.382864086290027,9.043602989838035
9.568574100378909,9.561630695352461
9.846387960495557,9.75158437646076
8.778941881841513,8.765790272778037
7.987524479848767,8.15964152623452
9.39532504618962,9.128012292270759
8.403800504061147,8.344442440820801
9.596894455192588,9.391502065100063
8.910990494656719,8.554046502733406
9.446913343602054,9.557918956756092
8.13593277200489,8.39348105780577
9.54824016058858,9.553333867901754
9.30228124567454,9.502635885426642
9.153346650456063,8.943910057890854
9.660268836790868,9.459317712631371
8.010359588919783,8.194968544169374
8.39728289474368,8.286277313640053
8.456168489578463,8.297106856838871
9.768354878544631,9.848220582505052
9.1874810778301,8.99133297689858
9.200593020521303,9.108929589134132
8.55429627936774,8.457715969279405
8.715552125907816,8.507409598957851
9.414586486185929,9.409100072798143
9.45430563898269,9.54665273842829
8.845921233304018,8.656927163122177
8.149601735736155,8.211693201609483
9.628458426207663,9.52110724338269
9.213734605044198,9.158230211196493
8.168486417126681,8.25719475004968
8.70167907103957,8.655005792554645
8.303752415563412,8.371778303895237
9.444858981311896,9.090152558587794
9.278092474027002,9.150588396439263
9.7524902289842,9.622983550974798
9.43236329562169,9.261329209149755
9.764972332679385,9.77372380550028
8.42989086301344,8.446842758567689
8.248790733696413,8.274530752670367
9.543808099577095,9.80319937670674
8.497194544909547,8.420030905648034
9.100190628475197,8.689590462770225
8.00469951054955,8.164401285140451
9.61152968522156,9.808919820896438
8.782783017393202,8.650420703700307
8.737452587550584,8.651949066651753
9.408535277926427,9.124911898854968
7.827639546366422,8.127938911870238
9.613135251528467,9.96673421251147
7.620705086838262,8.117546043800406
9.01127949117793,8.87853979108186
9.044403844431551,9.02168189836301
7.8547691834991324,8.177588874035788
9.75347828520942,9.836692359099859
8.833754223418396,8.7781918464412
8.593042503699674,8.555705868223548
8.572817095164234,8.295796831451916
9.060679597421776,8.881945857087938
10.06147372459291,9.832150937758419
9.60177416667137,9.524731646953263
8.951958168569265,8.886268940864888
8.936298185228436,8.951726542699678
8.249836485425702,8.329508151409527
9.585895949678203,9.840011090080141
8.614501373883236,8.727013521324205
7.836764783264067,8.11684736359403
8.572438665642215,8.366931209963507
8.838261682885651,8.62823760714789
9.067854723679428,8.9652634716982
9.328834266023971,9.311197508879797
9.35079772467144,9.202552736788428
8.496173824192162,8.384703887713181
9.65937569478572,9.69490394471856
9.203617826215355,9.165697355902129
9.718723014091031,9.539360263774247
8.906393407058367,8.7923401206203
8.37378460812088,8.36885258053104
8.82555985506085,8.544221312331253
8.921057018157429,8.791641440413924
8.386856689688234,8.462781400775626
9.225031920719172,8.993822025133792
8.599694412927981,8.511470677657409
9.405166749908611,9.278534209231749
9.351579483668909,9.31137217893139
8.24380842366528,8.369201920634227
8.30795254527102,8.319246285878389
9.42027709580311,9.35958111317129
9.913289357508388,9.820841051917718
9.540075680658964,9.424689374902893
9.882927638570768,9.913940189417232
9.341894811716484,9.074475921457248
9.146761390333312,9.266088968055687
8.81537000096066,8.821029676594588
7.749322464660356,8.081957020788161
9.371523409567573,9.234473688717204
9.537483513308878,9.487352255912182
8.086410275323782,8.304879674134797
8.75557997214314,8.719328039054076
9.544094632530348,9.344166481118133
9.559376212117632,9.478269413229302
9.3923285398689,9.62176086061364
8.816111895794005,8.502431502487427
9.20522732258936,8.98452084488642
9.575538886855792,9.644205962243449
9.249080200292113,9.005655921129275
8.934323331054905,8.576840944466403
9.242226560838503,9.171810807707914
8.34924780056679,8.331342186951263
8.879193928110318,8.728629219301448
8.55564437779049,8.35610166676469
9.156095357123789,8.968320197601091
9.363919459904483,9.921232664071276
9.858071689005646,9.908569085330722
9.695848187757884,9.601804807219045
9.488729397516371,9.18464905650006
8.729073550451737,8.606010843082574
8.441607204459642,8.383262859787532
9.33600338997184,9.442462052652566
10.028930068226645,9.993502397918226
9.331672657143708,9.044214335018616
9.912992239550372,9.877128476043833
8.854093907655518,8.688367772409068
8.481773246184977,8.641643533607716
9.884967102898749,9.917913933090993
8.981052985901483,8.827579803529357
9.0142038261485,8.603652797386056
9.751675801946746,9.841583120544486
9.47952746179172,9.483072839648132
9.709052927858371,9.99114435222171
9.569342605674006,9.843941166241002
8.071843149609158,8.206627770113263
9.445017159104063,9.210107216519862
9.621522440413576,9.865163577509653
8.62371303479391,8.554788850452681
8.90761234131913,8.799807265325937
9.405907155520158,9.414951519526536
8.795884972029885,8.53072805084563
9.84792198708642,9.873242067395868
9.604137675216665,9.461981430918177
8.319717386850606,8.308635080244064
9.30027247947679,9.159190896480258
9.140561477368266,8.853911313807128
9.585071320714484,9.912499161491585
9.436838291102966,9.38652396862964
9.061956366209923,8.994782710417558
9.0663545214478,8.977490375309769
9.52937575208596,9.329843536887438
9.649240256170584,9.427396760702598
9.590350910611878,9.326044463265273
8.144969417087875,8.30872241526986
9.575052927597383,9.660712282119066
9.298809019963793,9.576564984763735
8.778325928634482,8.617058723845883
8.321664807135,8.266976272938933
8.397057390176256,8.371734636382339
9.400878083541478,9.326350135855561
9.635738817791797,9.37944983154009
8.264878262801748,8.284224940533825
8.651199471263972,8.502780842590616
9.117896081584902,8.93356085733392
7.974532844130228,8.315185207178834
8.382289428951436,8.563347682980778
9.12172771361958,8.950154512235333
9.688312170871097,9.962847803863507
8.814330422638774,8.732471960436513
8.829665432675236,8.996354740881904
7.4821189235521155,8.075275891314696
9.866875434039397,9.917608260500703
9.24763615671988,9.48940462901841
9.289705927356923,8.949848839645044
7.998335395952982,8.199597300536611
9.249080200292113,9.407790047411188
9.298259670014064,9.298140922523157
7.96102146588337,8.28042586691166
7.829232537543592,8.13981647537862
8.931948346431495,8.726140171066236
9.796069365768837,9.893110785764668
9.451638133870434,9.28076125238957
9.368796057668156,9.895818171564372
8.172164452111904,8.29086240249439
9.62019582838564,9.304734716970824
9.071767722112243,8.712603242067713
9.348971240145405,9.247442940048046
9.439943018351132,9.343205795834367
9.01042494678118,8.926792392834656
8.432288684325794,8.529942035613457
9.337325383730672,9.138579830392185
7.972810784121404,8.15086435614193
9.532133974056732,9.369449971086341
9.659056522078664,9.693681254357404
9.078635880978757,9.088100185481567
8.360305435879093,8.364922504370178
9.038246335337664,8.870985311350426
9.296793259706382,9.164430998028074
9.597437822726162,9.564381748665065
9.477462530462605,9.234561023743
9.59028252285326,9.573901266476929
9.539212371252829,9.367310262954316
8.673512945671192,8.517103786821309
9.401621670141608,9.124955566367866
8.697178688412643,8.535225804674171
9.427143867544194,9.129322317657712
7.985824666418917,8.158637173437855
9.106866963499908,9.23229031307228
9.57080811415361,9.636258474895929
7.396948602621014,8.044097287105195
9.855189767128376,9.857347092700829
9.306014122044465,9.352594311107536
9.966650127493768,9.987388946112443
8.445911989411274,8.548457061082404
9.582662261491093,9.931450862089516
9.594105053105007,9.440016671930252
8.210668031162976,8.206234762497177
9.801565562810744,9.644904642449823
9.141097469234024,9.272508092451762
9.35296777022594,9.069628827525518
9.346181594887597,9.393816443283681
9.69836808706617,9.928437803699522
7.757051142032013,8.128069914408934
8.72777821348305,8.55540019563326
9.163563180417254,8.912425781091065
9.548953173096509,9.507177306768083
9.556480013999533,9.569097840058099
8.704502289721232,8.433000156978878
8.867990898182093,8.695310906959923
9.837935184295892,9.836954364177249
7.755767170102998,8.095886957402769
9.830432871630215,9.882281242565849
9.302919553269277,9.312158194163562
8.668024081118821,8.467584827194457
9.325453179076687,9.35530169690724
9.536762272743896,9.593507979768336
9.6956020036109,9.812544224467011
8.738895704934043,8.618150411668346
9.315870873185649,9.05513121324323
7.636752112435779,8.156060790176847
9.288134399416204,9.273818117838715
9.71420180194054,9.92284836204852
9.5674552191433,9.815819287934394
7.807510042216193,8.109642223965784
9.765718622791232,9.795644896975306
8.973858256222792,8.861946136180444
7.577633832602728,8.053529469891263
7.994969522697877,8.136934419527321
8.145549631783584,8.307761729986096
8.492490578775866,8.423087631550926
8.630700432209832,8.490379268927452
8.330863613224745,8.40994371016849
8.398634855292102,8.748803610260536
9.509555680241636,9.41966761091957
9.718903438087914,9.426741748009121
9.0068768914288,9.046834385792522
7.980707820869669,8.188200079670112
7.744136627627991,8.074839216185712
7.955775781534187,8.142392858639628
9.586033321750676,9.457309007038042
9.384041546476526,9.079410350414774
8.094988759303774,8.274661755209063
9.210840247017831,9.087401505275192
8.588210678651517,8.38304452222304
9.562123369834488,9.666345391282967
8.770128527538184,8.605312162876197
7.907283609426348,8.082437363430044
8.863757191604241,8.642909891481771
9.322150047028188,9.331633904916275
9.266626182986776,9.094082634748656
9.004791129062925,9.115698053633393
9.548668029096856,9.637088157641
8.963288275610298,9.011813040447958
9.701922012375412,9.581324743669667
9.73495055071279,9.885556306033234
8.479491324232226,8.25116863326969
8.722742874329398,8.611076274578794
9.063463176115423,8.772995412406283
7.794411205726601,8.152349051580478
9.33846969968671,9.536259870358457
9.922701771459932,9.886516991317
8.473032295630468,8.467453824655761
9.07383312732152,8.846400501588594
9.042986242304014,8.883779892629674
9.438113191674054,8.942469029965205
9.11943049661634,8.839501034550636
8.987946539552519,8.9936473550822
9.214431989879436,9.021594563337214
9.488502271043805,9.14299024919493
9.54445268330577,9.867084948077187
9.46102126628348,9.396174488980199
8.289790583181643,8.324311717374611
9.663642809498509,9.721759465151113
9.344434106456882,9.26207155686903
8.510772623613315,8.441471654481179
7.629489916393995,8.141170168278471
8.084254106307318,8.222522744808302
9.695171035465089,9.85704142011054
7.901747518520144,8.109860561530276
8.10349427838097,8.243483150999563
9.810878720803466,9.970402283594941
9.283776690049365,9.32442876528803
9.532930988916153,9.910184783307965
8.964439833539357,8.805877049618823
8.216628493133443,8.300993265486834
8.494743062578646,8.558369586510354
9.10364563330522,8.857186377274513
8.834628222017367,8.787318356636977
9.583282288378786,9.827260176313791
7.822044008185619,8.18344032076418
8.917042560738766,8.839457367037738
9.307920700315046,8.958713344763432
8.803724602110622,8.930591466456823
9.245610986058102,8.801815970919266
7.596392304064196,8.05986125926154
8.245384468120747,8.398459154276196
8.965206802770357,8.74443685897069
9.432923766431829,9.321677711975427
9.240675571772256,9.212770934806668
9.206432747145165,9.160326251815619
9.955890231329176,9.81394158487976
9.521128433142438,9.329406861758454
9.113278659133051,8.824523077626464
9.163772736159848,8.984957520015405
9.247925132303454,9.515910809347774
8.066207568006265,8.170383734407542
9.09750756370184,9.2657396279525
9.515543058145951,9.31193985659907
9.318566777047051,9.036397850209791
8.301521654940728,8.300774927922342
9.734121706902387,9.91145114118202
8.424419791263883,8.403786590849807
8.239065331769268,8.280906209553542
9.113719333371757,9.060065642200756
9.451402423792738,9.133121391279879
7.957527402230773,8.14916132313889
9.55016412883091,9.081419056008102
9.60642831827175,9.612110340263081
9.612399686949514,9.703812117349846
9.297618380083245,9.112772330269197
9.383200644980624,9.009411327238542
9.816621619514466,9.85900645819097
9.23092700558457,8.963516771182261
8.85978949474541,8.73823607213911
9.72376262158944,9.866735607973999
9.67464026580524,9.738134782488036
8.752265313595721,8.437978253449302
9.40705780905387,9.231897305456194
9.598252320836758,9.498225466623898
7.909122183211411,8.159073848566841
8.73681053295389,8.808104092776643
9.613202094214232,9.518705530173277
9.24917639576138,9.099584741373862
8.129174996911793,8.254705701814467
9.617870014133226,9.550757484640744
8.572627898304338,8.545400335179512
7.96693349840484,8.199728303075306
8.888204871455022,8.728236211685362
9.10597935665144,8.959412024969806
9.480214825778,9.286918371708254
9.416866617466956,9.467439870030484
8.895903562215581,8.751379993521546
8.150179269682326,8.243876158615649
7.560080465021827,8.0609966145969
8.572817095164234,8.420030905648034
9.764972332679385,9.991843032428084
9.090993614343615,9.208360516003925
8.735364401103888,8.940154651781587
9.025335217553026,8.750375640724881
8.957510510291613,8.609940919243435
9.206131527202128,9.116440401352667
9.36005264520451,9.367834273109098
8.802672840312818,8.516972784282615
9.32268643180772,9.230368942504748
7.83002808253384,8.152043378990188
9.2794932306645,9.09023989361359
8.533066540572527,8.536710500112719
9.62066034281053,9.741933856110201
8.235625719964311,8.533217099080842
8.834336974017637,8.944434068045634
8.012018239159062,8.238374051990442
9.474856166396124,9.70879021382027
9.383873422737055,9.344908828837408
9.425290448261864,9.479841443693648
9.146548238888403,8.897011149037908
9.269457976459272,9.110326949546883
9.867549445730498,9.868263970925444
8.789355452209982,8.651818064113058
9.420033875565988,9.614293715908005
9.201400530406708,9.025306301933583
9.569691731118324,9.881844567436865
8.51959031601596,8.549461413879069
8.358666283188,8.422083278754261
9.542661146046344,9.572853246167366
9.705219523912486,9.8156446178828
8.514990767861038,8.559242936768323
8.835355971121606,9.03526249487443
9.06126014896203,8.706795462852218
9.823740634445873,9.9404027022337
9.62211884214094,9.602285149860927
9.80316985602126,9.50984102505489
8.111928063310739,8.22850519407539
7.293697720601438,8.07178249028282
9.539284342176604,9.635254122099264
9.60750445504496,9.792893843662704
9.551089165364656,9.959965748012209
8.880029117468442,8.47173324091981
9.598048758495088,9.360934806071143
8.998013113095823,8.804392354180274
9.47692648113323,9.598704413803254
7.980023592310645,8.223658100143663
8.034955024502159,8.178287554242162
9.948365311314214,9.862718196787341
9.36691667901828,9.269320364010174
8.714403360703942,8.52505127416883
9.33078652505205,9.24477922176124
9.690541826198364,9.97529304503957
9.074062353683557,8.90347394094688
9.208939391060555,9.523290619027614
9.123910643977796,8.955350946270249
9.343996756788856,9.002293522636094
9.044521887281242,9.026310654730246
7.465655310134056,8.08566875938453
9.396653950039674,9.234779361307492
9.002331708246244,9.021288890746924
9.657970572245024,9.77909490958679
8.263332667439967,8.399419839559961
9.749578510178852,9.564338081152165
8.462948176563842,8.592037238955067
9.242904362849446,9.246831594867468
9.305650551780507,9.265040947746124
9.60750445504496,9.519054870276463
9.681343501555002,9.513683766189953
9.44549154241467,9.365039552283598
9.440499258184298,9.479928778719444
8.943767262734637,8.736576706648968
9.849559210510572,9.859967143474737
9.75115189123243,9.833941305787256
8.173575486634153,8.198811285304439
9.006754319877503,8.811946833911708
9.346181594887597,9.443335402910535
9.4925826756776,9.501238525013893
9.438113191674054,9.475998702558583
9.562264046489428,9.286394361553471
9.342595951096651,9.29552087174925
9.118444357271644,9.050065781747008
9.330697868639916,9.224735833340846
8.611411866655219,8.586360462278266
8.753529336516431,8.622997505600074
8.4368504387337,8.360162745464246
9.103423089630104,8.872426339276075
8.681350777582521,8.550989776830514
9.397317740306333,9.18381937375499
9.296793259706382,9.093514957080975
8.758726607842037,8.726358508630728
9.680406499268877,9.499273486933461
9.740321354781914,9.953284618538746
8.444622498581403,8.33055617171909
9.096947684621092,8.89329941044154
7.532623618788788,8.11999142452272
8.935903526274423,8.705398102439467
9.318297513481276,9.009716999828832
7.684324067681155,8.169641386688268
9.020873347021356,9.026921999910824
9.510000421187373,9.581805086311551
9.412382853382338,9.298402927600549
8.81877816903701,9.184518053961366
9.124455632819013,8.944870743174619
9.3982297330736,9.783592663415332
9.580661777948766,9.867870963309358
9.66554757197916,9.271460072142197
9.051696278536586,8.92670505780886
7.913521017283895,8.12815724943473
7.56164174558878,8.077284596908026
8.22389538017882,8.299814242638575
8.918784137975802,8.812339841527795
8.158516244806831,8.388633963874042
8.303504798872783,8.2962335065809
9.399968503952577,9.470496595933376
9.544237868224927,9.420715631229132
9.488805094878352,9.50529960371345
7.745002803515839,8.086149102026413
8.031385330625534,8.22514279558221
9.17367638760459,8.818409625820681
9.68781601606062,9.85507638203011
9.07589427542326,8.744524193996487
8.19671240721307,8.252434991143748
9.348535870727584,8.980634436238457
9.945828393025652,9.851539313485334
9.127827950401718,8.958145667095751
9.096723645189217,8.939019296446226
9.738730826921646,9.843286153547526
8.758412389457677,8.476492999825743
9.347403022364524,8.919194245590326
8.9242570208881,8.731554942665644
8.73165920153676,8.65430711234827
9.172949982757624,9.01456409376056
9.472781556562168,9.263643587333373
8.399984990510696,8.42326230160252
9.572828387229206,9.271198067064807
9.010058489805235,9.187094437222374
9.556409270127691,9.466260847182227
8.667507952075105,8.575923926695534
9.110741006753427,9.323380744978467
9.491526390684262,9.633987764225209
9.272657678041044,9.115305046017307
9.580799870885532,9.94350309564949
9.611194867526663,9.648092370891412
9.467073426283948,9.593900987384423
8.506132244056813,8.367935562760172
9.76180877420419,9.931538197115312
7.844240718141811,8.194444534014593
8.521981708148035,8.465663456626924
8.528924114291936,8.546666693053567
8.695339376799712,8.867928585447533
7.691656822810547,8.061258619674291
9.328478899993224,9.74931366579004
9.711236864664288,9.601979477270639
8.584103896698863,8.541688596583143
9.688560155993258,9.737348767255863
8.661293535389994,8.694917899343837
9.355652103136237,9.590844261481532
9.71202433782489,9.860796826219808
9.453443401029997,9.192159868718596
9.670546158741807,9.936297956021244
9.661097469276054,9.769531724262027
8.656781205623291,8.51286803807016
9.46583494017472,9.23373134099793
8.835355971121606,8.893255742928641
9.239996256883693,9.22831656939852
8.347590407030058,8.60186242935722
9.512295103714685,9.218054703867383
8.268218880067506,8.276757795828189
9.05963375455148,9.19456158192801
8.946374826141717,8.93522022282406
9.818038590703646,9.66996979485354
9.3803362790795,9.145435629917245
7.888334500738654,8.09614896248016
8.012349639327795,8.296932186787277
9.44137272471063,9.107750566285873
8.662677858158219,8.604264142566635
9.365205082537098,9.378838486359511
9.181735114965848,9.061069994997421
9.826498511007992,9.833591965684068
9.650142492488795,9.35333665882681
9.280705634636746,9.608049261563524
9.304650051446924,9.60193580975774
8.754002933494261,8.540160233631697
9.653486547052037,9.571805225857803
7.384610383176974,8.059424584132556
9.79773807235252,9.759881203911467
8.865452825753623,8.969018877807468
8.09040229659332,8.319682961007373
7.575584651557793,8.072524838002094
9.519881778780857,9.682633373594093
7.942717540573791,8.144445231745856
8.48879371689454,8.360992428209316
9.736901540128232,9.712720289981132
9.155144736508232,9.026179652191551
9.668208158877396,9.773592802961584
9.010669176847117,8.6619489271055
8.252967195000798,8.205536082290802
8.67317077287059,8.64299722650757
8.677950570294351,8.659328876331593
8.53089883847235,8.43745424329452
9.430920640887228,9.602285149860927
8.722254235179681,8.553347822527032
8.270013062273787,8.397411133966632
7.907651594711089,8.078987629911065
8.55429627936774,8.638324802627434
8.529319371214077,8.450903837267246
8.633196867172543,8.691293495773264
8.169902647359145,8.262653189161986
9.671114035843228,9.97638473286203
9.346094292953802,9.088187520507363
7.773594467360194,8.1431788738718
8.921591063563978,8.757406110301533
8.824089482791823,8.584963101865515
9.38437770918244,9.206264475384799
8.883640232503673,8.844348128482366
9.192176401348512,8.965918484391677
9.722684841711445,9.525779667262826
8.054522609537294,8.234181970752191
8.736489351001554,8.76199119915587
9.827847638327382,9.699794706163187
9.076466063419854,8.949281161977364
9.658481754364784,9.506871634177793
9.913140809564268,9.640275886082588
9.27162360039308,9.14268457660464
8.482808764554406,8.61430767053328
9.212438170058329,9.184867394064552
9.947839310106628,9.976035392758842
9.41662256621498,9.327398156165124
9.23620303150191,8.923473661854374
9.130864170474386,8.876749423053022
8.99317889233952,8.877535438285195
9.640433049909078,9.800841331010222
9.038365107236372,8.923997672009156
7.881559917056899,8.098812680766967
9.016998311898762,8.865308534673627
9.318835968129482,9.022598916133877
8.720134035412928,8.701380691252808
8.62998601889136,8.553740830143118
8.548885638148727,8.471252898277928
9.153664194782626,8.964564791491824
7.483806687665835,8.0609966145969
9.141526055975824,9.06958516001262
8.124446855715847,8.249596602805347
9.636392113692736,9.719139414377205
9.657906656102982,9.47067126598497
9.355306142226368,9.394777128567448
8.618123909994678,8.443611362613202
9.69898173460629,9.63621480738303
7.698029170272805,8.04820203331765
7.550135342488429,8.045057972388962
9.785885750455948,9.813985252392659
9.810384934273804,9.919485963555339
9.64277192831416,9.496391431082163
9.118882761487349,9.043209982221951
9.354613861132608,9.686519782242057
8.537387898701757,8.789196059691612
9.25023393563786,9.124824563829172
9.343121483210002,9.445387776016762
9.653165488841426,9.978131433377968
8.261009786023827,8.461034700259688
9.25339986143663,9.494120720411443
9.448884719866417,9.825469808284954
9.25540933534376,8.865701542289713
9.28126471031288,9.117881429278317
9.92358425423525,9.923154034638808
9.17585244151751,9.189321480380196
8.836664586357426,8.646315957487852
9.431562077727694,9.157356860938524
9.023167064451204,8.751685666111834
7.687080155783135,8.088856487826117
8.296546520300614,8.327674115867792
9.637371257998907,9.821583399636992
9.47293537905132,9.434383562766351
9.750336373041954,9.913547181801146
9.733529254725571,9.798002942671824
7.547501682814967,8.062524977548346
8.582418976333944,8.404834611159371
9.674074388208323,9.960708095731484
9.44438429775868,8.99417136523698
9.18574025510795,8.848059867078735
9.770984202723035,9.788963767501842
9.091669442258503,8.842339422889037
8.92319149068606,8.764785919981373
9.73867186987184,9.750973031280182
9.691283941260252,9.955467994183667
9.09121894106832,8.959455692482704
8.739055922830724,8.606054510595472
9.53575166123797,9.951013907868026
9.381348168869865,9.458400694860504
9.863914777416303,9.93158186462821
7.919719760924575,8.11658535851664
7.592366128519796,8.055014165329812
9.2179116374725,8.869806288502168
8.204945165019208,8.293002110626416
9.134107065976591,8.936049905569131
8.99850761180784,8.937578268520577
8.765146421639022,8.609023901472566
9.020268861722167,8.83854034926687
9.26188863385676,9.236220389233141
8.840869624091395,8.636228762008308
7.933796874815411,8.089948175648578
8.766394277049736,8.696446262295282
7.772331575169614,8.100821386360295
8.335431477880796,8.292128760368447
9.696770838907453,9.804509402093693
9.6067647354322,9.512242738264304
9.120743838164426,8.832688902538477
9.506660032823548,9.618878804762343
9.683837890476171,9.71158493464577
9.54337814614876,9.751409706409166
9.67457740632758,9.848657257634036
9.552368574168076,9.40067224280874
8.854093907655518,8.805222036925345
9.648014489106362,9.72918294234385
9.57073837671504,9.611761000159893
8.950532836290382,8.846837176717578
8.41913925094085,8.303220308644654
9.378224880972368,9.384078587907325
8.684570300824369,8.851509600597712
9.08239335764556,8.65229840675494
9.031811613420924,9.059235959455684
9.2751913442958,9.862325189171255
7.890956716138919,8.168069356223922
9.889084322225385,9.87778348873731
8.737131611781498,8.567234091628741
8.277411998949004,8.271124686664287
8.877381954654766,8.81417387706953
8.910450756416656,8.866487557521884
8.736168065858228,8.58452642673653
8.99205997632796,8.723520120292328
9.450930836894113,9.733811698711088
9.737432968206043,9.572372903525483
9.154298981092555,9.023079258775761
9.4511666581427,9.887521344113665
9.071767722112243,9.635516127176656
9.653550746326603,9.547307751121767
8.22282213081366,8.370424610995384
9.294221855956884,9.069366822448128
7.700747794511798,8.047852693214464
9.784985508455128,9.882412245104545
7.520234556474628,8.04086589115071
9.662625450728235,9.698441013263336
9.74449182104567,9.79381086143357
8.728426091704613,8.743126833583737
9.031094081699155,8.752821021447195
8.945071894361302,8.63697110972758
9.281171552736774,9.249233308076882
9.361773075736393,9.104126162715302
9.291551627401006,9.841583120544486
9.523982546097496,9.494994070669412
8.558910784768106,8.571426172866994
9.030854790001436,9.605298208250922
8.532869670801245,8.450248824573768
9.572967566074247,9.992105037505475
9.114269903225448,8.725921833501744
9.847974842605868,9.87319839988297
9.542158939916048,9.913809186878538
8.095293776844649,8.26457455972952
9.423595190540022,9.67162916034368
8.389814262086407,8.32007596862346
9.117457244496126,8.838322011702378
8.822764296703758,8.64889234074886
8.211754397375197,8.2792905115763
9.298717482593595,9.209102863723198
9.325720523016257,9.202902076891617
8.750841375375533,8.431253456462938
9.635412009723266,9.632066393657677
9.75909741657673,9.58010205330851
9.145161645951188,9.11434436073354
9.042394981126735,8.923080654238287
9.1018638956401,9.048930426411648
8.726318950962243,8.699502988198175
9.071078304642676,8.812208838989099
9.3487971151232,9.309450808363858
8.494743062578646,8.40998737768139
9.543306469268108,9.560189667426812
8.75557997214314,8.568238444425406
9.402529747968488,9.213120274909857
8.209580483475577,8.414616134048625
8.39773375137891,8.437410575781621
8.742414582525413,8.614395005559079
8.942591637231851,8.920198598386989
9.341894811716484,9.251416683721805
8.889859587773016,9.085916809836643
8.35772841676521,8.355577656609908
8.867286523989415,8.659721883947679
8.787525625532906,8.536710500112719
7.662467815200237,8.114139977794325
9.271905727634335,9.035218827361533
8.472195825485501,8.422301616318755
9.327145151518268,9.088056517968669
9.694000327669404,9.990402004502435
9.52755697453028,9.316044602811525
8.51097389160232,8.37365600694987
8.915969311373605,9.08347142911433
7.489970898834801,8.052918124710684
9.2213792190914,9.1410252111145
8.931287626222456,8.800418610506515
9.604002767965197,9.829312549420019
8.83869681234353,8.626097899015864
9.810823867672708,9.727479909340811
8.15708378502887,8.232260600184658
8.550047528287184,8.267500283093716
9.4082071401056,9.556215923753053
9.63456180856679,9.69119220612219
7.932362154339751,8.196365904582125
9.55867059537935,9.531456443939627
9.921229234012284,9.905512359427831
8.370547611074752,8.338678329118205
9.437953917961844,9.585342154856326
8.605936401250625,8.691861173440945
9.0663545214478,8.764873255007169
9.58045460278142,9.439492661775471
9.172015257654516,8.90260059068891
8.71768205216564,8.51653610915363
9.032289682032872,8.842950768069615
9.678091466168624,9.735558399227026
9.845805472195044,9.909093095485504
8.892748769118258,8.719895716721755
9.133891199812776,8.916617862329316
7.627544390488503,8.062786982625736
7.981733286691885,8.164051945037265
8.871645667501872,8.544963660050527
8.771835409789817,8.464615436317361
9.63678388646954,9.548748779047417
9.353747835270912,9.354341011623475
9.548454117726653,9.598136736135574
8.02322468471667,8.224007440246849
9.045701550034536,8.765047925058763
8.27052509505507,8.375446374978708
8.425735580927402,8.693258533853696
9.406318255217624,9.660188271964286
9.683900170549684,9.938000989024285
9.480138475329404,9.424078029722313
9.33485624667375,9.01683480443128
7.668561108015897,8.168462363840009
9.130647603066937,9.004258560716524
9.718963572186974,9.607699921460336
9.611194867526663,9.908874757921012
9.575122364808813,9.745994934809758
9.124346658809207,8.877055095643312
9.448175472033382,9.323206074926873
8.936035096566041,8.791161097772042
9.045229851912582,8.58906784807797
9.430840432344976,9.387571988939202
7.647308832356238,8.071607820231225
8.416709652837914,8.564876045932225
8.224967478914584,8.310425448272902
9.312084355859469,9.020066200385767
9.546598299920646,9.761191229298422
8.398860004454372,8.41308777109718
9.5450252980233,9.589534236094577
8.473868066677865,8.316495232565787
9.476006870370282,9.637088157641
9.62648162008158,9.277224183844794
9.09470502837726,9.007053281542026
9.585758558732053,9.697349325440873
8.508757712595136,8.503741527874382
8.732465848349879,8.508108279164228
9.034795799461252,8.812252506501999
8.424419791263883,8.446100410848414
9.494767151707292,9.408969070259447
8.81640849968169,8.549592416417763
9.709477955946982,9.688528487835384
7.7025561132685825,8.05221944450431
8.694502206386648,8.562561667748607
9.359277484750551,9.161330604612283
9.382948236582498,9.191810528615408
9.121071904218,8.859981098100015
9.287949351303164,9.639795543440705
7.949444420250626,8.19051445785373
8.799963219506997,8.645180602152491
9.047821442478408,8.817361605511117
9.729015110685571,9.805295417325866
8.369157112588834,8.28723799892382
9.547455259196116,9.454121278596455
9.434203664214742,8.94740345892273
9.699104418939656,9.648048703378514
8.933400396056303,8.750768648340967
7.493873886783559,8.073005180643976
9.12008738299862,9.199103003269451
8.16961956172385,8.244880511412314
9.335385860950408,9.093165616977789
8.411388132519262,8.398633824327788
9.530029703062944,9.528399718036734
9.255504923930555,9.18128665800688
9.871687239986333,9.80913815846093
9.442641861075158,9.230805617633733
9.315060682746584,9.399318549908887
8.142354276849835,8.22230440724381
9.102532419341877,8.988101580944095
9.127719343287843,8.838627684292668
9.71281119135942,9.58857355081081
8.883778861463485,8.668673724091862
8.773848885262895,8.653957772245082
8.917578753781104,8.796270196781162
8.588024372176829,8.567321426654539
8.63141433550626,8.539767226015611
9.233959237574815,8.71836735377031
8.83331693749932,8.86491552705754
7.685243607975833,8.079555307578746
9.817439347910677,9.701017396524344
9.396321889601625,9.67224050552426
8.139148678884066,8.241518112919131
9.093694189856862,8.74469886404808
8.501267040865978,8.568194776912508
9.079206103951382,9.087314170249394
8.01829613851552,8.133310015956749
9.235910648087712,8.97914974079991
9.382274835883653,9.147662673075065
7.910957382845589,8.217631983363674
9.242613932526478,9.120064804923238
7.810758116529357,8.085581424358733
8.4069317971587,8.261605168852423
8.148156439921625,8.247369559647526
9.064620717626775,9.046528713202234
9.390492911485298,9.058449944223513
8.158229916959494,8.287849344104398
8.06211758275474,8.186147706563885
8.301273485191347,8.291735752752361
9.042749779782222,8.824566745139364
9.273972232220956,9.060327647278147
8.426830751335846,8.451471514934925
8.9614943233096,8.996049068291613
9.591034531092426,9.670712142572814
7.473069088032197,8.038071170325209
9.3940775929113,9.356131379652311
9.162934249578912,8.843038103095411
8.835937789319836,8.598063355735054
9.478151314785553,9.520321228150518
9.526391218478407,9.699401698547101
9.354354132115088,9.318402648508043
7.605392364814935,8.051695434349528
9.43148192061972,9.37403505994068
9.513403546466266,9.632066393657677
9.662307313735766,9.660712282119066
9.18881025342582,8.936792253288404
9.143452426434552,8.892338725157773
8.106816038947052,8.280294864372964
9.727227587120767,9.843853831215206
9.131729971394272,9.111069297266157
9.399306471488806,9.673506863398314
8.808369153122275,8.873823699688826
9.620262200801289,9.53163111399122
9.18440698994968,8.855090336655387
8.724207360800564,8.59251758159695
9.548454117726653,9.892630443122785
8.83927669058535,8.7753534581028
9.968479096043568,9.9460358113976
8.819665349340653,8.905264308975717
7.925518979786926,8.14854997795831
9.263975921142093,8.823082049700815
8.920923462230686,8.607189865930831
9.417760962825156,9.64023221856969
9.665737848832556,9.77455348824535
8.397508348470257,8.528020665045926
8.58466490653125,8.433393164594962
9.21522840604896,9.089322875842724
9.39391114817057,8.990546961666407
8.070593539949519,8.387891616154768
8.549660381553739,8.44230133722625
9.247057954911346,9.313162546960227
9.634627234324936,9.862281521658355
8.458292083496076,8.43011810112758
9.471396088360253,9.36324918425476
9.225130457448818,9.706344833097956
9.3581567466704,9.048581086308461
9.920787049614187,9.889879389810183
9.371778717853712,9.180500642774707
9.13227071655426,9.54215498459975
9.57073837671504,9.542242319625545
9.533220655077928,9.790186457863
9.79138211875182,9.968262575462916
8.343077871169383,8.36854690794075
9.65252306301951,9.81992403414685
8.363575702750637,8.372607986640308
9.727227587120767,9.678921634997725
9.17585244151751,8.865046529596235
9.41140190014419,9.101811784531684
9.680218993408769,9.776212853735492
7.912789220690681,8.109685891478682
8.335431477880796,8.236583683961605
8.70549681988774,8.558063913920066
8.829665432675236,8.703520399384834
9.26558584620216,8.988057913431195
9.270400128403846,9.05089546449208
8.867004635333567,8.681118965267924
8.259716961021523,8.2878056765915
8.667335849845957,8.517758799514787
9.60649561075857,9.69857201580203
8.035602692918582,8.19199915329228
9.562475024372697,9.368008943160692
8.718990524710849,8.59360926941941
8.504513138258863,8.501689154768155
9.836278802842678,9.939223679385442
9.155144736508232,8.926050045115383
9.826012379256715,9.948961534761798
9.368966735258605,9.556608931369139
9.264639145383562,9.141723891320876
9.436040652072082,9.704510797556221
8.734077192559303,8.659154206279998
7.60339933974067,8.101345396515077
8.942460926820582,8.81076781106345
9.208438564686588,8.939019296446226
9.174298600628918,8.941246339604048
9.365205082537098,9.401720263118303
9.663007081568642,9.938918006795152
7.7025561132685825,8.17951024460332
9.805764464007511,9.962061788631335
9.806425839692997,9.854334034310837
8.609407675404048,8.725834498475946
9.29228895462335,9.030852076071685
9.149103062504992,8.822776377110527
9.255504923930555,9.107444893695584
7.910223707097344,8.16051487649249
9.259701801513907,9.115392381043105
8.835355971121606,9.184212381371076
9.438272440022187,9.592110619355587
9.207034914967457,8.960241707714877
9.751501195538246,9.918219605681282
9.012011377036412,9.110632622137171
9.80173164358174,9.940446369746597
9.731631045589936,9.53704588559063
9.668840589963487,9.788396089834162
9.499795870977106,9.793199516252992
7.873978379604501,8.268548303403279
7.89655270164304,8.10296109449232
7.805474625270857,8.09728431781552
8.947806093057054,8.74334517114823
9.656115343487846,9.393991113335275
8.905308661189288,8.803606338948104
7.641084249174914,8.046324330263017
8.892611378172106,9.03644151772269
9.015419779605711,8.713214587248292
7.419979923661835,8.059948594287338
9.611261840034476,9.428575783550855
9.721485944553091,9.590276583813852
8.129764445794171,8.308373075166674
7.707062655370473,8.08252469845584
8.83840674707681,8.451078507318838
7.926241523170962,8.091563873625821
8.533263371593732,8.457497631714913
8.20166019080868,8.268591970916177
9.07280095795412,8.943517050274767
7.975908360165538,8.167370676017548
8.802973456578423,8.652342074267839
9.295140973668648,9.182029005726154
8.713582005421628,8.640464510759458
9.753826777981722,9.868220303412546
9.326611153641569,9.192116201205698
9.44951474036292,9.694685607154067
9.758172721371269,9.669576787237453
8.400884069015854,8.54657935802777
9.64484634886876,9.724466850950817
9.21920100040838,9.46355346138252
9.337677620437375,9.195260262134386
8.524764456912555,8.573478545973222
9.342595951096651,9.42901245867984
9.33034316437088,9.308097115464006
9.595058406939556,9.486391570628417
8.310660905907225,8.320425308726648
8.921324076511265,8.835789295954267
9.323222529032856,9.188011454993243
9.65059330557001,9.78643105175373
7.532623618788788,8.038813518044483
8.543640361431086,8.536535830061124
8.284251797621916,8.254662034301568
8.934718614016768,8.919150578077426
9.328034514792826,8.970154233142827
7.690743163541872,8.076935256804838
8.231642179973411,8.301429940615819
7.812782818577581,8.11457665292331
8.865029186687766,8.65518046260624
8.303999970955196,8.254836704353162
8.16223106548118,8.216714965592807
9.557893841465354,9.772195442548833
9.325809621782296,8.948888154361278
9.741027444837728,9.8326749479132
8.01102337918644,8.326931768148519
8.187855443695623,8.233657960597409
9.038483865029992,8.851378598059018
7.805882040228621,8.099948036102326
8.626764827845529,8.685966059199654
8.455743229100015,8.436493558010753
9.102309627762478,8.86233914379653
8.621192781434722,8.612386299965749
9.563810184965966,9.918437943245774
9.29596745794362,9.49477573310492
9.189218875354072,9.073034893531599
8.31434234336979,8.465314116523738
9.616738378132949,9.682677041106992
9.551444720923955,9.655384845545454
9.086476384753796,8.867273572754057
8.996156562033445,8.920285933412787
9.49634604004702,9.363773194409541
8.382975849296429,8.31584021987231
9.600556469321608,9.653332472439226
9.647239545573877,9.704336127504627
9.638088688324803,9.490408981815074
8.536995818712418,8.361909445980185
9.620129451564402,9.594162992461815
9.540794536271832,9.32696148103614
9.898072919834627,9.917520925474907
9.507106063161006,9.925337410283731
9.184919994629272,8.994608040365964
9.213236175088207,9.128405299886845
9.3852176218809,9.399012877318599
7.761319180947987,8.153702744480329
9.368539986649727,9.57639031471214
9.448411943874628,9.254910084753682
9.738848730594482,9.622153868229727
9.52134826973146,9.3904540447905
9.477156251746578,9.16255329497344
9.96430039193264,9.973066001881747
8.953381472167242,8.958975349840822
9.385133662349348,9.377615795998354
9.334503014596605,9.45875003496369
8.320448113956559,8.363612478983224
9.377548290960087,9.404296646379311
8.130942302231878,8.283831932917739
8.901094121608562,8.769720348938899
8.895903562215581,8.746663902128512
7.473637108496206,8.034315764215942
9.187276432377631,9.098362051012705
9.596758567164112,9.45058421005168
9.805764464007511,9.855731394723588
9.396570945266852,9.416392547452185
9.40960098282706,9.509622687490396
8.891098830616636,8.790549752591463
7.601402334583733,8.097895662996098
9.529593783265282,9.533203144455564
9.281357859211465,9.155959500525773
9.431802510507854,9.553552205466247
8.227375506834035,8.401777885256479
9.352273867864849,9.228840579553301
8.949365142352965,8.763956237236302
8.7662383802531,8.64408891433003
8.741456115998364,8.735179346236217
9.376024287617112,9.434165225201859
8.701180027529253,8.525924624426798
8.3654396361887,8.401122872563
9.251098364448351,9.109977609443694
8.087640287778983,8.190339787802138
8.980675603671708,8.738891084832586
9.371097750854297,9.508487332155036
9.724779459312009,9.935730278353564
9.1345386585599,8.952905565547937
9.171287644712482,9.123470870929319
7.506042178518122,8.048857046011129
8.844768827529695,8.45758496674071
7.767263996757308,8.283831932917739
8.087640287778983,8.251867313476067
8.484256691169973,8.399376172047063
8.141481041457421,8.356232669303385
9.112948025967532,8.9936036875693
8.230044310126114,8.381210486681304
9.19187085569252,9.009935337393324
9.298992069570746,9.482810834570742
8.966994113344454,8.674743508384749
8.657129031713755,8.562255995158317
8.571113033405668,8.346189141336739
9.774175816055788,9.993458730405328
9.392161803728454,9.802850036603552
9.160414563206457,9.025131631881989
9.650142492488795,9.892761445661481
8.543640361431086,8.46016135000172
8.810459642161918,8.58740848258783
7.818832443803404,8.163789939959873
7.76046702921342,8.101214393976381
9.510963348560765,9.722021470228503
9.760598224985888,9.955467994183667
9.35487352270848,9.307354767744732
8.485702524324866,8.561120639822956
9.2985343827121,9.190718840792947
9.435801236245553,9.452985923261094
9.544309478379278,9.747173957658017
9.493788493895902,9.118274436894403
8.128585200374497,8.21601628538643
9.372714290960442,9.105523523128053
8.610683534503575,8.529592695510269
9.1539816383068,8.869020273269996
9.199077179697472,9.227661556705044
9.519881778780857,9.651716774461983
9.368113055848724,9.712894960032726
9.50688307286016,9.896778856848139
7.479864131165026,8.085057414203952
9.8230906154641,9.97586072270725
9.68930374259339,9.741497180981217
9.620063070336988,9.223949818108675
9.309733115854218,9.159540236583446
9.39349491507403,8.949630502080552
9.559940347242952,9.626345949467979
9.307376334487778,9.219932406922016
8.863191340690854,8.799501592735648
9.478074806618269,9.461719425840787
9.402117087540892,9.275739488406247
8.211754397375197,8.245011513951008
8.834191318202071,8.719721046670163
9.261413642160184,9.154387470061428
9.491979220880678,9.402418943324678
9.087607606593886,9.183906708780787
7.714677473800927,8.099424025947545
9.648466262323897,9.747523297761203
8.092239406724211,8.267238278016325
9.306740866262498,9.157313193425624
7.779885115070522,8.241081437790147
8.442469645220301,8.378241095804208
9.058237593766226,9.431676176966647
9.70503661381229,9.528443385549632
8.677609912822142,8.581338698294944
9.114159813502214,9.04604837056035
9.06242024189956,8.64325923158496
9.332115428902105,9.22491050339244
7.857867559331803,8.157458150589598
7.487733761436444,8.040778556124913
8.151333337900432,8.270862681586896
9.55895290182487,9.848395252556646
7.768110378525988,8.09841967315088
8.448271745949816,8.222522744808302
8.118802996980035,8.272827719667328
7.479864131165026,8.04514530741476
9.46102126628348,9.391065389971079
8.234299635696253,8.366974877476405
9.521934264474275,9.462068765943974
9.577895907011127,9.627350302264643
9.398726833332388,9.670319134956728
7.792761720816526,8.056717198332851
9.47692648113323,9.487002915808993
9.413444467952663,9.278446874205951
9.337149218839878,9.558879642039859
9.62264867856634,9.683070048723078
9.373139262281274,9.458051354757316
9.190953658175992,8.804086681589986
8.74257423767064,8.526754307171869
8.113726085970747,8.198854952817337
8.928375259853631,8.861378458512764
7.767687277186908,8.108856208733611
7.923710333969238,8.216190955438025
9.474702639106347,9.604905200634835
9.12913031655064,8.981944461625412
9.666308462257454,9.972541991726967
9.527702598529377,9.409580415440026
8.189244525735901,8.24894159011187
7.455298485683291,8.04483963482447
8.780480107033297,8.7072758054941
9.294589604421082,9.233687673485031
8.129764445794171,8.229072871743071
9.609317813948794,9.428182775934769
9.363061458993847,9.32897018662947
8.346642090221199,8.344355105795003
9.47692648113323,9.451457560309649
8.345455428161928,8.288548024310773
9.272469743441732,9.336131658744817
9.041803370152843,9.337048676515684
9.26321741157695,9.208753523620011
7.803435056952168,8.151475701322509
7.45298232946546,8.050472743988372
8.897819009510757,8.540727911299376
7.855544677915663,8.228243188998
8.65834547117212,8.620159117261675
8.901230352110781,8.634875069108455
9.269175157697076,9.308140782976905
7.909489492673759,8.088812820313219
9.715831794151471,9.607263246331351
8.461257559085935,8.323132694526352
9.09750756370184,8.876356415436936
9.69196372993396,9.792107828430531
7.923710333969238,8.196016564478937
9.051461866908694,8.789414397256104
8.125039097367745,8.380337136423334
9.055089086704893,9.071943205709136
9.419222713938122,9.863111204403426
8.754634047431272,8.553740830143118
8.366137716496281,8.374267352130449
9.12052506765382,9.21159191195841
9.285911558823257,8.90177090794384
9.26539657772426,9.226395198830987
9.436120444611522,9.706082828020566
9.810878720803466,9.709270556462153
8.581294116822761,8.377411413059138
9.248887781588422,9.459536050195863
9.670167394770358,9.78791574719228
9.732580600557428,9.60132446457716
9.546812608597396,9.366567915235043
9.346617990268731,9.57355192637374
9.314339961994667,9.067707456957987
9.575608290332934,9.434732902869538
9.777470711952642,9.995511103511555
8.249052274171293,8.364922504370178
8.950143756459262,8.730506922356081
8.0861025356691,8.295098151245542
9.760482858119124,9.713855645316492
9.052750451401412,8.769240006297014
8.903407519932264,8.80989446080548
8.972844314437573,8.636927442214683
9.749053499229063,9.850360290637076
9.598659321249375,9.685122421829305
9.856762754029893,9.926691103183582
9.219002745054835,9.274691468096684
8.508354242749032,8.332739547364014
9.680093969966707,9.411327115955963
9.030376034755909,9.070851517886675
9.7611172112444,9.647917700839818
8.338305731356565,8.409419700013709
7.424761761823209,8.038813518044483
7.994632311431825,8.168113023736822
8.095293776844649,8.27330806230921
7.748460023899697,8.17553650092956
9.097843340749035,9.095785667751695
9.515543058145951,9.56451275120376
9.622450022803015,9.53612886781976
9.284519770150434,9.264211265001054
9.431321587125709,9.464514146666287
9.064736398117391,8.922818649160897
8.934455109403913,9.00836330692898
8.157943507105037,8.283919267943537
8.74909824839902,8.637102112266277
9.372629275019902,9.686432447216259
7.55171221535131,8.132786005801968
9.19370273082316,9.03185642886835
9.57129614009839,9.59542935033587
7.779466967458324,8.147632960187444
8.983063289380366,8.69622792473079
9.305650551780507,9.302114666196918
9.537411412656336,9.403073956018154
8.097426298597213,8.232828277852338
9.604205122018026,9.733113018504712
9.475470039957452,9.721759465151113
9.560363239834537,9.697611330518265
8.901638932300326,8.523522911217384
9.852404762306811,9.88450828572367
9.050406334059858,8.791990780517112
8.480529207044645,8.35976973784816
8.460622839927844,8.368765245505243
9.153558357877198,8.875614067717663
9.193804403336085,9.221417102360563
9.664722620318962,9.871626369418626
9.531698970787348,9.616040416423942
8.236950048061455,8.419201222902963
9.354354132115088,9.242377508551824
8.829079952564836,8.848278204643227
8.652073673610056,8.470990893200536
7.921535632133549,8.13951080278833
8.392083380373393,8.6392854879112
8.183118079394745,8.330687174257786
9.096499555552423,9.211722914497106
8.764053269347762,8.795265843984497
7.895436006942965,8.201649673642839
8.82834762005316,8.655617137735224
9.206031100388085,9.106134868308631
9.710448770900967,9.873154732370072
9.55364634817596,9.250368663412242
8.929567707825337,8.690070805412109
8.493105395887147,8.460336020053312
9.532061486651386,9.298271925061853
9.362116806941977,9.434907572921132
8.789203094473724,8.491907631878899
8.024207485778577,8.161519229289153
9.246961555431827,8.995612393162629
9.429957713513836,9.672327840550057
9.61393706902432,9.504819261071566
9.575400065449308,9.694860277205661
8.18088094199639,8.222828417398592
7.892825526251117,8.089555168032494
9.120743838164426,8.92303698672539
8.110727582974489,8.1999029731269
9.081256218564643,9.060589652355537
9.598998361767968,9.71586435090982
9.433563920090563,9.339930732366982
9.461332526110132,9.619359147404225
9.179159254492609,9.094955985006624
9.668081624649718,9.793767193920672
9.53892443574839,9.583246114237198
7.590346945602565,8.047328683059682
7.910223707097344,8.246627211928251
9.294681520409934,9.314559907372978
8.57130251706327,8.599984726302585
9.507551894644092,9.580145720821408
9.410501846898468,9.168623079266325
9.691345759329694,9.883460265414108
8.920389060080359,8.754262049372844
9.637697426500443,9.548181101379736
9.823903073193286,9.863809884609802
9.485544922916851,9.514076773806039
9.411892497046916,9.794247536562555
8.799058378546453,8.585050436891313
9.828548465871634,9.864639567354873
9.30946146284399,8.933866529924208
9.161045080251306,9.195391264673082
9.20673387638207,9.327703828755414
9.318835968129482,9.045131352789483
7.671360923190644,8.105100802624344
9.329810871952349,9.475300022352208
7.183111701743281,8.039337528199264
8.826294231241318,8.618194079181244
7.718685495198466,8.161475561776255
9.155672970633876,8.800069270403327
9.51804563563343,9.238098092287775
9.55272367519805,9.636651482512015
8.023552392404348,8.174313810568403
9.33184978937338,9.192814881412072
9.098179005087852,8.77194739209672
9.159678457173955,9.399056544831497
9.802838144386198,9.722938487999372
9.656627474604605,9.575647966992868
7.787796878181171,8.105930485369415
9.597030324758013,9.907608400046957
9.234740258799718,8.877055095643312
8.75904072752422,8.806008052157518
8.038834757787749,8.173615130362027
9.005405040310642,8.733170640642888
8.723231274827508,8.711467886732354
9.193906065512758,8.863954841773774
8.870101048785726,8.517627796976091
8.045908742270779,8.22566680573699
9.68911789777328,9.924988070180543
9.225721474014485,9.297442242316782
9.336356092559043,9.229277254682286
9.275285060616564,9.05002211423411
8.46252579007393,8.531732403642295
8.703838719690246,8.477628355161102
9.485772721999046,9.2855646788084
8.3654396361887,8.3076307274474
9.405002140854744,9.7787892369965
8.284504227258497,8.360555753080332
7.96102146588337,8.224269445324241
7.979681302387741,8.16051487649249
9.82536383575455,9.817478653424537
9.932317934204004,9.971406636391606
8.934191535338075,8.650551706239002
9.54716968769421,9.905687029479424
9.667891793282678,9.702152751859705
8.193123721512068,8.185623696409104
9.055789612127583,8.725616160911454
8.501470230951002,8.492606312085274
9.283683766200392,9.34255078314089
9.086589564540008,9.09395163220996
8.266935347610456,8.427236045276281
9.5361127111751,9.604468525505851
9.501964663660589,9.186526759554695
9.618003063627834,9.827085506262197
9.719204072428631,9.920883323968088
9.498372383192253,9.672371508062955
8.56331312702979,8.539679890989813
8.078688229229872,8.292128760368447
9.489713016556824,9.617961786991474
8.969032850034301,8.809152113086206
9.237079669165803,9.120414145026427
9.867912187022208,9.874814097860213
7.6638772587034705,8.070035789766882
9.012377119192273,9.064825401106688
8.574518258035507,8.377760753162326
8.39185670010494,8.410860727939358
9.635934851379512,9.807697130535281
9.72800257300116,9.55970932478493
8.226038429485484,8.30055659035785
9.54043517305957,9.469361240598017
9.16188515170678,8.892513395209367
8.138564737261632,8.160078201363504
9.2237500588861,9.05683424624627
9.70320567036518,9.889006039552212
8.830835365537549,8.476099992209656
7.910223707097344,8.121257782396775
9.858960787152654,9.77625652124839
9.249080200292113,9.346044184172767
9.281916570465404,9.315826265247033
9.557469903071384,9.539971608954826
9.506065016071148,9.668616101953688
8.997765772011208,8.747318914821989
9.482959566750916,9.77171509990695
7.964155718840937,8.168506031352907
9.27771860730613,9.333598942996707
8.913146539151807,8.726751516246814
8.104703468371108,8.251430638347083
9.11921143856508,8.931202811637402
9.445807672979225,9.359755783222884
9.640237896224932,9.493946050359849
9.25272913846797,9.251940693876588
9.226213721132472,8.881509181958954
8.43511508038063,8.436187885420464
8.88751459738882,8.586971807458845
9.445254378889308,9.406087014408149
8.889308319842847,8.9595866950214
9.114269903225448,9.001900515020008
8.6921543938039,8.513785055841026
8.831127635012084,8.663258952492454
9.24319470884713,9.148798028410425
8.70251025718999,8.662079929644195
8.926251835034533,8.69932831814658
7.813591552952433,8.169772389226964
9.472704636443671,9.303730364174159
9.516500665673735,9.27001904421655
8.056743774975313,8.170776742023627
8.682877107057168,8.643739574226842
8.985820874482043,8.7243061355245
9.207034914967457,9.123470870929319
7.860956364876389,8.176147846110139
9.13905916997122,8.873212354508247
8.70930004894499,8.547103368182551
9.128045129249353,9.289451087456364
9.586582621407445,9.546172395786407
9.715892113239466,9.801147003600512
9.301916315463393,9.078493332643905
9.436519311833914,9.301110313400253
8.430109084509125,8.401079205050102
9.405989388981,9.455693309060798
9.655474810542554,9.977127080581305
7.566311014772463,8.134227033727617
9.488653694423864,9.557482281627108
9.37982994995476,9.072991226018699
9.089189170412032,8.895613788625157
9.606630182148894,9.549272789202197
8.95660873889395,9.391458397587165
9.417354541360508,9.57726366497011
8.420682291035394,8.447192098670875
8.661812881026181,8.646577962565242
9.21959739323886,9.204212102278571
9.152817185732516,8.983210819499467
8.780326390946605,8.680594955113142
8.395929103923198,8.488545233385718
9.434523382865056,9.430278816553896
8.513586695822125,8.39522775832171
9.667385400057526,9.477265060432638
9.521128433142438,9.134300414128138
8.476996001664824,8.33059983923199
8.669742589876522,8.468108837349238
9.74671677658618,9.683332053800468
8.522777569710138,8.574439231256987
9.026056891868688,8.853387303652347
9.463042725531936,9.307311100231834
8.806274284781725,8.467017149526777
9.377125189621008,9.26408026246236
9.227099155791135,9.057008916297864
7.62608275807238,8.068638429354131
8.394347361417392,8.433829839723948
8.967631665167133,8.593128926777528
9.343384145733948,9.166352368595605
8.454466361507933,8.252172986066356
8.971702399703325,8.81845329333358
9.767839635939843,9.629490010396667
7.844632644464681,8.176890193829411
9.137339479091692,8.966835502162544
9.309189736018352,9.285608346321299
9.678216740205745,9.572940581193162
7.510977752014095,8.093179571603065
8.401333305321703,8.544614319947339
8.632484235750972,8.45557626114738
9.785885750455948,9.86612426279342
9.572410734431823,9.596695708209925
9.938130495979667,9.843067815983034
7.961370201719511,8.229727884436548
8.017966703493599,8.231125244849299
8.907476977528738,8.705136097362077
8.93958096672031,8.8490642198754
9.101083386039234,9.803417714271232
9.418329675518716,9.565211431410136
9.665864679957084,9.489928639173192
9.48706260419162,9.187443777325562
7.942006808489856,8.205667084829496
9.868689046993431,9.87778348873731
8.182000136293405,8.342564737766168
9.726571360400724,9.677698944636568
9.605687801896062,9.544862370399454
7.790696031174738,8.138506449991667
9.003931019653137,8.88819031143242
9.522007489678424,9.483072839648132
8.677780256064185,8.588980513052174
9.211140052146748,9.063515375719733
8.604287898267172,8.47745368510951
9.097843340749035,8.948888154361278
8.846784666945227,8.74303949855794
9.595058406939556,9.99677746138561
7.922623574217286,8.13806977486268
8.10711747075039,8.241343442867539
8.19946419761216,8.345796133720654
7.789040401657477,8.146846944955271
9.350537002469466,8.851727938162206
8.415824697027949,8.459113329692155
9.199784858036669,9.087095832684902
9.321255432547336,9.002075185071602
9.799237531162328,9.786387384240832
9.578864832272064,9.403685301198733
8.789964651132264,8.852470285881479
9.06647000155648,9.056965248784966
9.251386341412184,9.191373853486423
8.361708288575842,8.426755702634397
9.32268643180772,9.687873475141908
8.546946149565585,8.438152923500896
9.359105145241294,9.066266429032337
8.337348564497175,8.290644064929898
9.086589564540008,9.089628548433012
8.153637486385282,8.233832630649003
9.421735176255844,9.091025908845763
9.708627719044069,9.44180703995909
9.79868243817,9.730711305295298
8.145549631783584,8.21068884881282
9.326611153641569,9.256045440089043
9.462110252078716,9.947433171810351
8.125039097367745,8.25885411553982
9.455245415071904,9.518356190070088
8.751316246773456,8.502082162384239
7.889459149404524,8.125406196122128
9.515469358031684,9.62464291646494
9.505022884072709,9.404165643840617
9.587063011218692,9.891582422813222
9.338381721857068,9.532155124146001
9.705889908189658,9.78817775226967
7.2078598714324755,8.08055966037541
9.512516890578416,9.623376558590884
9.763823105408154,9.9545509764128
9.662434580678353,9.772413780113325
9.467073426283948,9.360891138558243
9.256842205627605,9.109147926698624
8.595819511871428,8.533653774209826
8.998384010052538,8.899718534837612
8.794067065151415,8.551164446882108
7.778211474512493,8.113965307742731
9.100190628475197,8.949324829490262
8.28576542051433,8.350817897703976
9.510889310134788,9.545211710502642
9.335650562941629,9.247442940048046
9.708019964072156,9.507089971742285
7.444833273892193,8.058070891232703
7.824445930877619,8.064621018167472
9.389657419749838,9.747785302838594
9.271717651651086,9.249102305538187
7.993619994827744,8.151868708938595
9.949655233381137,9.841408450492892
9.708870717648022,9.463684463921217
8.815963560853438,8.971027583400797
8.910585718290132,8.6137399928656
9.502562124469996,9.505692611329534
9.535390480896702,9.91319784169796
9.497097016351464,9.990969682170116
8.601718146485926,8.516929116769717
8.063377822367027,8.182523302993314
9.55470991405776,9.682415036029601
7.565793282428515,8.04741601808548
9.683588731386807,9.990664009579827
8.840724916761715,8.754043711808352
8.386172928977834,8.55029109662414
7.582738488914411,8.177632541548686
9.320628725870304,9.155566492909687
8.046869510959576,8.187894407079824
9.816676155549164,9.669271114647165
9.024131268455037,9.053297177701495
9.000729834944558,8.656097480377106
9.151863442217207,9.150195388823176
9.01322999770879,9.18521673416774
9.036938912556788,8.804392354180274
9.696586376767783,9.974987372449279
9.669219856718984,9.830011229626393
8.057377488557991,8.220470371702074
9.1986725671085,9.199103003269451
8.86953877719374,8.667756706320995
8.150756470275551,8.26680160288734
7.917900586327916,8.181387947657953
9.485468978356344,9.563595733432892
8.463792414689122,8.463392745956204
7.689828668736484,8.10667283308869
8.687442166975924,8.42072958585441
8.768107539675803,8.698280297837018
9.327323087461798,9.014214753657374
9.549736900114642,9.585123817291834
9.672185813520455,9.716868703706485
9.10286651367095,9.347179539508128
9.237079669165803,8.872732011866365
9.714080956018943,9.517613842350814
8.345217926676428,8.251430638347083
9.69301340432258,9.87944285422745
8.190908881182514,8.21946601890541
9.387984339219026,9.255914437550347
9.571365838652174,9.248010617715725
9.674263049655917,9.821234059533804
8.249313746260636,8.249945942908534
8.600062669238532,8.569723139863953
8.650149418664864,8.474833634335601
9.701799673251209,9.748090975428884
9.201400530406708,9.029978725813717
7.902857191280582,8.07545056136629
9.101529466118004,8.885308255581121
8.902591637374087,8.963254766104871
9.458605712064172,9.123951213571202
9.442404020664952,9.380366849310956
9.703388915639492,9.766256660794642
9.66523036341187,9.779749922280267
9.63135069141981,9.874246420192534
9.416378455387454,9.809007155922234
9.67155549518884,9.597743728519488
9.900533192709691,9.870622016621962
9.571644584298577,9.801845683806887
7.637234388789473,8.08453340404917
9.470317173335742,9.337529019157568
9.51465829807939,9.437396621156344
9.666371843655035,9.910053780769271
9.334061298965942,9.076833967153764
9.25320827220336,9.395475808773824
9.534161491043838,9.835426001225803
9.50390510758612,9.507395644332576
9.365890072717148,9.23084928514663
8.879750798513125,8.585268774455805
9.263122557415151,9.009323992212746
8.267448958304849,8.316145892462599
9.149315670138408,8.838889689370058
9.527702598529377,9.944769453523545
7.94873845481361,8.166278988195087
7.86288203464149,8.243352148460867
9.42778773074551,9.54695841101858
9.31739944426959,9.026004982139957
8.235360643753348,8.34221539766298
9.586994398230228,9.776431191299984
8.99850761180784,8.679022924648798
9.48804786328076,9.474601342145831
9.625425723461335,9.769007714107246
9.166806369952454,9.348664234946675
9.335826992017598,9.596040695516448
9.781376414141157,9.700668056421158
7.988203597022576,8.125580866173722
8.292047637431354,8.325796412813158
9.707533494010876,9.55997132986232
9.157677719392876,9.268796353855393
9.288411907396338,9.011551035370568
9.536617962187329,9.674249211117589
8.513385953073284,8.897273154115299
9.152817185732516,9.049061428950344
8.617400451833262,8.478501705419072
8.88280805492444,8.88164018449765
8.587651655064798,8.483829141992684
9.137447046455858,9.185653409296725
8.469472455204826,8.407585664471974
8.414717399827001,8.461384040362876
7.668561108015897,8.066236716144715
8.07775756373692,8.415707821871086
9.3868953338758,9.320236684049778
9.414668009032752,9.14582863753333
9.522812613235182,9.237006404465314
8.591372589590488,8.577539624672777
9.396902923027392,9.265608625413805
9.482731125859004,9.20023835860481
9.987185111557697,9.974594364833195
8.334951631422454,8.426231692479616
9.395740518379736,9.283686975753767
9.489561753510095,9.27792286405117
8.91811465947453,8.609678914166045
8.280711075662847,8.371865638921033
9.134322885552267,9.368227280725185
9.319463798994535,9.073253231096091
9.521787797978224,9.273250440171035
9.352534137679358,9.305215059612708
9.250810304529896,9.197443637779308
9.833976689772,9.78673672434402
8.168486417126681,8.30815473760218
9.0831885863157,9.023079258775761
9.23561817916045,8.968494867652685
9.35296777022594,9.23993212782951
9.441928170073057,9.699358031034203
9.386727689281946,9.21923372671564
9.72782378340624,9.657742891241972
9.669535802505315,9.823766775281914
9.226705726062448,9.230805617633733
9.725556344043468,9.709139553923459
9.199986959896693,9.068362469651463
9.740850969058572,9.905949034556816
9.57352408782774,9.548137433866838
8.239329427901795,8.312565156404926
9.777924329560784,9.945642803781514
9.849559210510572,9.912368158952889
9.177403871729918,8.775528128154393
9.49046898877305,9.12884197501583
9.519441411801264,9.373860389889085
8.66544076787644,8.515051413715081
9.203215047033597,9.190238498151064
8.36730010184162,8.487802885666444
7.9865049385539955,8.136323074346743
9.17035136375982,9.006267266309854
8.812992231969966,8.688455107434866
9.713597426242222,9.438269971414314
9.069467813094768,8.756227087453274
9.740733301234702,9.561936367942751
8.860924729719041,8.844173458430772
9.947169453622251,9.997738146669377
9.65988615931952,9.764291622714213
8.89370997756851,8.638237467601636
9.125653563808989,8.999105794194506
9.012742727629712,8.90404161861456
9.616338671246003,9.357790745142452
9.569133071885917,9.466173512156429
8.969541885423252,8.851160260494526
9.240578555036793,9.135654107027989
7.955425088912672,8.170558404459134
9.53430615650521,9.730798640321094
9.624434806782402,9.251067343618617
9.219300113347655,9.357135732448976
8.867286523989415,8.619242099490807
9.170871628065816,8.982206466702802
9.267098705794792,9.049410769053532
9.55951727573756,9.623682231181172
9.79951496215315,9.711410264594178
9.550306497851652,9.494033385385647
8.795127912413138,8.736009028981288
8.87640491500694,8.911290425755704
9.145908511816794,9.344035478579437
9.241257474610904,9.55569191359827
9.27818591887125,9.026092317165753
9.42238253021922,9.572067230935193
9.863394458969683,9.863984554661396
9.637371257998907,9.809094490948032
9.370842268630213,9.249931988283258
9.439306936593182,9.443379070423433
9.70649895869877,9.865032574970959
9.432122997651051,9.769357054210435
9.09873819539488,9.177225579307322
8.854950316500325,8.616709383742696
8.870943863837724,8.711860894348439
8.756210091886738,8.880242824084899
8.740816627567298,8.595530639986944
9.050992878742049,8.85923875038074
9.393411647660685,9.225827521163309
9.892426605176704,9.943415760623694
9.827901565579532,9.777479211609547
9.005527777346696,8.776576148463956
8.684231891345675,8.512824370557261
9.372799299673886,9.25298871418615
9.374922172292129,9.202858409378718
9.478457288933123,9.592809299561962
9.1557785839835,9.172378485375594
9.062188330952324,8.719895716721755
9.476620038167528,9.49709011128854
9.300363874623772,9.103471150021825
9.02437217426203,8.890854029719225
9.407550541263888,9.390061037174414
9.639001037687535,9.907477397508261
9.076694687106263,9.13277205117669
9.368198456591765,9.204386772330164
7.808729306744399,8.126410548918793
9.429315246418172,9.158666886325477
9.320449594656212,9.366393245183449
9.687319614958344,9.77057974457159
9.235032984566557,8.922032633928724
9.617537312929104,9.74878965563526
9.902286831959607,9.859443133319957
9.62839259558982,9.757173818111763
8.596928159435091,8.580290677985381
9.298900548955665,9.093733294645467
9.514953305087944,9.516085479399369
9.838415555792412,9.832500277861605
9.65046452256919,9.544120022680179
7.949444420250626,8.204488061981237
8.828494129466652,8.539374218399525
9.578795654450447,9.689751178196541
9.314249835366695,9.016092456712007
8.182838710766026,8.280469534424558
9.868067607304868,9.790404795427492
9.302190025606064,9.737392434768761
9.02304647355567,9.069410489961026
8.60392119492606,8.36208411603178
9.104757609401116,9.017926492253743
9.053686561930808,9.053559182778885
7.926602599181384,8.285578633433678
7.674152921281675,8.122567807783728
9.683775606523614,9.819356356479169
9.840121676914308,9.623507561129578
9.066585468331043,9.118099766842809
8.996280439395015,8.898539511989354
7.784473235736469,8.114227312820123
9.085003880664884,8.764480247391083
9.69566355532975,9.691585213738277
9.451559570017622,9.266263638107281
8.53168763756669,8.68714508204791
7.964503363551548,8.229160206768867
8.697846691109495,8.614133000481687
8.357024439263416,8.526317632042884
9.573315428463395,9.563290060842604
8.773229786032473,8.73478633862013
9.55044884660634,9.43752762369504
8.728264161496178,8.707581478084391
8.460199469896118,8.381865499374781
7.997326822998097,8.204924737110224
9.187992508312275,9.10526151805066
7.493873886783559,8.055188835381404
9.659184203386292,9.429711138886216
7.413970290190444,8.041957578973172
9.15704507491796,8.902163915559926
8.446770727119691,8.310425448272902
9.956269737975097,9.870229009005875
8.10076824307173,8.126323213892995
9.32349046990884,9.299669285474604
9.190443740261726,9.23285799073996
9.152075463844207,9.092554271797209
9.409928663668856,9.084956124552878
7.830425617820331,8.148506310445413
8.770749549138642,8.471340233303724
9.645817254152318,9.789531445169523
9.342070142654077,9.185435071732233
8.90557995798965,8.842645095479325
9.669788487282402,9.932367879860383
8.762176509334903,8.586928139945947
9.293853972204,9.058100604120325
7.598399329323964,8.05588751558778
8.77770959579525,8.760943178846308
9.519881778780857,9.333424272945113
8.327484416188264,8.368590575453648
9.198874893866904,9.056746911220472
8.986571625268054,8.86661856006058
7.8407064517494,8.173309457771738
9.29807648628027,9.268621683803799
9.589050742775528,9.905730696992322
9.164819856674374,8.838627684292668
8.48590890137647,8.324268049861713
9.398478314091577,9.97782576078768
9.68277853533738,9.719838094583581
9.45735668770195,9.325171113007304
8.516392871245468,8.492038634417595
9.461721464701633,9.425126050031878
8.920656296853728,8.617320728923275
8.042056410058754,8.214269584870493
8.848509300888079,9.378707483820815
9.034318927730707,8.83321291269326
8.249313746260636,8.378284763317106
7.950149887652018,8.306364369573345
9.476620038167528,9.5945996675908
9.258177701390345,9.077576314873038
9.753826777981722,9.988742639012294
9.013960457931187,8.878583458594758
9.640563131210074,9.559621989759133
9.590761138978086,9.752283056667135
9.745312117570252,9.70621383055926
9.548454117726653,9.641149236340556
9.19806534110057,9.139540515675952
9.321613374385612,9.368096278186488
8.743372131273969,9.189452482918892
7.5688956634069955,8.040429216021726
9.53885243891622,9.653943817619805
8.19891444498699,8.187676069515332
8.67470962929122,8.53662316508692
9.63194126199375,9.728396927111678
9.306922469822426,9.186701429606288
9.337501517592862,9.438138968875618
8.655388690167637,8.497628076068597
8.493310250952906,8.446537085977399
9.251578279992428,9.236875401926618
9.042868018032436,8.876356415436936
9.720345659358273,9.742501533777881
9.465447598495786,9.576870657354025
9.339876293325217,9.290892115382013
8.41803561988302,8.270993684125592
9.346443454968522,9.169583764550092
8.469891918298224,8.400817199972712
9.35071082482346,9.157837203580407
9.359018964347545,9.508268994590544
8.188411308079031,8.293919128397283
8.028781162487148,8.175274495852168
8.660254034256889,8.527802327481432
9.438431663014326,9.660493944554574
8.421122722665503,8.375708380056098
9.294681520409934,8.783650285553506
9.522593098362169,9.433117204892294
9.51892740510786,9.844465176395785
8.70167907103957,8.736052696494186
9.407468436087113,9.030546403481397
8.781401907682376,8.623172175651668
9.008346579384709,9.065524081313063
8.748939631537715,8.584220754146243
9.497172082973124,9.487352255912182
8.71292443512011,8.528064332558824
9.57373270366244,9.631324045938403
9.266153436795395,8.976267684948612
7.708859601047175,8.071564152718327
9.659184203386292,9.415737534758708
9.5258078304359,9.275259145764364
9.292933670280036,9.429056126192739
8.852950887099581,8.835090615747893
9.10364563330522,9.23967012275212
9.546812608597396,9.682065695926413
9.1834829178063,8.911246758242806
9.141740280483926,8.828453153787326
9.733410722158611,9.869093653670514
8.555836815008442,8.613390652762414
7.714677473800927,8.081957020788161
7.565793282428515,8.143091538846004
8.331827004436057,8.249771272856941
9.488426550754516,9.816343298089176
7.546974117516527,8.139117795172245
9.27902652976463,9.34879523748537
8.847503625923641,8.812863851682577
8.787372988731876,9.404034641301921
7.83399634170946,8.319115283339695
9.317489287493226,9.031419753739366
7.301822342137932,8.128331919486325
9.216620609933331,9.22434282572476
8.38320455141292,8.386843595845205
9.836064876218694,9.978830113584344
8.84980082722101,8.649896693545525
8.469472455204826,8.40741099442038
9.650786448979591,9.782020632950987
9.656627474604605,9.61778711693988
9.080914824535723,8.885133585529527
7.5569505720129,8.050341741449676
9.25378292981902,9.489360961505511
9.590487672100055,9.660712282119066
8.07775756373692,8.220688709266566
9.569691731118324,9.731977663169353
8.701845363548474,8.663957632698828
9.475316606892326,9.085654804759253
8.57035473953047,8.51994217515971
7.866338923046544,8.123484825554597
9.163877497565842,8.912338446065267
9.576995349297256,9.28359964072797
7.711996507047669,8.122087465141846
9.723283751713176,9.993546065431126
9.743142728545545,9.88455195323657
9.659949949068531,9.835557003764498
7.834788107388194,8.063966005473995
9.542445945729886,9.763330937430446
9.176473302464606,9.052904170085409
8.805824812903607,8.599810056250993
9.4054136126953,9.536696545487441
9.279866434624791,9.06530574374857
8.431853144249223,8.501034142074676
8.885025658050846,8.57208118556047
8.086717920303906,8.231037909823502
8.959183074206774,8.880941504291275
9.585277541715389,9.379056823924003
9.845169643211612,9.752807066821918
9.158941808890182,9.14495528727536
9.796959689126297,9.929529491521983
9.346094292953802,9.648354375968802
9.276315360899716,9.639184198260125
7.628517626575055,8.070297794844272
8.991313336173812,8.940809664475063
7.994632311431825,8.242828138306086
9.208939391060555,9.46045306796673
8.7937637591133,8.761248851436598
9.376024287617112,9.474907014736122
8.260234291607297,8.238898062145225
9.515985144802135,9.606258893534687
8.883778861463485,8.768584993603538
9.336708670790989,9.117139081559042
9.635085094816304,9.737829109897746
9.607302767592598,9.982410849642019
9.40335455830888,9.511631393083725
8.381144346952961,8.44679909105479
8.726481196440007,8.541426591505752
8.707317560273212,8.55164478952399
9.389824573949976,9.231853637943296
8.77863395266279,8.811248153705334
7.922261058353247,8.236365346397113
9.82957186958596,9.994943425843875
9.466531777336591,9.329057521655265
9.755799279636523,9.81031718130919
9.004668301573977,8.826051440577912
8.459352191726387,8.359420397744973
7.860570785538664,8.116105015874757
9.572410734431823,9.612765352956558
7.614312146452,8.093659914244949
9.343121483210002,9.161941949792862
7.427738840532894,8.075581563904986
8.897272113133987,9.10670254597631
9.24435525056346,8.952425222906053
9.757420776401345,9.737698107359051
9.280519206597427,8.992337329695244
9.752664662801545,9.902542968550735
9.399306471488806,9.331852242480768
9.752083098376897,9.980140138971297
9.169310022418191,9.030895743584585
9.02014792080166,8.679153927187492
8.875426919818963,8.696926604937167
7.599901959208498,8.073092515669774
9.834994556090829,9.718833741786916
9.367771379925012,9.278534209231749
7.971776122880628,8.29116807508468
9.413526083949446,8.906661669388468
8.965973184210347,8.918539232896848
9.207736986106068,8.875614067717663
9.235032984566557,9.21980140438332
8.86007342433278,8.784567303324375
8.982561092257445,8.907971694775421
9.15472194821317,9.029105375555748
8.737452587550584,8.581775373423929
9.55831760021172,9.547569756199158
8.886685639065584,8.550771439266022
9.27995971385624,9.182203675777746
9.226804098006848,9.38394758536863
8.477204183199873,8.45614393881506
9.786391780659882,9.983153197361291
9.235910648087712,9.146177977636517
8.880585523102495,8.580465348036975
8.945984124827898,8.78242759519235
8.51959031601596,8.621818482751817
9.533075832485352,9.230630947582139
9.94467747936099,9.977345418145797
9.597709395814938,9.649970073946045
7.886457270977689,8.120078759548516
9.260177606823357,9.03102674612328
9.161780181360806,8.681555640396908
9.018574356354229,8.901072227737465
8.53346016388011,8.433960842262643
9.403766708502244,9.493771380308255
8.829372735468406,8.622211490367903
9.738200088297951,9.864290227251685
9.259320994197804,9.334472293254676
9.807086778249774,9.946472486526586
9.560715513766388,9.771933437471443
9.237274373216264,9.003166872894063
9.402942238177694,8.978363725567737
8.949884285777994,9.317747635814566
9.612533466213929,9.400453905244248
8.89795568688403,8.580247010472483
9.553575403548212,9.67420554360469
7.528869256642251,8.058813238951977
8.95789673495042,8.646534295052344
9.622251327567737,9.727436241827913
7.398174092970465,8.065712705989935
9.39607277189222,9.177967927026597
9.400712766959847,9.025175299394887
9.892679353819524,9.921756674226057
8.224431573221159,8.208243468090506
8.52377150677636,8.60723353344373
9.617204500998056,9.764029617636822
8.906257878156621,8.65574814027392
9.571017297294214,9.98175583694854
8.791486026749002,8.893648750544726
9.401126007182269,9.253207051750643
8.604654467186231,8.466755144449387
8.34711636103872,8.399376172047063
9.30273722124215,9.186570427067593
9.480901717619544,9.49617309351767
9.552581649917313,9.666694731386155
9.424644974623188,9.092073929155326
8.954156966583772,8.850199575210759
9.775938231589151,9.770798082136082
7.782807262839695,8.114532985410412
9.261128538808288,9.117575756688026
7.709756864454165,8.103354102108407
9.595670797663969,9.631498715989997
8.200562797008564,8.262871526726478
9.082847851460906,8.96386611128545
8.533263371593732,8.55876259412644
9.48181684008103,9.644686304885331
9.68084387626357,9.661585632377035
9.745780556506093,9.955773666773958
9.579072337028126,9.429143461218535
9.45258041898138,9.768178031362176
8.54461378699223,8.447497771261165
9.282009658666542,9.003647215535945
9.187174093944344,9.155915833012875
9.4812068514994,9.36696092285113
9.510741216835738,9.844246838831292
9.190137664658664,9.205653130204219
9.688126141663972,9.668223094337602
9.392578591964387,9.35958111317129
8.718500048121273,8.508413951754516
9.534378481388618,9.6625899851737
9.36751504634818,9.068537139703057
8.312626025674962,8.224968125530616
9.04699757378001,9.014476758734764
9.248791558350437,9.080283700672743
9.612667227583843,9.807085785354703
9.239802082125802,8.948495146745191
8.778941881841513,8.528020665045926
7.827639546366422,8.123572160580393
8.583729715216482,8.382127504452171
8.623533227187563,8.427192377763381
9.273502946933824,9.562460378097532
9.357207447785736,9.564687421255353
8.563504094279487,8.385227897867962
8.940891067785461,8.682210653090385
9.464672464746409,9.479361101051763
8.566935283311052,8.303482313722046
9.54337814614876,9.225390846034323
7.566828479208331,8.043354939385923
7.655390644826152,8.107851855936946
8.774776816043985,8.670813432223888
8.672314828283538,8.550640436727328
9.331229689251636,9.411283448443065
8.950532836290382,8.87115998140202
8.64541048921699,8.473654611487342
9.225228984469933,9.09425730480025
9.596486735697948,9.857565430265321
8.92252495730139,8.673520818023592
8.777401286867264,8.735441351313607
8.005367067316664,8.224225777811341
9.485544922916851,9.833722968222762
8.055157731819678,8.290993405033086
8.418256443556213,8.567234091628741
9.308646060760308,9.577613005073298
7.931644021454311,8.084140396433083
9.4235143922529,9.228753244527505
9.234642664499148,9.198797330679161
8.616314282284044,8.375839382594794
8.285261134068948,8.361909445980185
9.172326929777968,8.918539232896848
7.534228326274089,8.042088581511868
9.480520169291822,9.537482560719614
8.806723554725636,8.723520120292328
9.455949668006056,9.334122953151487
9.092232283495854,8.97971741846759
8.341171747170762,8.468501844965324
9.52083524249312,9.082205071240274
9.094143577573671,9.070021835141604
9.65509029374725,9.397397179341356
9.74572201363806,9.736475416997894
9.294313805752362,9.36831461575098
8.621733370690162,8.577976299801762
8.994544758324512,8.832688902538477
9.283776690049365,9.429274463757231
7.821643126239982,8.126410548918793
8.791029857045965,8.786707011456398
9.353747835270912,9.48822560617015
8.169336395928386,8.209684496016155
8.259975659768276,8.29653917917119
8.730043953245016,8.558456921536152
9.46877384406884,9.207792838336244
8.762958920766726,8.50579390098061
9.289890650734192,9.161854614767066
8.14002395246292,8.234574978368277
8.700847193443972,8.511252340092916
9.633055833490875,9.623507561129578
9.26823185039196,9.465693169514546
9.546169544733283,9.93586128089226
9.136263168579868,9.190762508305845
8.733271845008325,8.593521934393614
7.930565854233965,8.169423049123775
8.992930352509733,9.039629246164276
8.92665032079394,9.037445870519354
8.926118971153382,8.76854132609064
9.673759873344904,9.891495087787424
8.425516402844334,8.61291031012053
9.832850472936688,9.745776597245266
9.020752479190184,9.250936341079923
8.976514972315112,8.840898394963387
9.535823881654714,9.55944731970754
9.588639812011577,9.7164320285775
9.371182897093012,9.332856595277432
9.132054453577638,9.152466099493896
9.625491749673769,9.722545480383285
9.378309422545737,9.519404210379651
9.707533494010876,9.92878714380271
8.855663430700124,8.664001300211728
8.790877754224164,8.574395563744089
9.755741320381864,9.904726344195659
9.804164331241342,9.994550418227789
8.953510763007166,8.829806846687179
8.942068693044225,8.68068229013894
9.81356284500814,9.852106991153015
8.36985260351753,8.419375892954557
8.382975849296429,8.57321654089583
8.67008593751938,8.559592276871511
9.340139809511028,9.482417826954656
8.72534492491121,8.886356275890684
9.48978863950086,9.391414730074267
8.640118538253535,8.452999877886372
9.722025626154055,9.87830749889209
9.679406061493944,9.861320836374588
9.716495104092274,9.688004477680604
9.245514446983837,9.071157190476963
9.390492911485298,9.49988483211404
9.641992909837995,9.69293890663813
9.343734255146714,9.387309983861812
8.535425959677298,8.379158113575077
9.541656481448024,9.38848900671007
8.716044050161402,8.522911566036806
9.304103901788348,9.263992927436561
9.545883605779304,9.662677320199498
9.435721418230584,9.562504045610432
9.434922887484646,9.362856176638674
9.156517565278676,9.135392101950599
8.246695943718557,8.28466161566281
9.118225083068378,9.070807850373777
8.438799123988225,8.497759078607292
8.611775833902186,8.63504973916005
9.1381996941985,9.38652396862964
9.714986944665458,9.76097289173393
8.617762246337932,8.53299876151635
9.850508627745242,9.993633400456922
9.82752401372909,9.885163298417147
8.469052816088302,8.424484991963677
9.274066062856727,9.016223459250702
8.716863386544805,8.664394307827815
9.680093969966707,9.93926734689834
9.12008738299862,9.092597939310108
8.725507328484445,8.581906375962625
9.601503695373488,9.797085924900955
9.55775254863573,9.995773108588946
8.565983355585669,8.403830258362706
7.941651252930556,8.21374557471571
9.629971335557247,9.788265087295466
8.943506132037239,8.853212633600753
8.434680769841773,8.474527961745311
8.679992081721329,8.655311465144933
9.190953658175992,9.21045655662305
7.627057417018934,8.118419394058375
7.452402451223638,8.056629863307053
9.73979145986534,9.933765240273134
9.581697010450895,9.849967283020991
9.162514742493578,9.405519336740468
9.282009658666542,8.98936793881815
8.841448244098858,8.494003672498025
8.642062173462106,8.445794738258126
9.059168584174444,8.770288026606579
9.365462008843483,8.893648750544726
9.1833801903934,8.963778776259652
9.243581705755984,9.039672913677174
9.664214619292034,9.79664924977197
7.56734567601324,8.042787261718242
8.76748487464946,8.54684136310516
8.413608875159667,8.453567555554052
8.828054536815424,8.623608850780652
7.437206366871292,8.053005459736482
9.399637542506564,9.031550756278062
9.804550804676104,9.562416710584634
9.327678864393416,9.447134476532701
8.868554040531201,8.707537810571491
8.740816627567298,8.471558570868217
8.436416881388949,8.253308341401716
9.843365929194746,9.912237156414193
9.586857158128456,9.553028195311466
9.410911062438,9.37403505994068
9.269175157697076,9.385563283345872
9.221675881639928,8.836618978699338
8.239329427901795,8.224007440246849
9.33917324381915,9.624424578900447
7.969703583278656,8.148986653087297
7.492760300922379,8.045756652595339
9.55669221559184,9.771889769958545
8.876544550558378,8.603478127334462
8.85352256068954,8.67583519620721
8.108021221376747,8.491776629340203
9.534956892221029,9.526696685033695
8.231642179973411,8.318416603133318
8.592115117933497,8.624132860935434
9.21830854162536,9.401370923015115
8.700014623251842,8.827710806068053
7.683403681053826,8.18204296035143
9.24329147211587,9.411632788546253
8.81996090128606,8.551164446882108
8.458292083496076,8.3133075041242
9.736074312475292,9.923547042254894
9.574219304763416,9.833373628119576
7.91644286012226,8.289421374568741
9.664468652063627,9.722239807792995
9.004053937728395,8.830418191867757
8.637993891561942,8.446056743335516
9.10974625674048,9.098755058628791
9.129780864117766,8.925220362370313
8.997394645638419,8.784741973375969
9.511555458710548,9.588922890913999
9.596078849900314,9.833722968222762
8.730851903519232,8.70391340700092
8.582980931954241,8.40741099442038
9.59458184363272,9.938612334204862
9.563037414545692,9.558399299397976
9.75091895389152,9.842107130699267
7.936302693201959,8.176147846110139
9.433643910491758,9.316393942914713
9.161465204194046,9.167007381289084
7.631431664576906,8.100603048795803
8.949494953477961,8.673258812946202
9.09963224999176,8.803344333870712
8.0925452638913,8.25688907745939
9.197052477649247,9.165959360979521
8.700014623251842,8.599460716147805
8.814776088545281,8.75915281081747
9.32491827668362,9.602197814835131
8.247743887225516,8.405096616236762
9.721005982940808,9.81031718130919
9.647174939830403,9.831059249935958
8.682538124003075,8.60692786085344
8.94754601503218,8.982861479396279
9.011157458106815,8.966180489469068
9.634430944207512,9.621236850458859
9.563739957780994,9.22181010997665
9.404672841436271,9.513989438780243
9.44533343964754,9.097663370806329
9.956506856511764,9.947214834245859
9.401291255468193,9.30311901899358
7.711548979629146,8.05785255366821
9.520101889570842,9.509229679874311
8.75384509275524,8.667494701243605
9.834137474401334,9.843548158624916
9.427626803805994,9.12940965268351
9.709113657218,9.696126635079716
8.977525200965243,9.046703383253828
8.835646922534773,8.74561588181895
7.536363938404511,8.092655561448284
8.146709052203319,8.289814382184828
8.580731212220226,8.796401199319856
8.048149101665201,8.155580447534964
9.33459133431404,9.448182496842264
8.414938957377482,8.434965195059307
9.091669442258503,9.058755616813801
9.148677711584076,9.188360795096429
9.321255432547336,9.699925708701883
9.543091407795542,9.615647408807856
7.589841512182657,8.11627968592635
9.567105311865156,9.565604439026222
7.9208096792886,8.188069077131418
9.39349491507403,9.07805665751492
9.69424690639091,9.92394004987098
8.659386957119413,8.495881375552658
9.564863001346772,9.683506723852062
9.632400353656184,9.636564147486219
9.888018521632196,9.862281521658355
9.538780436900131,9.64333261198548
7.839131648274333,8.14859364547121
8.93353229607628,8.587495817613627
9.251386341412184,9.058144271633223
9.213933907486313,9.012686390705927
9.28859686994195,9.050851796979181
9.630562721059254,9.710187574233021
9.47339670460156,9.300717305784167
8.756525002926972,8.616447378665306
9.092119740588751,8.70216670648498
8.59637398929068,8.456187606327958
8.214735833382303,8.373044661769292
8.894670262984233,8.61291031012053
8.928375259853631,8.706489790261928
8.350902451694811,8.321385994010415
8.758255243232792,8.523391908678688
9.109635667854551,9.009891669880426
9.329988334242078,9.418968930713195
8.82981174915805,8.618892759387618
9.500469448071016,9.205260122588134
8.162516250140179,8.191125803034309
8.02322468471667,8.138506449991667
7.790282380703483,8.127371234202558
8.392310009269547,8.645966617384664
9.188605879830176,9.399493219960481
8.65817178467581,8.558369586510354
8.660427359502146,8.47741001759661
9.244065241377804,8.903168268356591
9.021115038865434,8.803606338948104
9.03741453682259,9.221024094744477
9.412546252075511,9.405126329124382
9.783351751296149,9.652764794771546
9.283962511846797,8.95220688534156
9.100971834920818,8.843038103095411
8.145259566516865,8.287587339027006
9.169205828617628,8.898801517066744
9.13637085177601,9.576914324866923
8.807022955925477,8.752122341240819
9.572062557136428,9.698746685853624
9.111182800442965,8.75434938439864
8.184792654165078,8.28977071467193
8.289790583181643,8.39321905272838
9.005159521036145,8.865745209802611
7.923710333969238,8.136323074346743
8.920255414908091,8.687931097280083
9.191565216649847,9.063821048310023
9.444621667700847,9.224692165827948
8.345692873253865,8.360381083028738
9.566475170062406,9.403117623531054
8.809713540508268,8.674961845949241
9.0173622349937,8.577539624672777
9.376871242863814,9.277442521409288
9.252249775053391,9.709794566616935
9.26321741157695,9.462811113663248
9.343734255146714,9.227836226756637
9.338117741918008,9.507220974280981
9.231612507251722,9.111418637369344
9.25253742067597,9.47888075840988
8.239857411018601,8.497933748658886
9.64426335290083,9.860840493732706
9.062188330952324,8.982119131677006
8.561210076833012,8.349638874855717
9.282009658666542,9.066528434109728
8.53168763756669,8.454877580941005
9.692334329073471,9.507220974280981
9.662752677191516,9.88197556997556
8.771990436532242,8.488108558256734
10.00946787607336,9.988262296370412
9.09638749190015,8.972468611326446
8.161375023197486,8.311517136095363
9.129347212766652,9.04150694921891
9.45954145760968,9.591979616816891
9.285540604539118,8.967403179830225
8.655562860681009,8.92185796387713
9.217315985712608,9.223032800337807
9.827092351282417,9.87918084915006
7.942362237674335,8.184968683715626
9.741968123371436,9.912717499056075
8.939843124278502,8.772995412406283
8.578852571802965,8.530073038152153
7.583247524303362,8.071957160334414
8.149312843635345,8.22313408998888
9.26416545867109,8.99220632715655
9.09627541568821,9.103078142405739
9.71902370267014,9.854683374414023
8.522379718103538,8.661250246899124
9.543593145970425,9.302813346403292
9.11085147347544,9.150326391361872
9.722445177240552,9.802195023910075
8.697345730925353,8.53212541125838
8.808966881771273,8.693651541469782
9.129021850798594,8.98880026115047
9.833494180715594,9.836212016457974
9.182557990963732,8.79744921962942
8.875007486048396,8.721642417237694
9.0583540149783,8.863649169183486
8.741615924228828,8.557146896149197
9.660651367876184,9.733113018504712
7.804251383528112,8.097982998021896
9.423918318420691,9.288272064608105
8.873047798971067,8.853125298574955
9.937599082164896,9.954201636309612
8.537387898701757,8.636010424443816
9.850508627745242,9.837740379409421
9.627536402960043,9.459055707553981
9.120743838164426,9.033210121768203
9.448411943874628,9.400715910321638
8.567315800819449,8.435139865110902
9.611261840034476,9.770186736955505
9.08000387024818,8.993210679953215
9.967260155433197,9.974070354678412
9.934162236804047,9.897477537054513
8.205491613120236,8.286582986230343
8.23031079913502,8.28378826540484
9.758346166866458,9.984201217670854
9.813179839504594,9.965205849560025
9.130647603066937,9.193382559079753
9.478151314785553,9.354384679136373
7.591861714889934,8.101913074182757
8.745921121024347,8.515095081227981
9.192278229157774,8.924914689780023
9.26785427817679,9.060371314791045
7.625595072132453,8.100297376205514
9.312264991698108,9.355083359342748
9.126958763037132,9.617918119478576
9.653935855445614,9.620974845381468
9.419060402624668,9.408357725078869
8.902047345620277,8.732035285307528
8.41604600941128,8.453698558092746
9.343821763350665,9.092030261642428
8.54830418644129,8.589198850616667
8.97055917950895,8.807885755212151
9.56156046523195,9.50639129153591
7.4821189235521155,8.069904787228186
9.208538750029554,9.309014133234873
8.376320632534823,8.370511946021182
9.164610520270008,9.8439848337539
9.165343006045449,9.26661297821047
9.495293724856706,9.5208452383053
9.311994025702685,9.022031238466198
8.925454386826402,8.696053254679198
9.225327501784433,9.42477670992869
8.738094230177667,8.79574618662638
9.425935505533063,9.371939019321553
9.555276687009526,9.59997077167731
9.670546158741807,9.58097540356648
9.797182146165197,9.96703988510176
9.736251633160215,9.505386938739246
9.15556734612889,8.868452595602315
8.976135873302548,8.649416350903643
9.47830431356186,9.685908437061478
9.130864170474386,9.086833827607512
8.841881989497114,8.833605920309344
9.690232448972248,9.731409985501672
9.217117356255208,9.199845350988724
8.946114375560743,8.688804447538052
9.8171668460696,9.971406636391606
8.308691916838898,8.408328012191248
9.643809676493944,9.757654160753646
9.690851107739814,9.991275354760404
8.736007384569218,9.041594284244708
8.500047032581268,8.408721019807333
9.301459965343666,9.407397039795104
9.090993614343615,9.21329494496145
9.397566548103592,9.576870657354025
8.691146498539675,8.710812874038876
8.662158961666423,8.65518046260624
8.526945482858915,8.491383621724117
8.881419551507804,8.657582175815655
8.460834457746854,8.506055906058
8.454679286026995,8.40033685733083
8.379768515504566,8.421995943728465
9.617404201448045,9.66062494709327
8.494947582468917,8.32147332903621
9.710266814873172,9.905774364505222
8.669399124305569,8.56103330479716
8.461891875631148,8.329813823999817
8.625868208041894,8.71640231568988
9.425613028909824,9.526958690111085
9.50159106930499,9.763112599865954
7.374001859350161,8.065188695835152
8.070906088787819,8.22798118392061
8.755422380148488,8.586928139945947
9.404178688897805,9.430191481528098
7.926241523170962,8.126235878867199
9.597030324758013,9.710624249362006
8.142063283104147,8.345665131181958
9.275285060616564,9.100021416502846
9.269175157697076,9.32923219170686
9.25301664625662,9.311459513957187
8.718172930028725,8.644569256971913
7.504391559161238,8.042656259179548
8.641179171197228,8.382957187197242
8.223358899479258,8.243788823589853
9.069928218259438,8.906792671927162
9.0590522577624,8.805265704438245
8.804775258867686,8.707581478084391
9.339261152043022,9.17757491941051
9.451952327573435,9.510976380390249
9.146974496354362,9.21246526221638
9.451559570017622,9.346961201943635
9.400133943608838,9.410410098185096
9.467769401256945,9.391502065100063
9.769041455983205,9.73237067078544
9.715047314733996,9.85446503684953
9.653358136136932,9.813330239699182
8.918516400357067,8.691075158208772
8.22764270790443,8.292565435497432
9.580385534853086,9.763942282611024
9.07932010953778,8.83967570460223
9.793616881400416,9.862281521658355
9.237858258012922,8.84819086961743
9.015541293671117,9.028887037991256
9.14686794902061,9.215871328222459
8.0040315078527,8.193396513705029
9.460943436186543,9.6625899851737
9.680906343078094,9.701585074192025
8.561784074744113,8.56356602054527
8.594339400592892,8.43348049962076
8.85366542803745,8.680507620087345
8.529516941105069,8.49382900244643
9.075207697984686,8.76033183366573
8.532475814947395,8.548762733672692
8.758569510991506,8.871203648914918
9.743025330095069,9.970271281056245
8.685584842676693,8.560945969771364
9.443275825752862,9.307529437796326
8.945202263959297,8.753039359011687
7.876258882303226,8.11741504126171
9.689179849884315,9.488487611247542
9.0595174822416,8.946617443690558
9.646722582719068,9.92848147121242
9.16858043772795,9.616782764143217
9.116139576577355,8.830243521816163
8.970432074329242,8.973647634174704
9.079662048334066,8.907011009491654
9.359966545931997,9.03779521062254
8.941545475242885,8.676621211439382
8.154500175151941,8.228243188998
8.751790892775563,8.66535499311158
9.63847979712322,9.690231520838426
8.224431573221159,8.361254433286708
9.5850025709293,9.2827699579829
9.490846760678869,9.206963155591174
8.74623928838306,8.594962962319263
8.57602797713713,8.465314116523738
7.687997166393016,8.06156429226458
9.77678989949017,9.98660293088027
7.766840537085513,8.097677325431606
7.797291273547472,8.155624115047862
9.357121103184378,9.158404881248087
9.84665261578359,9.814902270163527
9.465757483840688,9.451457560309649
8.589885876809678,8.563260347954982
8.181440695719374,8.295491158861628
8.063062911326792,8.189772110134458
9.399720293137584,9.551412497334223
9.438750032962892,9.481937484312773
9.894598158690211,9.98433222020955
9.355133116877724,9.281590935134641
8.950273466557375,8.76600861034253
9.109414453386222,8.94430306550694
9.040382074165628,8.783912290630898
9.654833867051826,9.626957294648557
9.265680467009346,9.52394563172109
8.769351707798972,8.512693368018565
9.439863530254431,9.275302813277262
9.08239335764556,8.960547380305167
9.068661593644244,8.808016757750847
8.893298144217916,8.762820881900941
9.837828403729851,9.689445505606253
9.656947423415522,9.907171724917973
8.381144346952961,8.365402847012062
7.892078421248119,8.117851716390694
8.51398806046729,8.404310601004589
9.000236434169777,8.739109422397078
8.941937914256359,8.790200412488275
9.140883106960962,9.172334817862694
9.813453429832148,9.776169186222594
8.808219665118408,8.839588369576433
9.502039365785896,9.664642358279927
9.585689856179725,9.937302308817909
9.745194973541537,9.759793868885671
8.130647968160584,8.344704445898191
7.840312983320164,8.140558823097894
8.516593011344206,8.660420564154053
9.273596821611198,9.170806454911249
9.510519035757246,9.217618028738398
8.35936910622267,8.319246285878389
9.45915167003897,9.263687254846273
7.960323629148839,8.208811145758185
8.67965211911394,8.753126694037483
8.425516402844334,8.437323240755825
9.174920426744922,8.931857824330878
8.563695025067657,8.492955652188462
9.248695325852646,9.411807458597847
8.602636673233706,8.557408901226587
8.711937268208748,8.673608153049388
9.59994706414989,9.477832738100318
9.750627705891793,9.867958298335155
9.639977632055333,9.439973004417354
8.884887201837403,8.589897530823041
8.976767625171433,8.833780590360938
9.047821442478408,9.465780504540342
8.052933036797567,8.220994381856856
9.57858809226753,9.780928945128526
8.894944460956886,8.863867506747978
7.821643126239982,8.136454076885439
9.499046919474152,9.625821939313198
8.620651899784468,8.563784358109762
9.21761385594268,9.20962687387798
9.552510629712032,9.85931213078126
9.212238569259265,9.622415873307117
8.23217423638394,8.472213583561693
9.127719343287843,9.678004617226856
7.600902459542082,8.21239188181586
8.584290934948731,8.469811870352277
8.310660905907225,8.256714407407795
9.527484154577582,9.847827574888965
9.607638890751288,9.888001686755548
9.112727543109182,9.141068878627397
7.736307096548285,8.093179571603065
8.691146498539675,8.468982187607207
9.198166571044474,8.793693813520152
9.695971257107615,9.823417435178726
8.753529336516431,8.63190567823136
9.09683567117936,8.812820184169677
9.062536177207788,9.29665622708461
8.295548516225763,8.225099128069312
9.454148923733976,9.44490743337488
9.539068413863964,9.87092768921225
8.71948076085107,8.60330345728287
9.72232532346202,9.95856838759946
8.151044945685024,8.276277453186305
8.804325112562537,8.455445258608686
7.763446388727362,8.160907884108575
8.500657222776137,8.352870270810204
9.25339986143663,9.151287076645637
9.477156251746578,9.587176190398061
8.98969370086056,8.78692534902089
9.817384853482716,9.984943565390129
9.091669442258503,8.705179764874975
9.519294579703503,9.27565215338045
8.923457979694966,8.762733546875145
9.735128070758227,9.995554771024453
8.192570471152173,8.241299775354639
9.621588724840077,9.55232951510509
9.785435730759993,9.861626508964878
9.012620873002133,9.04888675889875
9.477156251746578,9.521936926127761
9.587886000086211,9.376742445740383
9.639391789890489,9.675777574069034
9.740085880594684,9.925861420438512
9.511925349596956,9.354908689291154
9.338293736286644,9.020633878053447
9.368283850042138,9.39927488239599
9.183791036742646,8.9482768091807
8.19671240721307,8.28889736441396
9.49942146534167,9.385257610755584
9.28461261635077,9.589927243710664
8.57300625623545,8.463305410930408
8.97259066827261,8.729808242149707
7.487733761436444,8.036804812451154
9.918228370857626,9.960577093192788
9.272187775302262,9.5038149082749
9.963876852548912,9.956035671851348
8.624252263709645,8.370380943482486
7.805474625270857,8.170907744562323
8.880585523102495,8.818496960846478
8.837971491357209,8.601775094331423
9.81890957606083,9.645210315040114
8.411388132519262,8.625442886322388
8.591372589590488,8.374092682078855
9.020994200245264,8.923954004496258
9.121946221213587,8.681075297755026
9.11007795003779,9.218535046509265
9.158836529109069,9.122335515593958
8.360305435879093,8.234138303239293
8.927048647825695,8.785746326172633
9.474318717728728,9.4216763165129
7.421177528595393,8.043660611976211
9.532133974056732,9.418401253045515
8.427924723658055,8.37055561353408
8.848939995030118,8.717756008589731
8.00903068506973,8.415926159435578
9.563107691083898,9.905075684298845
8.696008608880904,8.458545652024476
7.96346006663897,8.246714546954049
8.510369966068112,8.353306945939188
9.439227397917458,9.288796074762887
9.566965314664872,9.797959275158924
9.232493176617316,9.42901245867984
9.220983532074662,9.297136569726492
8.761393485256058,8.629416629996149
9.515174503245529,9.312376531728054
7.457609289715606,8.037590827683326
9.483568487457813,9.890883742606846
9.713234625415891,9.530670428707454
9.531046110875144,9.246831594867468
9.865993348108548,9.898001547209295
9.771554881275302,9.759444528782483
8.325548307161398,8.483130461786308
9.401704256754366,9.458095022270214
8.219864741912652,8.26710727547763
9.278466201023782,9.66005726942559
8.152774052744075,8.249290930215057
9.657778811561773,9.457178004499347
9.90243700089995,9.872630722215291
9.932852161166032,9.917826598065195
9.293669979563187,9.07185587068334
9.256173788319357,9.299581950448806
9.287301413112312,9.257835808117878
8.940760134888384,8.607277200956629
9.187890243138591,9.127313612064384
9.674263049655917,9.650275746536334
9.504724932487637,9.299800288013298
9.051461866908694,8.804305019154478
9.569831347174397,9.84826425001795
9.61400385813772,9.575211291863882
9.305195902988862,9.074912596586232
9.46691869937663,9.395737813851214
9.473857817428666,9.314821912450368
9.759963542450086,9.843198818521728
8.825412915085566,8.748235932592856
9.326522126265592,9.684030734006843
8.087025470667701,8.246758214466947
8.312871394342615,8.348809192110647
9.810988418039203,9.828089859058862
9.403189650656792,9.175173206201094
9.388486557359656,9.512504743341694
8.759668671029939,8.554264840297899
8.69265796074698,8.5429112869443
9.544309478379278,9.670319134956728
9.201804040953895,9.298839602729533
8.545974992841689,8.448414789032032
9.731571668456054,9.5888792234011
8.73052880173936,8.83801633911209
8.52456594574565,8.42155926859948
7.827240901752812,8.126366881405895
8.659733878198347,8.409725372603997
9.294313805752362,9.066615769135524
9.061608318175784,9.0928162768746
7.703007682479236,8.078157947165995
9.544524278079384,9.436130263282289
9.307194813340065,9.138317825314795
7.781138509845015,8.151606703861203
8.852807917623322,8.630813990408898
7.7336835707759,8.123834165657783
9.295232838994146,9.24984465325746
8.894807371368625,8.612342632452851
8.814330422638774,8.70675179533932
8.948715833843691,8.85386764629423
8.14351740579748,8.405183951262558
9.905285934477508,9.984812562851433
9.56500329315396,9.554076215621029
8.825118970345061,8.914565489223088
9.481359383531425,9.808221140690062
9.270117576012044,9.126090921703227
9.658162296163171,9.35477768675246
9.280705634636746,9.218884386612453
8.996404301412886,9.253032381699049
9.639782389465797,9.430104146502302
9.11921143856508,8.895875793702547
8.91918561004543,8.626185234041662
9.282568005973063,8.92469635221553
9.561419689557756,9.864595899841973
9.666118293957936,9.735078056585143
9.301368670323749,9.26914569395858
9.711236864664288,9.705165810249698
9.70430463866676,9.632197396196371
9.53524597222593,9.816910975756857
8.922258219503062,8.707319473006999
9.097619501912064,8.702559714101067
9.859326656750358,9.929878831625171
9.442562587223597,9.52564866472413
8.022896869601457,8.236540016448707
8.731981938347694,8.57941732772741
8.336869637284956,8.286408316178749
9.671366322189568,9.945468133729921
8.631057447565285,8.528937682816792
8.118505067587098,8.433305829569166
9.062536177207788,9.103078142405739
8.651374372882257,8.322608684371572
9.261698664251323,9.41486418450074
9.645493723786172,9.6796203152041
7.672292455628756,8.062306639983854
9.51745735706657,9.573333588809248
8.094073148069352,8.200339648255884
9.421411342056125,9.228447571937215
8.139440521874608,8.360599420593232
8.098034756176071,8.201955346233127
9.05683948099042,8.645835614845968
9.689922976002242,9.650188411510538
9.444067716830038,9.626127611903486
9.875705171523675,9.922106014329245
9.080231686629162,9.081026048392015
8.271804031154709,8.230033557026838
9.504501410525672,9.454033943570657
9.349145334853365,9.26377458987207
9.368710707947624,9.249495313154274
9.728360056322414,9.629839350499855
8.67214355141406,8.644394586920319
8.958025443361693,9.001987850045804
9.766234959109752,9.910708793462748
9.03013657115323,8.936792253288404
9.642707033281852,9.575385961915476
8.143807976771484,8.222522744808302
9.50397966490209,9.249233308076882
8.621733370690162,8.432519814336993
9.254070134837509,9.007009614029128
8.541495483939203,8.327805118406488
8.610136937058975,8.485226502405434
9.007856923358275,8.844260793456568
8.757940876678804,8.571862847995979
8.172729104865471,8.273220727283414
9.493863809279103,9.451020885180665
9.688870050941352,9.789706115221115
8.168202930236053,8.373306666846682
9.520541965857834,9.61101865244062
9.61326893243235,9.501762535168673
8.977398978181862,8.865002862083337
9.292012520620208,8.990241289076119
9.557257866458936,9.534294832278025
9.615405400063008,9.915861559984766
9.290075339995036,9.135828777079583
9.017119634313229,9.201723054043358
9.353487881194669,9.566390454258393
9.850666776352544,9.974026687165514
7.912056888179006,8.10291742697942
9.093581811365986,8.859064080329146
9.070503426788385,8.965525476775591
8.365905077202456,8.315359877230428
9.854244785957675,9.888656699449026
9.335474102732949,9.18495472909035
9.144841389743489,8.906967341978756
8.958797346140274,8.656446820480294
9.720705889909716,9.77062341208449
9.533437849648918,9.886080316188016
9.366317953430537,9.208447851029721
7.7651449029361315,8.114751322974904
9.390409393716844,9.511020047903147
7.844240718141811,8.250469953063316
9.418898064961974,9.480365453848428
9.657970572245024,9.428532116037957
9.220191688026556,9.36298717917737
8.648396877031582,8.546186350411684
7.736743682453495,8.109685891478682
9.23200401161221,9.388620009248765
8.536995818712418,8.453785893118544
9.612265889785814,9.466173512156429
8.60135049942296,8.433873507236846
9.358070484000518,9.169758434601686
9.344084242025778,9.108318243953553
7.732369222284388,8.109423886401292
9.836653064348903,9.842107130699267
9.03788993497749,9.25298871418615
9.103979355984771,8.800898953148398
9.284798282894192,9.15945290155765
9.478992518521158,9.296568892058811
8.610683534503575,8.515837428947254
9.430599768110527,9.60280916001571
9.605485747677491,9.779575252228673
7.550135342488429,8.06754674153167
8.791790024319363,8.589766528284347
9.69996278809107,9.61922814486553
9.76347807952779,9.603507840222084
8.267448958304849,8.379158113575077
9.017968479328726,9.593289642203844
7.507690077819904,8.042612591666648
8.610683534503575,8.562911007851794
9.137984709784044,8.944477735558532
9.061492275239766,8.81871529841097
9.454932254496262,9.284560326011736
9.01724094201035,9.156789183270844
9.449199779730396,9.156789183270844
8.850947451970402,8.956835641708798
9.280705634636746,9.354996024316952
9.254931255304058,9.49787612652071
9.41336284529417,9.46586783956614
8.321421586897879,8.741729473170986
9.818365299119291,9.886997333958885
9.704853670249868,9.706563170662449
9.40426106461349,9.318053308404854
9.653422343655654,9.781190950205916
9.745136396380753,9.666301723770069
8.138272638530186,8.315185207178834
9.728419624453482,9.838482727128696
9.074062353683557,8.853911313807128
9.030615441029497,9.116833408968754
9.39465993143281,9.50835632961634
9.447386828459384,9.30997481851864
9.033006356693267,8.921814296364232
8.175547596021026,8.362389788622067
9.598998361767968,9.584163132008067
9.7313341246578,9.757654160753646
9.888881400146763,9.86839497346414
9.579279798734897,9.414733181962044
8.03947991910045,8.473086933819662
9.526099566999854,9.650537751613726
9.632334782035558,9.712676622468233
9.97301361518474,9.991275354760404
9.805764464007511,9.842543805828251
9.516427036104067,9.996384453769524
9.544739031650488,9.726038881415162
7.454141078146678,8.057459546052124
8.028455164114252,8.250600955602012
8.508152446764088,8.599635386199399
8.915969311373605,9.418663258122905
9.65739517984351,9.781190950205916
9.309008543772883,9.607001241253961
9.148784066277075,8.889631339358068
9.650786448979591,9.49167533968913
9.567944883732848,9.691323208660886
9.720945971538624,9.825731813362346
9.449121024069791,9.010415680035207
9.596758567164112,9.411632788546253
8.506334448081361,8.380293468910436
9.338029733117072,9.181461328058473
9.544094632530348,9.763287269917548
9.767324127723256,9.567700479645348
9.144841389743489,9.42224399418058
9.462498888358915,9.338620706980029
9.414097209490205,9.915861559984766
7.540621528657152,8.066760726299497
9.703633190449867,9.792500836046617
9.365119425763735,9.272333422400168
9.255982729854884,9.232202978046484
8.96264794774056,8.776008470796276
8.624791202014256,8.553478825065726
9.815584869360215,9.687000124883939
8.80612448326845,8.82382439742009
9.625689802158323,9.94660348906528
9.385805141306925,9.224779500853746
9.617603862025726,9.323293409952669
9.426096704856375,9.45595531413819
7.903965634032166,8.130122287515162
9.175748927206564,8.934870882720872
9.545239944037077,9.664336685689639
9.329278296047695,9.170326112269366
8.997147151515142,9.011682037909262
8.139148678884066,8.269508988687045
7.942717540573791,8.188593087286199
8.94754601503218,8.808584435418528
8.959825623865841,8.70788715067468
9.730977703126166,9.984419555235347
9.523470868881551,9.331590237403377
9.642836819135375,9.523159616488918
9.496721598694917,9.589403233555881
9.404672841436271,9.486478905654213
8.555836815008442,8.337193633679657
9.369393301830783,9.633463754070428
9.094929520464856,8.795833521652177
7.752764808851328,8.114052642768529
9.711358054751088,9.735558399227026
8.505929999137527,8.336887961089367
8.300528606199737,8.269858328790232
9.11482017011877,9.033777799435883
10.000568890186692,9.80036098836834
9.489334816030398,9.948917867248898
7.95892649305011,8.207195447780943
9.217713126305595,8.867579245344347
9.734062477477194,9.658703576525737
9.500544261971474,9.215696658170865
7.765993079407675,8.087153454823078
9.301733800405394,9.422549666770868
8.62622695244036,8.7583667955853
8.625688787569537,8.399245169508367
8.689632748355741,8.532824091464756
9.084436955087028,9.28303196306029
9.469622969906265,9.277791861512474
9.498447354141044,9.566652459335785
9.254165851516213,8.898015501834573
9.697692639556532,9.699576368598695
9.302554855963994,9.16879774931792
7.546974117516527,8.033617084009567
9.21193909333988,8.87085430881173
8.521981708148035,8.390861007031864
9.57519179719905,9.224866835879542
9.182352335436017,8.915264169429463
9.075093222568157,8.79605185921667
7.544332108053688,8.07060346743456
9.109193189971226,9.264254932513952
7.858640655620791,8.079904647681934
9.90058333938874,9.875381775527893
9.204724633190548,8.917534880100185
9.617603862025726,9.376436773150095
7.80994708647679,8.139292465223837
9.122601457668177,8.714306275070753
9.21999362900432,9.165828358440825
9.01942196795671,8.72400046293421
9.58781744354418,9.599708766599917
7.43543801981455,8.066236716144715
8.830104317913793,8.729371567020722
9.528430400599346,9.252071696415282
9.526682784921174,9.555517243546678
9.006754319877503,9.140020858317834
9.441452092939569,9.277005846280302
9.043458999670106,8.817448940536915
9.245128197461849,8.955656618860539
9.720225553665117,9.621498855536249
9.194312610898985,9.121898840464974
9.663833449094929,9.943415760623694
9.328745436354804,9.485911227986533
7.880804344674901,8.204357059442543
9.460320577243952,9.632415733760865
8.812099108957337,8.61518102079125
9.787571522938784,9.640450556134182
9.232297539328226,8.991245641872784
9.176473302464606,9.564949426332745
9.247347097605278,8.861858801154648
9.617870014133226,9.55115049225683
8.001355025826703,8.351691247961945
8.503702601233739,8.251910980988965
8.144098463338524,8.276452123237899
9.28126471031288,9.240849145600379
7.8826922062890254,8.191649813189091
8.814924599721019,8.600377733918672
7.537430036586509,8.041651906382883
9.433243894485784,9.421545313974203
9.11943049661634,8.876094410359546
8.742414582525413,8.49867609637816
9.266437111328052,9.96699621758886
8.382747094863314,8.303569648747843
8.87360810154911,8.615006350739655
7.822044008185619,8.191824483240685
8.491465042843506,8.452868875347676
8.51097389160232,8.594875627293467
8.22764270790443,8.337586641295744
9.049584593096789,8.952119550315764
9.20693457884135,8.97150792604268
9.315510869581722,9.347747217175806
7.576097340623111,8.053878809994451
8.924523226133914,8.652997086961316
9.743377484107391,9.959791077960617
8.32093496888341,8.34278307533066
9.834030287520909,9.961406775937858
9.536617962187329,9.734859719020651
8.669227347271736,8.503959865438874
9.265491216441031,9.345170833914798
8.773539383558166,8.552692809833555
8.902999661861218,8.803519003922306
8.49351506406166,8.429987098588883
8.99317889233952,9.06473806608089
7.944846711001996,8.124751183428652
9.245804036251752,9.038755895906307
9.57609397984812,9.417833575377834
7.794411205726601,8.080122985246426
9.149740749847252,8.951158865031998
8.868131713503033,8.783693953066406
8.92665032079394,8.822601707058933
8.916237731721479,8.88928199925488
9.023890304598448,8.79068075513016
9.765144602914384,9.776867866428969
9.330520532232288,9.346218854224361
7.8434564043761155,8.1375457647079
8.945462952177666,8.917098204971198
8.742414582525413,8.612342632452851
9.441531454869692,9.283075630573189
9.69793830962287,9.717480048887063
9.320360017014732,9.160238916789822
9.09470502837726,8.837011986315424
9.662243674190131,9.869049986157616
9.715047314733996,9.794902549256033
9.086023537468805,9.101680781992988
9.367771379925012,9.147444335510574
9.262078567380597,9.116440401352667
9.634758073001034,9.70621383055926
9.547455259196116,9.622721545897406
9.591512787515304,9.390847052406587
9.087155271405804,8.965481809262693
8.439663988907,8.367891895247274
8.59452453435256,8.460903697720992
9.53372736904874,9.59398832241022
8.710784340468424,8.451427847422027
9.04735074348172,8.933691859872614
9.407878894574996,9.7107989194136
7.489970898834801,8.052001106939818
8.944811104165534,8.855090336655387
8.228710798793687,8.310119775682612
8.213923595622743,8.212260879277164
9.359191318708538,9.50556160879084
9.410747396316522,9.430890161734474
9.468001285315951,9.52342162156631
9.038721338315364,9.236962736952416
9.683588731386807,9.725558538773278
9.6638969875516,9.772806787729412
8.127109185346375,8.187938074592722
8.020927718981577,8.175143493313474
9.250906333722844,8.975918344845423
9.586857158128456,9.748265645480478
9.046879822823149,9.087838180404177
9.341894811716484,9.278927216847835
7.519149957669823,8.098943683305661
9.045229851912582,8.91880123797424
9.253591413970495,9.154998815242006
9.679593719831214,9.707305518381723
9.017483513266844,9.191723193589612
8.606302366488013,8.557321566200791
9.279306576440906,9.246307584712685
9.033006356693267,9.007882964287097
9.704731689278749,9.651935112026475
9.658801110545443,9.74337488403585
9.582455500402792,9.722458145357487
9.5085913957772,9.483509514777118
8.948066103458935,8.944434068045634
9.630365631415676,9.899355240109148
9.395491255780296,9.440016671930252
9.010302809376448,8.784043293169592
8.617581365447506,8.478152365315884
9.431802510507854,9.233513003433437
9.253878673990666,9.197792977882497
9.538492376981678,9.414383841858855
9.564091044397667,9.715558678319532
7.744569809354496,8.10291742697942
8.606302366488013,8.511776350247699
9.490922297937656,9.326874146010343
9.700575458126163,9.78957511268242
8.933400396056303,8.678455246981118
9.368710707947624,9.120545147565123
8.612321536507814,8.460379687566212
8.323365694436081,8.400074852253438
9.824119617152556,9.97669040545232
9.12913031655064,9.0843447793723
9.551657993593873,9.5974380559292
9.25674674479034,8.935394892875653
9.51199931135876,9.548530441482924
9.647174939830403,9.634424439354193
9.53791600808964,9.880185201946723
8.444192298531748,8.634351058953674
9.267098705794792,8.953560578241413
9.642577230581775,9.830491572268278
9.718301898127525,9.624075238797259
8.589885876809678,8.88107250682997
8.626406276389554,8.540771578812276
8.081475040137052,8.23221693267176
8.79527937019457,8.52190721324014
8.282988692742602,8.241343442867539
9.710145492458707,9.880141534433825
9.18563775933581,8.87653108548853
8.019283792916793,8.354922643916431
8.813438494528507,8.509461972064079
9.502412792729256,9.266831315774962
8.93022956502072,8.58513777191711
9.23941361946189,8.967141174752834
9.025575833531088,8.920285933412787
9.52222713312478,9.414034501755669
8.65834547117212,8.513479383250738
8.516392871245468,8.525182276707525
9.314700387300425,9.22661353639548
8.142063283104147,8.221474724498739
8.841158975945264,8.562430665209911
9.408371222475315,9.29495319408157
7.752764808851328,8.059904926774438
9.690294332075087,9.578224350253876
9.226705726062448,9.019804195308376
8.021584533455107,8.262784191700682
8.95828281049733,8.77788617385091
8.987196820661973,8.751030653418358
8.054840221101024,8.197413924891688
9.03336450150698,8.922600311596405
9.469468637009902,9.623332891077984
9.402777262511233,9.23285799073996
9.245997049184217,8.923124321751187
9.26738211234338,9.528661723114125
8.681011276645632,8.573347543434526
9.821897815496174,9.993720735482718
9.58452119004458,9.899442575134945
9.131729971394272,8.858583737687264
9.911108439667489,9.788789097450248
9.102643796520807,9.464950821795272
9.26321741157695,9.20735616320726
9.587611745713565,9.862718196787341
9.661224890275207,9.820098704198443
9.623112055266786,9.665865048641084
9.54831148472113,9.502199210297658
9.077380244719953,8.979892088519184
8.280964400553373,8.32802345597098
9.130105979265576,8.876181745385342
9.554071910278983,9.150763066490857
8.716371865276615,8.578456642443646
8.72518249495877,8.420030905648034
9.33229248272693,9.17390684832704
8.542860938164814,8.644918597075101
9.448333126140598,9.5718925608836
9.375091807576672,9.14185489385957
8.996775795442296,8.894522100802696
9.79657027019005,9.984856230364331
8.044947049617722,8.284093937995129
9.993785190516908,9.907695735072753
8.88447171813916,8.641381528530326
9.609317813948794,9.44516943845227
8.52377150677636,8.538981210783438
9.085117227222105,9.02849403037517
9.434043766548909,9.217050351070718
9.509184911634074,9.680799338052358
8.64259160081057,8.476318329774148
8.967759126769497,8.79688154196174
9.538780436900131,9.662502650147903
9.56050416429926,9.597569058467894
9.222664121665014,9.218273041431875
9.61333576618342,9.559621989759133
9.696893794766453,9.985860583160996
9.494315582496638,9.426741748009121
9.54987932996818,9.964900176969735
8.462103225098277,8.390773672006066
7.848933726364071,8.091956881241908
9.46792399660393,9.650275746536334
9.543306469268108,9.716475696090399
9.234837843576573,9.47040926090758
7.876258882303226,8.107589850859556
9.57366316988638,9.519578880431245
8.94715577112479,8.81107348365374
9.69566355532975,9.923416039716198
9.060214913398545,9.047664068537593
8.45531778769815,8.37736774554624
8.803273982501045,8.58710280999754
9.544667452251009,9.20932120128769
9.801344078867425,9.806911115303109
9.455088847042775,9.805601089916156
9.618601567386348,9.62036350020089
9.145054905277552,9.160369919328517
9.757825740104776,9.922106014329245
9.603732898850078,9.840142092618837
9.624104282899042,9.593857319871525
9.490846760678869,9.296350554494321
9.639131305387844,9.748090975428884
8.654691704601872,8.445794738258126
9.332469505209248,9.194124906799026
9.569412440514636,9.799880645726457
9.208238163884312,9.236788066900822
9.449750895754264,9.535386520100488
8.536211197252,8.48566317753442
9.854454858958816,9.691454211199583
9.279213236262558,9.074825261560434
9.359191318708538,9.103383814996027
8.341886969516187,8.39658145122156
9.217018026729423,9.057445591426848
9.422625179955515,9.603245835144694
8.900412690577083,8.571295170328298
8.671286726753637,8.725572493398555
9.808407346285858,9.845032854063465
9.146015161419625,9.107357558669786
7.532088143541722,8.058594901387485
8.029432840581244,8.309770435579424
9.37475250822657,9.330585884606712
8.707152175339404,8.753345031601976
9.79082264687866,9.951756255587298
8.269244521183056,8.272347377025444
8.660080678964786,8.575880259182636
7.915348169263078,8.188112744644316
9.519588222342524,9.568311824825926
9.197153810172008,9.169976772166178
9.4478600892349,9.20224706419814
9.12052506765382,8.888539651535606
9.351926736038054,9.136178117182771
9.040500592684284,8.945438420842299
8.935377071932177,8.562124992619621
8.531490496117062,8.68915378764124
9.060214913398545,8.924609017189734
8.61323037961318,8.596229320193318
9.835797403566175,9.604293855454257
7.57198844937744,8.045581982543744
9.027018314848643,8.71945904159277
9.407632639699958,9.726126216440958
9.820920828879164,9.947957181965133
9.641733102094262,9.48285450208364
7.955425088912672,8.22876719915278
9.602990383037504,9.539840606416131
8.764834214330834,8.831990222332102
9.076351731972863,8.87853979108186
7.528869256642251,8.045232642440556
9.020752479190184,8.797580222168115
7.60489448081162,8.046804672904901
8.917310693197807,9.052642165008017
9.912645490320894,9.983109529848393
9.012377119192273,8.863998509286672
9.267665438595452,9.191068180896135
7.844240718141811,8.127938911870238
8.750366278367625,8.514614738586097
9.1235835080499,8.939979981729993
9.555984701765809,9.813504909750776
8.852235835227855,8.596098317654624
9.70375530548238,9.827172841287993
9.246768728589734,9.058100604120325
9.166597449028265,9.376524108175891
9.952039593118291,9.822718754972351
8.469262657658687,8.289159369491351
9.248983995568388,9.738484122591222
9.570319849923216,9.880840214640202
8.532081803909987,8.309683100553627
8.83884181343129,8.625530221348185
9.260653185849772,9.130326670454377
8.860641041773876,8.68718874956081
9.042394981126735,8.804043014077088
8.784927626058323,8.62282283554848
8.648045999835,8.491645626801509
8.117312461601975,8.28950870959454
9.884610496766438,9.866211597819216
7.926963544862978,8.103703442211593
9.655602949958412,9.974332359755802
8.78462153484075,8.613958330430092
9.423999084079178,9.247966950202827
9.812522917162037,9.729663284985733
9.256555795773146,9.325651455649187
9.003685138166775,9.568835834980707
9.247828816387177,8.94574409343259
8.77971129020447,8.652866084422621
9.527265662897603,9.447003473994005
7.567862605463882,8.172086767410581
9.306922469822426,8.819588648668939
9.17585244151751,8.960023370150385
9.1821466376054,9.135173764386106
9.488805094878352,9.846648552040707
9.45203086057697,9.543072002370616
7.468513271496337,8.045800320108237
9.428029072607428,9.201461048965967
9.090993614343615,9.426217737854339
7.6236419465115715,8.065363365886746
8.681520484837913,8.706664460313522
8.653470809708786,8.579679332804803
9.730799444710412,9.784073006057215
9.32250766884693,9.419449273355077
9.137769679141348,8.785091313479157
9.591512787515304,9.930402841779951
9.290721483922995,9.462505441072958
9.291643823040218,9.122466518132654
9.811810763964225,9.93049017680575
9.545669097895315,9.531150771349337
9.254644297532709,8.991289309385682
8.507546814364431,8.454964915966801
9.030376034755909,8.989236936279454
8.703838719690246,8.51230036040248
8.197538739721184,8.340556032172838
8.364973978438726,8.264618227242417
9.529303064460995,9.399624222499178
8.76732914779405,8.668935729169254
8.849657406639912,8.644962264587999
9.75597313724758,9.72040577225126
9.285818833152089,9.107881568824569
8.531293315795018,8.695791249601806
8.426173793029069,8.402651235514448
8.492695559815838,8.433000156978878
9.793895875906031,9.590713258942836
7.622663951323595,8.083660053791201
9.081824949740756,8.911727100884688
9.30328411761892,8.964652126517622
9.051344640485723,8.86006843312581
8.12355783506165,8.414441463997031
8.67368398817567,8.534527124467795
9.044639916198465,9.011114360241582
9.415727201701133,9.128536302425541
9.683900170549684,9.81110319654136
9.52617248784431,9.599184756445137
8.70549681988774,8.517627796976091
8.969669103793757,8.8717276590697
8.46252579007393,8.296713849222785
9.147720009994517,9.278403206693053
9.16272451803452,9.124125883622796
9.7706416392027,9.932804554989367
9.245224773829683,9.160457254354315
8.296297112642508,8.386887263358103
9.227394126542013,9.205303790101032
9.238441802087058,8.955656618860539
9.241354425505351,9.133994741537848
9.70607266229452,9.87634246081166
9.064852065227576,9.022860921211269
9.043931533642278,9.05172514723715
9.91422964906803,9.912062486362599
8.863898604317479,8.692559853647321
9.695786647402777,9.800011648265151
9.025455532779064,8.912993458758745
8.05356916913454,8.133965028650225
9.105424202026622,9.079454017927672
9.757710052922787,9.82188907222728
8.09162741160107,8.228941869204375
8.38958706681109,8.258985118078515
8.867709208039386,8.727930539095073
9.787515376283707,9.986428260828676
9.511333458487636,9.531107103836439
8.66888370465667,8.681730310448502
8.081784206935001,8.392258367444613
9.59315078951954,9.731802993117759
8.352082671352637,8.545400335179512
9.548881894718772,9.841277447954196
9.8492953234527,9.8808838821531
9.720405706795765,9.66656372884746
9.701799673251209,9.681454350745835
9.084777149000836,8.82408640249748
9.53827627757511,9.558442966910874
7.946971357693591,8.228854534178579
9.36990494164752,9.197836645395395
7.639642287858013,8.042961931769836
8.30844552038576,8.54911207377588
9.428270356237505,9.842980480957237
9.199481628641308,9.195478599698879
8.329899292995725,8.229509546872055
9.822277497110584,9.953284618538746
8.812099108957337,8.611556617220678
8.746716349694486,8.626316236580358
8.750366278367625,8.716271313151184
9.410829232725586,9.310586163699218
9.547883463598888,9.29573920931374
9.757767898186724,9.995292765947063
9.690356211348645,9.856561077468658
8.960724500330858,8.810243800908669
9.79657027019005,9.575953639583156
8.793612071589308,8.485444839969926
9.21453157659465,9.114606365810932
7.654443226470112,8.083179711149318
8.57810012631976,8.465314116523738
8.976262255609193,8.810200133395771
9.41897923708751,9.263294247230187
9.516721521860449,9.692982574151028
8.68270762989381,8.687101414535013
8.675222055641148,8.356232669303385
9.020994200245264,8.760768508794714
9.522593098362169,9.512155403238507
8.026823576217629,8.180514597399984
9.397815294010933,9.352288638517248
8.647870515057853,8.564614040854835
9.494240301132503,9.370366988857208
9.260082463870996,9.039061568496596
9.253974408996244,9.079978028082452
9.443038136095204,9.342332445576398
8.935640333747571,8.978975070748316
9.11866358340428,9.081550058546798
8.829519094780778,8.539068545809235
9.140347000155648,8.942512697478103
9.045937315684574,8.835658293415571
9.762154376419485,9.709095886410559
9.507403306233716,9.878656838995278
8.285008895449879,8.303438646209148
8.572438665642215,8.806401059773604
9.489637387893524,9.418837928174499
9.705646184084136,9.868569643515734
9.448884719866417,9.649708068868655
9.654128354403506,9.931494529602414
8.638348312972704,8.677057886568367
8.881280595070423,8.670376757094903
9.858019364488982,9.769706394313621
8.752423403865594,8.62963496756064
9.8497175093263,9.995292765947063
8.241703159729818,8.450947504780144
7.771488760117616,8.156759470383221
7.836369760545124,8.152218049041782
9.583144537844786,9.709576229052443
9.63266259715077,9.932280544834587
7.286191714702382,8.04737235057258
8.941676305360163,8.599504383660703
9.438272440022187,9.292726150923748
9.46769209462013,9.889224377116705
9.739909238559308,9.786998729421411
9.57519179719905,9.583027776672706
8.284251797621916,8.70216670648498
9.122928914965213,9.02989139078792
9.40351943877092,9.560582675042898
9.25674674479034,9.27028104929394
9.442879644930755,9.316961620582394
9.392411897514927,9.268490681265103
8.887376485379763,8.853911313807128
8.812545770172237,8.6988043079918
8.986071187374463,8.924085007034952
9.560081331311986,9.872019377034713
9.442562587223597,9.942760747930215
8.701013624333928,8.420554915802816
8.851233902846035,8.918670235435544
9.732224623098908,9.796998589875159
7.846980982138788,8.149510663242078
8.081475040137052,8.206933442703551
9.012864567410553,8.727799536556377
9.33273498018979,9.358882432964915
8.005700678662542,8.154925434841486
8.954286157204713,8.750069968134591
7.695757990554761,8.085537756845834
9.310004695089129,9.269233028984377
9.235325624670091,9.476784717790755
9.77673314419063,9.50979735754199
9.3640909717821,9.242377508551824
9.135077887475637,9.169583764550092
8.602453035367061,8.77111770935165
9.611261840034476,9.7192704169159
8.387539983189367,8.299814242638575
9.706011747970496,9.648747383584888
9.092119740588751,8.831509879690218
9.397732385583245,9.268316011213509
7.85670679309584,8.143659216513685
9.529448434427817,9.757479490702053
9.391661428436556,9.050589791901789
9.625821815359837,9.766518665872034
9.700820421076743,9.965948197279298
9.819181603482871,9.896778856848139
8.17188200612782,8.456798951508537
7.855157005881344,8.102611754389132
9.20079495913265,8.938233281214053
8.037543185118697,8.240295422557974
9.229358377811945,9.281241595031453
9.685704607464016,9.960402423141193
9.869361837806752,9.658266901396752
9.855242239908131,9.955467994183667
8.939843124278502,9.106134868308631
9.403189650656792,9.414820516987842
7.523481312573497,8.071389482666733
8.338544879988579,8.381865499374781
8.709134991587183,8.5457496752827
9.562545340443464,9.497133778801437
9.71902370267014,9.875076102937605
8.657476736863293,8.438938938733067
9.892224360257416,9.91546855236868
9.169830828637972,8.80482902930926
8.277666160851503,8.303700651286539
7.876258882303226,8.15339707189004
9.93740577073959,9.969528933336973
8.139440521874608,8.27815515624094
8.652248422409102,8.479156718112549
8.994172434398399,8.856793369658426
8.445267451844648,8.789021389640018
8.85609105525229,9.169409094498498
9.477768715400696,9.552023842514801
8.928640371201949,8.888539651535606
8.914357274485015,8.711729891809744
8.830250570199247,8.949150159438668
9.4244028145542,9.05936696199438
9.147294070258548,8.897709829244283
9.399885773859458,9.407921049949884
9.4066470133368,9.344952496350306
9.124346658809207,8.962337748334003
9.62931383010914,9.95315361600005
9.179984251961285,9.462636443611654
9.166179476190411,9.28958208999506
9.276408971945887,9.005699588642173
9.743025330095069,9.77769754917404
7.595387278853972,8.143440878949193
8.844912950899548,8.586709802381455
9.270305953143616,9.063253370642343
9.073030421011577,9.118536441971793
8.990566138131577,8.931945159356676
8.613048677059759,8.49640538570744
9.461954755266088,9.277398853896388
8.734560089952993,8.71207923191293
9.175748927206564,9.248971302999491
9.502338118495564,9.502068207758963
8.118207049405783,8.200077643178494
9.045701550034536,8.964739461543418
8.965462328515967,8.84194641527295
9.145054905277552,9.12857996993844
8.674367865788236,8.688629777486458
9.741615472609585,9.852325328717507
7.806289289267033,8.108550536143323
9.656883441842194,9.837172701741741
8.833171133022866,8.591163888697098
8.08794755464267,8.30252162843828
9.06009870864564,9.0701528376803
9.366745651140318,9.158754221351273
9.595058406939556,9.772937790268108
8.734560089952993,8.473261603871256
9.65637144183101,9.48516888026726
9.053335623166015,9.224604830802152
9.521421537856195,9.562635048149126
8.989444293202451,8.753694371705164
9.765948138514066,9.973502677010732
9.220191688026556,9.350367267949714
8.926915889777042,8.81474155473721
9.377802065863111,9.224735833340846
8.843037724962366,8.713389257299886
9.55385915186536,9.524469641875873
8.759825595314295,8.544133977305457
9.522885774152654,9.908831090408114
8.69483715865908,8.915788179584245
7.552237287560802,8.102262414285944
8.858652969548489,8.687581757176895
8.851233902846035,8.840330717295707
9.683588731386807,9.619315479891327
8.778171881033469,8.608063216188802
9.255122514748075,9.026048649652855
9.48903215258983,9.182771353445426
9.509703949201802,9.579316038076337
9.561701221091148,9.22691920898577
8.942722330560143,8.837972671599191
9.648917831534549,9.822282079843367
8.502079553606189,8.697363280066151
8.980801413573113,8.717057328383357
7.8050670442584895,8.140515155584994
9.68439827154996,9.852368996230405
8.405367376233981,8.291342745136275
9.394493583599107,9.45084621512907
8.722742874329398,8.528763012765198
8.23403420769204,8.345665131181958
9.19806534110057,8.867011567676666
8.615408238913192,8.486405525253693
9.570319849923216,9.42049729366464
9.32607687045878,9.404733321508296
9.41058370340406,9.380192179259362
9.972267067930954,9.980140138971297
8.848365694942547,8.828846161403412
8.935508711503221,8.649547353442337
8.020927718981577,8.255404382020842
9.366146823114384,9.222334120131432
7.971776122880628,8.13527505403718
9.752315764734387,9.695340619847546
9.672626800077513,9.788876432476044
8.854807632616227,8.653914104732184
8.69751274553952,8.683258673399948
7.992944547318106,8.202654026439502
8.733110697638708,8.718716693873498
9.06589246761031,8.952949233060835
9.62601980249132,9.796736584797769
8.950273466557375,8.6137399928656
8.013674142832684,8.257631425178664
9.326878188224134,9.133208726305675
9.338293736286644,9.175478878791385
9.270117576012044,9.11037061705978
7.938445551164788,8.187370396925042
9.34469642447526,9.225652851111715
9.05963375455148,9.020415540488955
8.362175469149628,8.416100829487172
8.633374945705647,8.43775991588481
8.553910774351401,8.488021223230936
9.30946146284399,9.719183081890105
8.987696695703624,8.704088077052514
8.999372396592106,8.723869460395516
9.62483129129166,9.910839796001444
9.15957325492253,9.400803245347435
9.299723933110869,9.023166593801557
8.917578753781104,8.620945132493846
8.968778235137956,8.946355438613168
9.39499254410842,9.421545313974203
9.356084386028888,9.058930286865396
8.650149418664864,8.51793346956638
8.835646922534773,8.691031490695874
9.589256144850811,9.455518639009204
8.04012466444838,8.154314089660907
7.360739903058278,8.04794002824026
7.881182202227102,8.214094914818899
9.02749867993534,8.67980893988097
7.794823152179389,8.082655700994536
9.64788537354776,9.4811514690806
9.478151314785553,9.07949768544057
9.300363874623772,9.483858854880305
9.309008543772883,9.165566353363435
8.252967195000798,8.197981602559368
9.111293218374948,9.13988985577914
9.376532546840254,9.380323181798058
9.310638093291546,8.997883103833349
7.4570320891223805,8.032962071316089
9.16837188715368,8.93434687256609
9.745136396380753,9.814989605189323
8.646816959209742,8.446406083438704
9.207736986106068,9.463378791330928
9.642317574624458,9.442156380062276
9.667765219015058,9.596433703132535
9.389824573949976,9.45080254761617
9.3852176218809,9.306219412409373
7.907651594711089,8.183003645635196
9.482274087459825,9.352812648672028
7.528331766707247,8.154532427225401
9.500693872983122,9.222115782566938
9.403684292051873,9.009935337393324
8.764521909518802,8.547409040772841
9.270023374137356,9.553115530337262
9.0617243476474,8.866007214880002
8.185907481482324,8.257675092691562
9.306740866262498,9.17050078232096
8.760609847570002,8.530859053384324
9.357380114625498,9.240849145600379
9.743553514619803,9.804247397016303
8.453614209773367,8.311167795992175
9.144307401371744,8.738585412242296
8.730367211692958,8.717625006051037
9.24212969446559,9.079410350414774
9.616538544660177,9.821146724508006
9.087381464575737,8.982643141831787
8.422442854870427,8.388066286206362
8.460622839927844,8.392083697393021
9.516795129751248,9.575735302018664
9.335297611380566,9.159190896480258
8.954931860074698,8.567714434270625
8.75384509275524,8.615923368510524
9.640042704448392,9.367048257876926
9.51332968849511,9.741453513468318
9.198976041897131,8.945831428458385
9.524932109734822,9.361458816225923
8.032035314398824,8.3274557783033
9.382695764458289,9.254386074598902
7.964503363551548,8.150689686090336
9.395740518379736,9.552023842514801
8.221747728346623,8.305753024392766
9.698552220870589,9.958219047496272
9.535968306842715,9.688441152809588
8.733271845008325,8.612866642607631
9.738023112808596,9.917782930552297
8.873888135154973,8.537933190473876
8.643473357326567,8.422563621396145
8.250620082174692,8.246234204312165
9.046879822823149,9.001725844968414
9.42987742769628,9.32552045311049
9.668461179310146,9.865076242483857
8.598220030058611,8.801248293251586
9.887612203377838,9.907739402585651
9.792835282432533,9.855120049543007
8.494129251817686,8.404747276133573
8.151333337900432,8.302346958386686
8.992681750892542,8.732908635565497
9.812796687251623,9.86638626787081
8.794370279222871,8.95168287518678
8.971194463184467,8.795091173932903
9.133675287040695,8.884129232732862
8.92903790648844,8.774611110383526
9.26558584620216,8.97460831945847
9.743905482711662,9.77935691466418
9.675142999429854,9.640319553595486
8.636929873018572,8.6194167695424
7.786967002614872,8.098681678228271
9.205629292246064,9.320848029230357
8.656259239539235,8.551775792062687
9.149421957006766,8.915744512071347
9.768068665428393,9.930839516908938
8.324093761450404,8.19763226245618
9.10985683339786,8.999149461707404
9.409846753524238,9.11892944958788
8.781708985836179,8.670682429685192
9.338557669776936,9.237355744568502
9.696217350378207,9.44547511104256
8.089175678837561,8.25575372212403
9.866667954397592,9.993502397918226
8.579980179515003,8.500772136997286
8.446985296372741,8.3812978217071
7.937374696163295,8.253395676427512
9.82752401372909,9.826736166159009
9.266626182986776,8.921726961338436
8.807771066980044,8.48138376127037
8.417814747435958,8.321866336652297
8.51197962436335,8.435008862572206
8.146709052203319,8.204226056903847
8.391176350832751,8.312870828995214
9.636653312597184,9.690231520838426
9.391244257682516,8.924259677086546
9.698061122027076,9.558399299397976
8.779865100863852,8.692079511005437
9.826174449433458,9.819793031608155
9.1801903950253,8.872164334198684
9.983222520554982,9.970576953646535
8.4071550862073,8.448458456544932
9.448727152703086,9.237617749645892
9.362975618399776,9.546434400863799
8.658692753689937,8.528326337636214
9.323222529032856,9.86411555720009
8.77909581088053,8.782689600269741
8.940498217652733,8.76229687174616
8.930890984450878,8.744567861509385
8.81744592104187,8.840287049782809
7.812782818577581,8.09475160206741
8.520786726926367,8.416624839641955
8.07775756373692,8.243395815973766
9.643809676493944,9.642415594214611
9.093806555720231,9.082947418959549
7.763021309018518,8.08256836596874
8.788593431293735,8.536317492496632
9.843684468165376,9.923066699613011
9.488502271043805,9.477614400535826
9.529157673358675,9.789662447708217
7.71333788887187,8.155536780022064
9.40640045488065,9.191854196128306
9.27058845232154,8.88164018449765
8.561401446080557,8.416100829487172
8.952993499320474,9.129191315119018
8.291045131081729,8.318853278262303
9.397815294010933,9.182902355984123
9.48804786328076,9.568530162390418
8.939187601475613,8.891378039874006
7.930206206684683,8.20475006705863
9.42512911890764,9.351109615668989
9.61573881119536,9.463771798947015
8.433594167539924,8.387978951180566
8.795127912413138,8.547234370721247
7.585281078639126,8.045887655134033
9.370331108285123,9.49364037776956
9.708323887728875,9.921538336661566
8.283241441385425,8.198418277688353
9.41058370340406,9.378096138640236
9.80272754938498,9.678703297433232
9.510815266226716,9.67844129235584
9.48105429619781,9.318926658662823
9.333088837235236,9.1041698302282
9.49461665129313,9.234604691255898
9.521714556684753,9.406392686998437
8.740496729931813,8.567889104322218
9.184509611941662,9.065960756442047
8.076515327552329,8.255972059688522
9.940494278165223,9.97952879379072
7.984121958702927,8.183658658328673
9.28785681440401,9.30683075758995
9.569482270478703,9.406218016946845
9.280519206597427,9.695515289899138
9.7473014693468,9.813635912289472
9.18901458526143,9.057008916297864
8.713746330456916,8.506405246161187
9.731631045589936,9.7192704169159
9.379914355947635,9.508137992051848
9.725257613645429,9.821758069688585
9.52755697453028,9.225347178521424
7.9294865233142895,8.215361272692954
8.791638037085997,8.670900767249684
9.528357644224036,9.433641215047077
9.704121561132917,9.921494669148666
9.21642184229205,9.270717724422925
8.17188200612782,8.247631564724916
9.656243400857722,9.713025962571422
9.420439209769585,9.920359313813307
8.915566545710645,8.688105767331677
9.058237593766226,8.878845463672148
9.89197149657488,9.932236877321689
9.146761390333312,8.947796466538817
8.83579236650274,8.813213191785763
9.460320577243952,9.522373601256746
9.28126471031288,9.112597660217602
9.745019231764331,9.672022167959767
9.026417533815254,8.79657586937145
8.52456594574565,8.447890778877252
8.603737792816423,8.503130182693802
9.33846969968671,9.221853777489548
8.642062173462106,8.663826630160134
9.74811946530243,9.644860974936925
9.312626165516932,9.103558485047621
9.38857023586688,9.71673770116779
9.371863806132854,9.345476506505086
9.35573857466554,9.405169996637282
9.317579122645782,8.795702519113481
9.296701537624228,9.463815466459913
9.536762272743896,9.917651928013601
7.662467815200237,8.094664267041612
8.36474106822456,8.339202339272985
8.8023721336499,8.605967175569676
9.0583540149783,8.886618280968074
9.650078074026442,9.707349185894621
8.08301991917133,8.116498023490843
9.092569836241674,8.73421866095245
8.53660358493606,8.464746438856057
8.410053315858335,8.330425169180396
8.140315540159985,8.193221843653436
9.493185766536437,9.237792419697486
9.626349693960018,9.37032332134431
9.605553103619997,9.801365341165004
9.004053937728395,8.845789156408015
9.241257474610904,9.317441963224276
8.802973456578423,8.879500476365626
7.9294865233142895,8.226103480865977
8.550241045462437,8.420292910725426
9.327678864393416,9.262944907126998
8.734077192559303,8.757406110301533
8.000684784514748,8.255972059688522
8.388222810119277,8.388764966412737
9.268703615273097,9.390759717380789
9.506139412529912,9.256569450243823
9.608042089466514,9.745689262219468
9.096947684621092,9.528530720575429
8.052614818815567,8.199422630485017
8.805075243870684,8.900548217582683
9.425209786838147,9.037620540570947
9.365462008843483,9.079628687979266
9.042040056544485,8.970590908271813
8.672828482947686,8.71325825476119
9.533799735803484,9.470714933497868
8.75115798136203,8.745179206689963
8.794824928014517,8.576098596747128
9.199683791787654,8.944652405610126
9.56717530311628,9.505124933661856
9.2557916348801,9.081288053469407
9.33917324381915,9.591280936610517
9.340666633651756,9.4131174839848
9.785266921148695,9.679096305049317
8.453827315794417,8.373350334359582
8.84130362048157,8.807143407492878
8.899457906353966,8.715223292841621
8.882252884889363,8.84596382645961
9.698797679880164,9.832587612887403
8.484049972822984,8.335315930625024
8.973097896282471,8.900722887634277
9.458293602198967,9.330673219632509
9.136047767394327,8.801248293251586
8.231642179973411,8.232129597645963
9.779114097696372,9.886298653752508
7.9865049385539955,8.209378823425865
9.433003808053517,9.839749085002751
9.191972714617998,9.02989139078792
9.105868350379472,9.112903332807893
8.952864141581468,8.896574473908924
9.432122997651051,9.32696148103614
9.67363403969682,9.527744705343258
8.945593270806897,8.792864130775081
9.758288355043923,9.83752204184493
7.650644551436897,8.064315345577183
9.833279657492632,9.953022613461354
9.306740866262498,9.426086735315643
8.702842538302868,8.523522911217384
9.23921933152656,9.666432726308765
9.19786285046507,9.035524499951821
9.59852367284982,9.735514731714128
8.770594329891145,9.180500642774707
9.548454117726653,9.13478075677002
8.954544488386723,8.700682011046434
8.458292083496076,8.43548920521409
9.635673464721814,9.696737980260295
9.772638274111136,9.995729441076048
8.554103545436334,8.666839688550128
9.476313501265748,9.672065835472665
8.069029328774958,8.28042586691166
9.518560095645512,9.295084196620264
9.471242028892997,9.562416710584634
9.205428327615165,9.005524918590579
9.197255132427529,9.514295111370531
9.093918908958932,9.129977330351188
9.172949982757624,8.938233281214053
8.480114183174816,8.48112175619298
9.508814005506162,9.3082281180027
8.181440695719374,8.248199242392596
9.887205719961845,9.989834326834757
8.316300249036848,8.282347237479192
8.106514516255185,8.229465879359157
9.656563472556517,9.850185620585481
9.102086786535928,8.92107194864496
8.562548893137034,8.460467022592008
9.376701909191407,9.10299080737994
7.890582534656536,8.269334318635451
9.484709215365838,9.455300301444712
8.954931860074698,8.939979981729993
8.535622326884605,8.39976917966315
9.867704922396356,9.806212435096734
8.609042845046117,8.51797713707928
9.749403537153412,9.703506444759556
9.554497291355943,9.38565061837167
8.074960359115858,8.26850463589038
9.158731238242952,9.51093271287735
9.197457746145169,8.911858103423384
8.36264243156764,8.489331248617889
8.60611940061064,8.75124899098285
9.47324295306374,9.466479184746719
7.955775781534187,8.142261856100934
9.305104948420606,9.219495731793032
9.542517684314516,9.312158194163562
9.11679862756782,9.761147561785524
9.849189749128278,9.978480773481156
7.57198844937744,8.13016595502806
9.657331226912843,9.562504045610432
9.594854193331416,9.79075413553068
8.136810863675537,8.241168772815945
9.358415490041546,9.552023842514801
9.690541826198364,9.973808349601022
9.848291917068178,9.687349464987127
8.857088135314953,8.910198737933243
8.830396801098097,8.654350779861169
8.74957394808293,8.629154624918757
9.23620303150191,8.883212214961995
8.284504227258497,8.344835448436887
9.86760127397172,9.969965608465957
8.414274137408396,8.380904814091014
7.750614732770409,8.139685472839924
9.808847148382007,9.868351305951242
8.823500727991183,9.060371314791045
9.264260213965612,9.333598942996707
9.388486557359656,9.427833435831582
8.724044745953469,8.633958051337588
8.830835365537549,8.704044409539614
9.649240256170584,9.38848900671007
9.599676098154465,9.77542683850332
9.537267195753865,9.42678541552202
8.987196820661973,8.761903864130074
9.298900548955665,9.38787766152949
8.984568369308281,9.184037711319482
9.168476167877484,9.316655947992103
9.509703949201802,9.492155682331013
9.212238569259265,9.057794931530037
8.987571750367046,8.628412277199484
7.51425465281641,8.044664964772876
9.430840432344976,9.297136569726492
9.065314599925925,8.886923953558364
9.312355297382911,9.333729945535401
9.227295812625597,9.368532953315473
8.9641840463529,8.694044549085868
8.869679374733515,8.640071503143371
9.28859686994195,9.330411214555118
9.406153835618436,9.503203563094322
8.649448770536708,8.421340931034988
8.458716261657262,8.361298100799607
9.916354418242951,9.968087905411323
9.519955154427514,9.374471735069664
8.099857910737585,8.265054902371402
8.071843149609158,8.28697599384643
8.487764380725425,8.413830118816453
8.75384509275524,8.78129223985699
7.79770203551669,8.14972900080657
9.739496952426896,9.475824032506988
8.585599224080298,8.43321849454337
9.330520532232288,9.13050134050597
9.667195436466644,9.598180403648472
9.560010841762033,9.24194083342284
9.989619376165416,9.87686647096644
8.085178748074537,8.270076666354724
7.86403565907245,8.259902135849384
9.654962088618868,9.580844401027784
9.590008925040337,9.92420205494837
7.453561871643373,8.033442413957973
9.650979555092,9.648660048559092
9.935809523998254,9.854421369336633
7.995643604287271,8.316669902617381
9.800734744961298,9.965074847021329
8.875287128108384,8.644307251894523
9.622913491543724,9.759400861269585
9.421411342056125,9.278752546796241
9.286004275897172,9.690799198506106
9.060331104649476,8.837623331496003
7.88193748927207,8.206365765035873
9.620129451564402,9.418750593148703
9.470702633773,9.267355325929742
9.143238568435446,9.211067901803629
9.346181594887597,9.238054424774877
9.546312483555711,9.516522154528353
9.54638394530584,9.382419222417184
7.400620577371135,8.050429076475472
9.745253547271233,9.967127220127557
9.386727689281946,9.487919933579862
9.073374516903025,9.082816416420853
8.27563105457801,8.306713709676531
7.867105500316739,8.184051665944759
9.62450089845157,9.496566101133757
8.92252495730139,8.656315817941598
8.612321536507814,8.584395424197837
9.663833449094929,9.808395810741656
8.659733878198347,8.431864801643517
9.061144065614055,9.204168434765672
9.453286550586572,9.536390872897153
8.889308319842847,8.798715577503476
8.592671652592143,8.466580474397793
9.855557018778578,9.893285455816262
9.53430615650521,9.88511963090425
9.259416209622776,9.59966509908702
9.09683567117936,9.198011315446989
9.47339670460156,9.585866165011106
8.744169388750624,8.651512391522768
8.288785810426928,8.623259510677466
9.274910142625483,9.192552876334682
9.37610901542907,8.925657037499297
9.23815007261545,9.247180934970654
8.85609105525229,8.568456781989898
7.624130585661289,8.037503492657528
8.68946441235669,8.545662340256902
7.7823903355874595,8.060865612058205
9.26823185039196,9.195915274827863
7.67693714581808,8.105624812779126
9.531408863445597,9.335083638435254
9.01942196795671,8.95085319244171
9.14899674173513,8.849413559978586
9.042276686928927,8.615006350739655
8.161375023197486,8.200863658410666
8.846353043314327,8.64692730266843
9.327056171672144,9.318577318559637
9.606293719711752,9.343860808527843
7.821242083523558,8.201562338617041
8.934850340289763,8.984608179912218
7.933079771880415,8.134663708856602
8.723231274827508,8.345141121027176
8.311398278436641,8.316757237643177
8.87360810154911,8.820811339030096
9.953847911875078,9.964681839405243
9.450694960020746,9.376349438124297
9.226508953137769,9.051332139621064
8.47886807709457,8.596141985167522
9.76543165404016,9.923547042254894
9.314430080500564,9.791409148224156
8.137103389639302,8.352084255578031
9.44643963445061,9.034520147155156
9.0617243476474,8.819064638514158
9.13043098874788,9.285433676269705
9.64439293693626,9.685384426906696
9.46691869937663,9.549141786663503
8.881975184248867,8.697013939962963
9.452187908084165,9.304953054535316
9.50024497278106,9.352244971004348
9.309370895439136,9.065742418877555
9.473857817428666,9.228054564321129
8.720460512725655,8.508064611651328
9.291643823040218,9.16482400564416
9.927008747577474,9.794160201536759
7.869019376499023,8.140034812943112
9.268703615273097,9.173470173198055
8.901230352110781,8.797580222168115
8.39795910349254,8.42356797419281
9.144414221860016,9.056703243707574
9.444779883032243,9.462592776098756
9.379576689221482,9.246001912122397
8.525359754082631,8.434746857494815
9.62970838525334,9.77088541716188
9.403849118160702,8.996573078446396
9.18594521514146,9.260106518788598
8.6164953924901,8.5060122385451
9.327767788852148,9.347485212098416
9.771098364490385,9.82900687682973
8.717518372649767,8.620726794929354
8.506940814951886,8.489505918669483
9.768240403128102,9.85363535410446
9.162409838218633,8.968538535165585
9.676022175572896,9.915861559984766
9.307557822691544,9.118798447049183
8.560635749259074,8.591862568903473
8.518592212329946,8.614133000481687
8.933400396056303,8.737013381777953
9.030615441029497,8.691555500850656
8.676246121270838,8.516186769050442
9.711660965727868,9.722196140280097
9.577618898699106,9.252028028902384
9.227197489042606,9.32726715362643
8.700181192753353,8.79120476528494
9.018332049592685,8.68858610997356
9.6822172456036,9.80940016353832
9.670483041375045,9.678834299971927
9.630825446840731,9.833984973300154
9.147720009994517,8.969193547859062
8.177515823846075,8.306713709676531
9.163877497565842,8.846924511743374
9.02725852623582,8.85640036204234
9.57519179719905,9.548181101379736
9.32349046990884,8.85129126303322
8.129469764784231,8.281124547118035
9.20079495913265,8.779982214470037
8.236420527265391,8.215011932589768
9.167537249650874,9.460322065428036
9.834458966125691,9.802195023910075
8.133587417660966,8.21208620922557
9.476390144300847,9.354690351726662
9.3492323708428,9.287966392017816
9.984237702221238,9.996340786256626
7.763871287820222,8.126235878867199
8.791029857045965,8.950023509696639
9.224736252259914,8.79971993030014
8.917176635955164,8.973996974277892
9.431401757086068,9.196220947418153
9.70649895869877,9.579185035537643
9.76336304444196,9.616608094091623
9.523982546097496,9.496697103672453
9.669219856718984,9.35106594815609
8.063692634269517,8.27732547349587
8.54188580400661,8.446449750951603
8.9850695596458,8.954346593473584
9.734358589528156,9.728877269753562
9.03788993497749,8.793519143468558
9.290998274993637,9.022904588724167
8.757311846936409,8.567321426654539
8.896588071791218,8.813649866914748
8.939056445334039,8.70190470140759
7.655864017616056,8.08169501571077
9.070733417589766,8.710288863884095
9.653422343655654,9.604337522967155
8.907070776182689,8.724699143140587
9.613736674915236,9.638398183027954
7.315218389752975,8.034272096703043
7.698029170272805,8.102568086876234
9.50873980776916,9.447309146584296
8.681181041521688,8.546928698130959
8.262042843966942,8.320425308726648
8.059276223305648,8.199684635562408
8.83811659764782,8.675791528694312
9.461721464701633,9.693986926947693
10.091956839916318,9.861320836374588
9.09459276343187,8.799763597813039
8.432070937999402,8.278853836447315
9.181940897454483,9.137400807543928
8.20631072579402,8.253570346479107
9.76818316050523,9.885861978623524
7.721348612617949,8.051258759220543
9.55958780008612,9.815775620421496
8.341886969516187,8.317412250336655
9.471627133068433,9.74420456678092
8.042699496897637,8.238592389554935
9.117127990254003,9.025655642036769
9.601165503344832,9.769007714107246
9.746365796763916,9.79158381827575
8.903135633035538,8.622080487829207
8.96610085736724,8.878758128646352
7.801800401908973,8.082393695917146
9.33706112475534,9.356393384729703
9.741027444837728,9.838832067231882
8.705331133531631,8.637844459985551
9.264733855806517,9.67534089894005
7.898039690764619,8.145580587081216
9.021356672308675,8.60181876184432
8.991686725934825,8.676795881490976
7.86940171257709,8.149903670858164
8.809713540508268,8.51513874874088
9.529884417576708,9.667524414131226
8.701346403039162,8.501645487255255
9.060447282401563,8.980940108828747
9.77826440778205,9.564294413639267
8.712595487748722,8.531863406180989
9.532206456208034,9.323206074926873
8.557374981049069,8.566055068780482
7.688455356549944,8.10807019350144
9.035867930125628,9.147094995407386
9.440816970657185,9.481893816799875
8.722742874329398,8.521208533033764
9.689922976002242,9.893372790842058
9.385637313833174,9.64896572114938
9.48531707193041,9.894901153793505
9.220488703027998,9.25949517360802
8.21959545417708,8.30963943304073
8.168202930236053,8.165492972962914
8.183955717304954,8.30278363351567
9.395823592107716,9.17421252091733
9.716736198662788,9.654904502903571
7.671360923190644,8.132130993108492
9.131838143821223,8.871509321505208
7.520776415062797,8.087764800003656
8.151333337900432,8.201212998513853
8.62604759632832,8.715921973047996
9.614871710924255,9.49704644377564
9.112396727646056,8.698716972966004
8.936166649549195,8.883255882474893
8.042699496897637,8.19082013044402
8.849083518532339,8.560902302258464
8.15478757276852,8.341254712379213
9.51044496442652,9.737654439846152
9.367771379925012,9.363947864461135
9.635608107380529,9.480802128977412
8.988570876215118,8.688455107434866
7.846589975291186,8.239989749967686
8.057694194815587,8.222348074756708
8.81936971001847,8.730070247227097
8.721928343047091,8.83290724010297
8.76201995356159,8.538020525499672
8.332548939252638,8.316669902617381
9.18594521514146,9.04718372589571
8.491670234185152,8.319988633597664
9.399306471488806,9.98324053238709
7.89989532313973,8.166278988195087
8.300280189852664,8.269072313558059
9.118444357271644,9.065698751364657
8.716535732544495,8.737231719342445
9.740085880594684,9.738047447462238
8.668539943910762,8.609460576601553
9.108418382250798,8.870373966169847
9.733232896960311,9.61241601285337
9.60541838719786,9.90437700409247
8.266421472984554,8.302477960925382
9.35547913764242,9.59114993407182
9.674137279312395,9.651280099332999
9.135401285311689,8.841815412734254
8.456806041401142,8.422781958960638
8.495560891289124,8.341211044866315
8.772765209949785,8.622386160419495
7.791935956938058,8.145274914490926
8.74257423767064,8.563478685519474
8.997394645638419,8.87600707533375
7.614805364711073,8.10776452091115
8.889032571874742,8.483130461786308
9.25301664625662,9.323337077465569
9.565774546478782,9.611892002698589
8.614501373883236,8.509025296935095
8.673855001429615,8.580203342959583
8.24143968982973,8.347280829159201
7.682943169878292,8.11942374685504
8.234830280442056,8.384048875019705
8.552946361122055,8.399026831943875
8.763740720509464,8.605705170492284
8.77786371462117,8.548762733672692
9.371182897093012,9.286874704195354
8.950792138768174,8.919106910564528
9.549095714611964,9.790404795427492
8.004365564979574,8.22937854433336
9.282102738203074,9.13141835827684
9.311813340906816,9.044476340096006
8.996899596123358,8.647625982874805
8.573951525234847,8.545094662589223
9.291274989472182,9.013559740963895
9.684273769557766,9.56027700245261
7.410347097821024,8.064359013090082
8.052296499538647,8.255797389636928
9.62970838525334,9.921014326506784
8.858510813033927,8.466842479475183
9.05730573580712,9.483334844725524
9.719624808723344,9.63569079722825
8.388905171114706,8.301866615744803
9.73678340663725,9.975162042500873
9.259796980688776,8.940984334526657
8.282230063296685,8.317324915310857
7.020190708311925,8.058332896310095
9.11690842718363,9.242988853732403
9.772809228894012,9.898307219799584
8.932344569113823,8.85046158028815
9.301459965343666,8.96753418236892
9.761923988214342,9.97782576078768
8.610136937058975,8.460510690104906
9.418248450647615,9.758920518627702
7.984462732262196,8.107022173191876
9.575400065449308,9.74817831045468
9.474318717728728,9.156483510680554
9.214232786691529,8.921377621235248
9.289243969571649,9.019847862821274
9.340403256274351,9.263337914743085
9.561138078742038,9.306001074844879
9.10719961305667,8.737886732035921
9.299632479454944,9.334428625741777
8.569216219483389,8.519287162466233
9.455636727931523,9.478706088358287
9.855242239908131,9.929005481367202
8.215276958936633,8.209160485861373
9.05963375455148,8.713127252222495
9.799958691707271,9.745514592167876
9.102309627762478,8.810418470960263
9.456497077599392,9.147051327894488
9.53119122769444,9.273294107683933
9.741556685389908,9.809487498564119
8.773539383558166,8.768890666193828
8.053251153549096,8.204793734571528
9.683090226889943,9.403161291043952
8.573573524852344,8.46780316475895
7.945201132412759,8.304486666518711
9.449042262206245,9.449754527306608
7.998671361015776,8.180296259835492
8.264105763728956,8.326713430584027
8.860782895806315,8.67557319112982
8.24380842366528,8.27501109531225
9.917439766154132,9.754379097286263
9.757362911053992,9.684467409135829
8.47886807709457,8.4153584817679
8.85352256068954,8.645093267126695
9.050288983827956,8.910941085652517
9.692581318886395,9.978175100890867
7.8655717576847906,8.16247991457292
7.895808377083183,8.160340206440896
8.51057131510735,8.384878557764775
9.805874723669127,9.67337586085962
8.4069317971587,8.578281972392052
8.426173793029069,8.342433735227472
9.746248776109637,9.678703297433232
9.874573542371486,9.988480633934904
8.977398978181862,8.799283255171156
9.37982994995476,8.981202113906138
8.812545770172237,9.12002113741034
9.151863442217207,9.143208586759423
8.39840965542627,8.307936400037688
8.916774356365426,8.686490069354434
8.17695386822578,8.250164280473026
9.570389616553864,9.488967953889425
9.273033441314606,8.96749051485602
8.9085593751449,8.7186730263606
9.316230747233616,8.983079816960771
8.710619527942297,8.563697023083966
9.188503677367008,9.184474386448468
9.105535257610056,9.120545147565123
9.097171673870545,8.743956516328808
9.505469645063013,9.745208919577586
9.666371843655035,9.650756089178218
9.664341643744413,9.779138577099689
8.006700845440367,8.151868708938595
9.40582491529642,9.306044742357779
8.928242677818302,8.864959194570439
8.001019961323651,8.200601653333276
9.37974553683691,9.680581000487866
9.897670667214562,9.92083965645519
9.365975663507632,9.568399159851722
9.459073694289389,9.443291735397636
7.349873704738337,8.067197401428482
9.587406005562649,9.739226470310497
9.286467732363734,9.524251304311381
9.403766708502244,9.670493805008322
8.906664409770052,8.877884778388383
8.992184362173012,8.703869739488022
9.202912856147384,9.375039412737344
9.541656481448024,9.326393803368461
8.445911989411274,8.254400029224177
9.805157818462918,9.948000849478031
9.263975921142093,9.069104817370736
8.741136422901011,8.529811033074761
8.339500903005945,8.267543950606614
9.560574619084928,9.479142763487271
8.953510763007166,9.07692130217956
8.62604759632832,8.582998063785086
9.428591977209964,9.869355658747907
9.232297539328226,8.970983915887897
8.955964118230874,8.613827327891398
9.4181672191785,9.247748612638334
9.548382803766913,9.322813067310786
8.691986481789401,8.440379966658716
9.363490551469855,9.586128170088497
9.03013657115323,9.083995439269112
7.602900462204755,8.033267743906379
8.722742874329398,8.505662898441914
9.604070223865929,9.905075684298845
9.739438040529622,9.994113743098804
8.889583991794973,8.681686642935604
8.099554282376364,8.230426564642924
9.543879740512756,9.572372903525483
7.756195343948118,8.21833066357005
9.785323194185484,9.997825481695173
8.477620416296414,8.427105042737585
9.057072635572965,8.926748725321758
8.826587830773668,8.632298685847447
9.165970424240244,8.892600730235163
7.468513271496337,8.064184343038487
8.226305988015508,8.374922364823925
8.053251153549096,8.141388505842965
8.131236549696116,8.29514181875844
9.654064192201435,9.752108386615543
8.09712193091871,8.1517377063999
8.628376720376853,8.462606730724033
7.837948916025283,8.244007161154345
8.567886305731756,8.457017289073029
8.097426298597213,8.237500701732474
8.087025470667701,8.18689005428316
8.89918494333876,8.838234676676581
9.22276289197474,9.080283700672743
9.427948631791716,9.779575252228673
8.860924729719041,8.807754752673457
9.40878131065002,9.150457393900567
8.655214489313613,8.496449053220338
8.164794804244766,8.231911260081471
9.296701537624228,9.263512584794679
9.217713126305595,8.947578128974325
8.37816098272068,8.259290790668805
8.767640577257792,8.52278056349811
8.048468743668883,8.301167935538427
7.999342952713282,8.184357338535047
9.433563920090563,9.799880645726457
9.834619673237327,9.96931059577248
8.892199092039693,8.834522938080212
7.813995675002791,8.136235739320947
9.162095059348188,8.967577849881819
7.789454566086673,8.16047120897959
9.9122490582047,9.861146166322996
7.818832443803404,8.09614896248016
9.54574060563606,9.98804395880592
9.60642831827175,9.735820404304416
8.52377150677636,8.51854481474696
9.89636222759354,9.886429656291204
9.591102867443976,9.88311092531092
9.51148146411212,9.6002327767547
7.829630389150193,8.15540577748337
7.442492722794441,8.03518911447391
9.718241724224926,9.697917003108554
9.446518601560848,9.749488335841635
9.80173164358174,9.691628881251177
8.210124405164267,8.218155993518456
8.910315776326016,8.929106771018276
9.7957352900419,9.90944243558869
7.504942068396171,8.055538175484593
8.618846845142738,8.435358202675394
7.520234556474628,8.079948315194832
8.946505025998682,8.705485437465263
8.045267716607803,8.192916171063146
8.35490952835879,8.273744737438195
7.907283609426348,8.152916729248158
9.377294451639017,9.097576035780532
8.829665432675236,8.593565601906512
9.206834232646894,9.033253789281101
8.919988070968524,8.840330717295707
8.069968149059841,8.272696717128632
8.60061479955531,8.374573024720737
8.063692634269517,8.171344419691307
8.666130304190608,8.53662316508692
8.75605259917045,8.626141566528764
9.063810579280286,9.183906708780787
8.861350110795998,8.67076976471099
9.07383312732152,8.759109143304572
9.53942826848658,9.310935503802405
7.437206366871292,8.134314368753413
9.59458184363272,9.271547407167995
8.568266461600238,8.787929701817555
9.010547069270189,9.051288472108165
8.133293861222633,8.207413785345436
7.590852123688581,8.039643200789554
9.58107599956325,9.745427257142078
9.62476522145582,9.449929197358202
8.81001204797317,8.694088216598766
9.822602823795664,9.92031564630041
8.70251025718999,8.515051413715081
8.906257878156621,8.7696330139131
9.270211769013573,9.429056126192739
8.688790784847216,8.420380245751222
9.163143937145207,8.952861898035037
8.818630229100354,8.782689600269741
9.197255132427529,9.103733155099215
8.846209127360996,8.631643673153969
9.54873932271967,9.373598384811695
7.7057128238944275,8.070297794844272
9.740792136877351,9.769881064365215
9.37007543009734,9.04098293906413
9.40178683654714,9.718790074274018
8.029107054619736,8.177108531393904
9.896311868787032,9.986908603470559
7.632885505395133,8.113310295049255
9.179674957665297,8.95731598435068
9.428913494775632,9.444208753168503
9.441690159837492,9.139234843085664
9.245804036251752,9.031769093842554
9.325542301664866,9.121156492745701
9.34145634983372,9.230194272453154
8.087640287778983,8.187326729412144
8.669399124305569,8.525094941681727
9.874727930864704,9.695078614770154
9.533148246403336,9.70311343714347
8.427487278331744,8.402345562924157
9.081369990679224,9.40521366415018
9.134322885552267,8.886967621071262
7.849323818040561,8.102306081798844
9.43340392009022,9.443641075500825
8.09132127353041,8.315752884846512
8.660080678964786,8.444135372767985
8.687610843707368,8.538020525499672
9.337237305164534,8.913866809016714
8.393216011596527,8.418939217825573
9.552013346996567,9.630974705835216
8.684401110400144,8.390249661851286
8.391629968440892,8.32575274530026
8.344742754417545,8.598412695838242
9.21522840604896,8.990896301769595
8.35608503102148,8.315752884846512
9.30782999325344,9.36892596093156
8.169053149927343,8.392171032418817
9.699349742461278,9.59852974375166
7.57095858316901,8.047241348033886
9.527192821727745,9.425737395212456
9.700575458126163,9.954900316515989
8.618485442898109,8.511863685273495
8.88447171813916,8.932774842101747
8.2482674474469,8.224400447862935
8.664578178329295,8.441995664635959
9.321076413570848,9.17700724174283
9.432523462195268,9.411065110878573
7.807510042216193,8.20300336654269
9.290721483922995,9.136440122260161
9.043458999670106,8.872644676840567
9.64439293693626,9.95769503734149
8.484256691169973,8.563740690596864
9.600759521879077,9.722152472767199
8.940629184845639,8.75465505698893
8.031385330625534,8.13413969870182
9.63161321028986,9.749968678483517
9.262363400043334,9.096571682983868
9.56591471047088,9.866779275486897
9.51951481976606,9.458706367450793
8.676416696964216,8.589504523206955
9.31271643859305,9.128667304964235
9.28312604170183,9.347266874533924
8.988695696785708,8.772427734738603
9.594513744616725,9.80036098836834
9.459073694289389,9.428095440908972
9.442404020664952,9.04945443656643
8.914894908906568,8.696708267372674
8.639410824140487,8.724917480705079
9.350623917423238,9.493727712795357
9.41954725755152,9.433597547534179
9.575816471867984,9.522504603795442
9.55831760021172,9.799924313239355
9.68178046900788,9.534644172381213
8.36730010184162,8.374267352130449
9.066008001086264,8.839282696986144
9.81093357092552,9.741191508390926
8.708309295891688,8.590770881081012
8.161375023197486,8.299595905074083
9.204020443231364,8.818409625820681
8.702344075220351,8.345708798694856
9.166910814048848,9.013952748579982
9.311271090554625,9.191417520999321
8.405591014834934,8.36033741551584
9.085230560933338,9.163601315283003
9.357897936333798,9.623289223565086
9.62066034281053,9.978873781097242
8.361708288575842,8.506754586264375
8.947806093057054,8.853649308729738
8.859931469616097,9.28359964072797
9.56416124693201,9.477876405613216
8.706986763048892,8.572823533279744
7.564757012905729,8.05138976175924
9.898977397058244,9.71049324682331
9.168788944817948,9.098056378422415
7.527255919373784,8.052175776991412
8.708639655987193,8.588019827768408
9.152923101106232,9.215434653093475
7.970049304976135,8.237457034219576
8.181440695719374,8.258155435333444
9.686512437242294,9.88424628064628
9.680156483641596,9.91145114118202
8.605020901781758,8.496580055759035
9.506957408485542,9.76861470649116
9.375176614429115,8.984127837270334
8.62191350218664,8.692035843492539
7.67368812926773,8.10213141174725
8.927314111060596,8.826138775603708
8.059592328887545,8.250819293166504
8.21959545417708,8.389769319209401
8.584477938221834,8.37256431912741
7.935945103353701,8.512213025376683
9.476466781462246,9.557962624268992
8.523374050491318,8.573915221102206
9.581421053222517,9.550975822205238
7.909489492673759,8.12758957176705
9.568853625188556,9.241809830884144
8.751474487140904,8.616753051255595
7.578145472419466,8.050341741449676
9.34469642447526,9.710362244284616
9.337589572891646,9.4273094256768
8.267448958304849,8.294705143629455
9.938661627543782,9.887215671523375
9.749753452594089,9.718309731632134
9.955605506798234,9.980795151664775
7.5595594960077,8.069555447124998
8.0925452638913,8.313394839149996
9.347838885161815,9.038100883212831
9.543593145970425,9.823548437717422
9.69066555029379,9.692589566534942
8.607399459302387,8.572037518047573
9.322418275381532,9.178797609771667
8.729397122692061,8.718192683718716
8.514589805546123,8.73989543762925
9.164401140034736,8.786183001301618
9.91214992561478,9.910708793462748
7.436617265234227,8.049162718601417
9.897519780756337,9.950446230200345
8.982309899088579,8.656708825557685
9.449199779730396,9.277529856435084
9.467769401256945,9.974288692242904
9.343909263897595,9.568661164929114
9.369052063131004,9.051899817288744
9.704792681624228,9.651192764307202
8.45553053102413,8.352782935784406
9.515985144802135,9.547613423712056
8.907747686788648,8.70308372425585
9.542589417753089,9.446392128813427
9.246286498749653,9.268709018829595
9.610189741298711,9.818395671195404
8.423541635334782,8.342390067714573
9.231906149890744,9.021769233388806
8.941807118363164,8.986835223070038
9.369052063131004,9.2317226354046
8.762176509334903,8.8150035598146
8.469052816088302,8.440772974274802
9.06357899058078,8.888146643919521
9.061492275239766,8.784436300785678
9.636588019266876,9.444470758245895
8.48528964240323,8.676839549003875
8.821437352166997,8.524221591423759
9.21959739323886,9.238534767416759
9.52821211559102,9.947214834245859
9.321255432547336,9.373118042169812
9.588639812011577,9.221504437386361
8.660600654710967,8.573740551050612
9.345745008982384,9.080676708288829
8.16735198705607,8.238679724580733
9.028698584086984,8.917491212587285
9.168058979719577,8.725135818269571
7.916807490937603,8.089205827929305
8.625509334899697,8.458458316998678
7.516433302915632,8.06610571360602
8.374476889214643,8.57832563990495
8.912473274466036,8.844566466046858
8.489616423646003,8.514658406098997
9.85644835453034,9.752239389154237
8.71292443512011,8.911334093268602
8.67265729404031,8.476580334851539
8.847934753328465,8.910591745549329
8.904086913938967,8.783169942911623
9.079092085366227,8.76574660526514
8.031710375322042,8.19872395027864
9.33600338997184,9.18866646768672
8.30943074214033,8.357193354587151
9.758172721371269,9.812718894518603
9.016876974763385,8.990415959127713
7.662467815200237,8.086498442129601
7.906178840394815,8.128113581921832
8.676075516476429,8.407498329446177
9.74143910058173,9.549316456715097
9.422301633887823,9.229801264837068
9.351579483668909,9.267049653339454
8.35772841676521,8.327281108251706
9.11866358340428,8.735790691416796
9.014447135152134,8.694568559240649
7.942362237674335,8.245622859131586
9.126958763037132,8.886356275890684
7.722234744709607,8.077109926856432
8.556029215201436,8.420816920880206
9.671744632408457,9.589577903607475
7.769378609513984,8.099205688383051
9.477156251746578,9.240892813113277
9.54072267395999,9.638136177950562
9.411810747608898,9.947302169271657
8.266678443305896,8.424790664553967
9.69486308732112,9.3337736130483
9.029417836095936,9.030764741045889
8.818926087090677,8.60330345728287
8.409385238781931,8.367542555144086
8.815963560853438,8.87989348398171
9.644652054641927,9.87376607755065
9.457512901089752,9.313773892140805
9.829248802600596,9.976603070426522
8.419580362549237,8.256234064765913
9.40137386937216,9.30766044033502
8.633908991112198,8.42553301227324
9.108971877587894,9.312900541882836
9.827685839119846,9.849530607892005
7.723120092266331,8.117808048877796
8.80056599227992,8.589548190719855
9.371778717853712,9.074082913841162
9.032886946579088,8.835265285799487
9.456027887725288,9.50582361386823
9.72136597574484,9.71223994733925
7.829232537543592,8.219553353931207
8.125926802707886,8.265578912526182
9.717338680907789,9.972803996804357
9.648530784697051,9.289189082378973
8.825412915085566,8.73705704929085
9.13270310224903,8.831946554819202
9.385637313833174,9.59141193914921
9.522446728338489,9.348838904998269
9.386308454797962,9.73940114036209
9.682092471756036,9.59595336049065
9.14452103093889,9.001420172378124
9.13399913871946,9.183164361061513
9.753826777981722,9.726693894108639
8.781248333236862,8.822907379649221
9.840281476632336,9.685122421829305
9.401456476451632,9.204299437304368
9.291090521661292,9.042205629425286
8.069655306886165,8.229465879359157
8.155649270366002,8.310949458427682
7.667158255319148,8.190383455315036
8.281723990411392,8.253701349017803
9.682840881420503,9.954201636309612
9.597845154707354,9.828002524033064
8.745921121024347,8.656184815402904
9.264354960282422,9.225128840956932
9.65975856761281,9.934944263121391
9.510667161961042,9.49617309351767
8.747352077624353,8.656708825557685
9.858803944909488,9.995030760869673
9.333354147871328,9.255390427395565
8.246171559857563,8.290644064929898
8.474911799159631,8.387236603461291
9.227885551191932,9.202072394146546
9.684522758043336,9.607918259024828
9.823903073193286,9.835382333712904
9.418085981110297,9.680362662923374
9.023408202624545,8.670071084504613
9.436280010592396,9.246831594867468
9.748528212497986,9.735602066739924
9.218110109240545,8.919980260822497
8.1797604936999,8.197108252301398
9.48804786328076,9.281983942750728
9.890098315417111,9.856692080007353
8.239857411018601,8.26138683128793
9.41531995266272,9.317398295711378
9.35539264367532,9.101462444428496
9.330077053578515,9.254386074598902
8.964439833539357,9.075480274253913
9.81170115690542,9.91546855236868
8.436416881388949,8.429987098588883
9.544810605926722,9.242595846116316
9.52002852469058,9.609271951924681
9.290352309945568,9.449012179587335
9.161255164285691,9.031987431407046
9.26407069439715,9.070807850373777
7.628031126930335,8.14999100588396
9.574219304763416,9.589184895991389
9.158204617555654,9.277267851357694
9.31154225248515,8.869544283424776
9.367429587218956,9.437745961259532
8.807471889715284,8.6817739779614
9.342245442856122,9.350847610591597
9.319194776888263,9.613900708291919
8.443546651247939,8.371778303895237
8.776321456449958,8.578369307417848
9.80128870021588,9.77062341208449
9.187890243138591,9.016179791737803
7.556427969440253,8.058813238951977
9.809121926500406,9.810142511257595
9.716856724154075,9.992891052737647
9.596282813595485,9.924376724999965
8.224967478914584,8.278810168934417
8.6278397115033,8.471252898277928
9.500544261971474,9.521063575869793
9.273033441314606,9.09792537588372
8.429017500512511,8.548238723517912
9.490695669041504,9.845251191627955
9.582868979838082,9.635821799766944
9.571505221187769,9.228884247066201
8.078067881815437,8.138593785017463
7.767687277186908,8.074533543595422
9.304741047397666,9.244910224299934
8.118207049405783,8.323962377271423
8.73985662749357,8.52221288583043
9.602855320908718,9.813635912289472
9.669662152875055,9.909398768075793
9.619000370980867,9.541063296777287
9.722864552377755,9.532722801813682
8.903951072058707,8.989979283998728
9.631285050932734,9.587525530501248
9.15324077993561,8.913604803939322
7.466799475018602,8.05785255366821
9.666181687409416,9.61018896969555
8.713746330456916,8.688411439921966
8.420021279663963,8.447192098670875
8.009363076630045,8.245753861670282
8.017966703493599,8.242784470793188
9.740439071085758,9.58494914724024
7.947678571301568,8.147807630239038
9.535173710058755,9.459492382682965
8.68050180902826,8.762122201694567
9.830325286907144,9.558224629346382
8.84980082722101,8.554614180401087
9.66997795897274,9.525430327159638
8.913011922472597,8.675398521078225
9.227787285579904,9.103209144944433
9.563248229345673,9.47237429898801
8.210939733379021,8.257500422639968
8.591001118560957,8.409419700013709
9.359966545931997,9.179365287439348
9.61587214452889,9.591673944226603
8.163086375583216,8.306844712215227
8.81640849968169,8.723607455318126
9.461099090323366,9.065786086390453
9.520541965857834,9.556783601420733
8.863615758890619,8.562561667748607
7.71333788887187,8.115843010797365
7.649216319820633,8.037066817528544
7.918264686095274,8.171650092281597
9.71317414581262,9.891189415197136
9.302554855963994,9.155872165499975
8.073402968986406,8.326757098096925
8.57772369115627,8.650027696084221
9.37737907190562,9.46329145630513
8.819517540604888,8.689372125205733
9.812413388136733,9.847259897221285
8.857372832825773,8.707712480623085
9.660778845727078,9.7107989194136
9.58465875108751,9.799618640649067
9.53957217408476,9.1948672545183
7.653969180478774,8.077109926856432
9.469159899742865,9.817434985911637
9.1821466376054,8.84168441019556
9.734358589528156,9.89642951674495
8.685584842676693,8.545618672744004
9.472781556562168,9.536914883051933
8.646465527120377,8.586753469894353
9.178333575841096,9.117270084097738
8.9641840463529,8.696839269911369
7.835579246669965,8.092262553832198
9.57073837671504,9.687960810167706
9.751268339558615,9.576608652276633
8.906122330884303,8.672516465226927
8.843903650835497,8.69823663032412
9.263596738276616,9.156396175654757
8.751790892775563,8.609373241575755
8.688285266258644,8.481514763809065
9.670798588378387,9.864857904919365
8.42222295382501,8.509942314705963
8.441822884391462,8.579941337882193
8.479283618343016,8.355359319045416
9.8772462413309,9.637219160179695
8.763428073953845,8.742690158454751
9.223848722000977,9.046790718279624
8.178919332848396,8.318416603133318
8.827614750837508,8.67784390180054
9.696340374306518,9.917695595526501
7.86172707782398,8.197588594943282
9.060447282401563,9.262551899510912
8.672314828283538,8.708804168445548
9.550662331752145,9.442593055191262
9.531263778207766,9.772937790268108
8.12415060330663,8.360992428209316
9.116249448576587,9.008013966825793
9.704426671737876,9.709008551384763
9.66662532908098,9.6597515968353
9.649369196922487,9.997432474079087
7.883823214892152,8.210470511248326
8.659213451436667,8.568194776912508
8.690810307580046,8.734087658413756
8.350902451694811,8.2452735190284
9.270870871716214,9.166134031031113
9.379323364330956,9.326568473420053
9.036819971135296,8.898757849553846
9.360741172643708,9.068973814832042
9.438192819018129,9.926341763080396
8.58466490653125,8.450030487009276
8.726967774991493,8.548151388492114
8.964439833539357,8.652123736703347
9.136155473786806,9.089890553510404
9.474395513796807,9.529316735807601
8.030409562130485,8.24754422969912
9.717459133810848,9.540364616570912
9.405989388981,9.405126329124382
9.351405812254786,8.981900794112512
9.668587665523315,9.724204845873427
8.629449873761905,8.520335182775796
9.000236434169777,8.760812176307613
7.685703061234547,8.075843568982377
7.48324441607385,8.054839495278218
9.335121088873487,9.372943372118218
9.117566971823829,8.936180908107826
8.757154527656606,8.590203203413331
8.033009498596668,8.188767757337793
8.482187582217422,8.466143799268808
9.663833449094929,9.549447459253791
8.690810307580046,8.488326895821226
8.971575439759016,8.697188610014557
9.69744690912158,9.484994210215666
9.777357275391916,9.74420456678092
8.633731007664188,8.456274941353756
8.734560089952993,8.822208699442847
8.183118079394745,8.342346400201675
9.888475432415625,9.986122588238388
8.513385953073284,8.688979117589646
9.48402493478411,9.701279401601735
8.801619971147346,8.55195046211428
8.904901577935142,8.828802493890514
9.276596167753247,8.875133725075779
9.703999490820264,9.858395113010392
9.330077053578515,9.03133241871357
8.867427438524983,8.957752659479665
8.744966011114109,8.500029789278011
8.537387898701757,8.572779865766845
8.950662495933999,8.759807823510949
9.512664721164834,9.238622102442557
8.34972083747249,8.3501628850105
8.741615924228828,8.558238583971658
8.294549515143679,8.324311717374611
9.57289797907307,9.799574973136167
9.71420180194054,9.603944515351069
9.804881948782006,9.654860835390673
9.511703431483827,9.437090948566055
8.579416534596369,8.43348049962076
7.870165946469845,8.127240231663864
9.452423433109788,9.267398993442642
9.018332049592685,9.017926492253743
8.54752839121231,8.329813823999817
9.057771773331575,8.918189892793661
8.190354403763262,8.304311996467117
8.522379718103538,8.508064611651328
8.242229891372231,8.319289953391289
8.545391845774915,8.40343725074662
9.323847612769775,9.35333665882681
9.741321501945738,9.83097191491016
8.119398589612294,8.23841771950334
8.161089512845797,8.261910841442713
7.808323050391055,8.263744876984449
8.706159290928861,8.51767146448899
9.149209371971953,9.090807571281271
9.865058525916346,9.724641521002411
8.955577146281511,8.823387722291105
9.705341445395202,9.85673574752025
8.898911905794401,8.915220501916565
9.293853972204,9.377091785843572
9.331141072121888,9.608529604205406
9.223848722000977,9.010852355164191
9.17118365677499,9.00949866226434
8.626764827845529,8.48566317753442
9.0590522577624,8.857011707222918
8.68270762989381,8.675791528694312
9.38857023586688,9.149103701000715
9.222565341598752,9.003647215535945
8.526351129201004,8.384616552687383
9.742731773656734,9.8411901129284
9.036106025364846,8.787187354098283
9.20099685697303,9.055218548269027
9.651429991057276,9.741890188597303
8.291295851905407,8.325447072709972
8.048468743668883,8.312827161482316
8.53856321715243,8.42500900211846
9.597302008519788,9.72071144484155
8.270269111436624,8.426275359992514
9.76703761939823,9.886909998933087
9.609250711113672,9.612503347879167
8.881558488638976,8.678455246981118
9.45383541953829,9.589315898530085
9.821246597152218,9.832805950451895
8.05579245097777,8.073354520747165
9.715047314733996,9.364253537051425
7.71244383427499,8.091432871087127
9.444226019822295,9.734859719020651
9.56626503452421,9.70992556915563
9.448648359810164,9.185697076809625
9.38252741428954,9.082161403727376
9.331584079261546,9.367135592902724
9.720705889909716,9.795601229462408
9.376278449519614,9.296787229623305
9.491828300264636,9.235259703949374
9.698429468768303,9.527875707881952
8.810161268297255,8.738105069600413
8.93022956502072,8.726620513708118
8.672314828283538,8.685311046506175
8.147867129923947,8.20754478788413
9.320807825002154,9.285695681347097
8.911529941736559,8.718542023821904
9.32420462812523,9.278446874205951
9.61700476065983,9.396349159031793
9.20552881497896,8.93264383956305
7.826443135456014,8.19108213552141
8.481773246184977,8.372476984101612
9.38437770918244,9.059061289404092
8.445267451844648,8.312128481275941
8.596743470174246,8.57780162975017
8.278428259199071,8.377193075494645
9.371608519572304,9.660450277041676
9.427465850964827,9.937083971253417
9.378985497953892,9.640799896237368
8.564076777315087,8.410074712707186
8.990566138131577,8.827361465964865
9.795122527858004,9.865469250099943
9.158941808890182,8.799108585119562
8.540909718033554,8.451515182447825
8.632305998516742,8.418589877722384
8.759354748566208,8.757449777814431
8.98682175033189,8.898626847015151
8.71768205216564,8.73675137670056
8.144098463338524,8.31780525795274
8.015987811027237,8.25998947087518
9.51892740510786,9.807697130535281
9.762039188951752,9.988960976576786
9.456653425317034,9.656782205958205
9.236982302922604,9.078405997618109
9.815530273776986,9.838308057077102
8.869398159883518,8.787929701817555
8.631771096123673,8.463829421085189
9.464051924856811,9.278752546796241
9.600759521879077,9.58660851273038
9.241935933565934,9.109977609443694
7.550135342488429,8.10208774423435
9.137877200242468,9.209670541390878
9.506288188844996,9.738877130207308
9.137124309644925,9.017882824740845
9.910264536815152,9.82586281590104
9.57976370873708,9.613420365650034
8.262300941787448,8.35832870992251
9.843843699608612,9.972498324214067
9.520248603186127,9.666432726308765
9.338821533624722,9.399624222499178
9.031094081699155,8.905438979027311
7.906547232368036,8.143222541384699
8.904222737368716,8.786532341404806
9.4758535196569,9.495256075746804
9.040144994980068,9.046135705586147
9.88129306702636,9.979092118661734
9.343209045050608,9.016616466866788
9.115480090952223,8.960285375227775
9.981697813072689,9.968961255669292
9.574636203046277,9.464514146666287
8.94754601503218,8.592473914084051
8.70267641154777,8.52758398991694
8.405367376233981,8.467715829733152
8.865170419651774,8.616491046178204
9.683713318691522,9.423117344438548
9.170247278409738,9.708921216358966
7.787382026484701,8.128244584460528
7.574045005372199,8.051433429272137
8.211482916445066,8.209247820887171
8.99949587624899,9.010677685112597
8.821732380934442,9.174780198585008
8.688116703257823,8.604045805002142
9.166492972195906,8.969542887962248
8.009363076630045,8.137938772323986
9.72913416539135,9.788396089834162
9.579556347409229,9.689751178196541
9.599811590329995,9.641978919085627
9.146974496354362,8.8887579891001
9.394160804893874,9.825993818439736
9.486076373409563,9.262770237075404
9.282754052485227,8.91823356030656
9.379238908437996,9.304210706816043
9.07589427542326,9.023777938982136
9.616471924627508,9.566390454258393
7.6787889981991535,8.046630002853307
8.732627099660395,8.717712341076833
9.632138041371906,9.7532874094638
8.74321260347591,8.48029207344791
8.35490952835879,8.330730841770684
9.682529112127256,9.89559983399988
8.96098117384356,9.054738205627144
8.876125585396185,8.740681452861423
9.21602418844448,9.026179652191551
8.812843433517195,8.596928000399695
8.643825842349603,8.48391647701848
9.33890947277089,9.688353817783792
9.678780279245736,9.742370531239185
8.98632143762602,8.743563508712722
9.424967763522051,9.412811811394512
9.160940021681055,9.40691669715322
8.555259392222693,8.615399358355742
8.712430973476739,8.748192265079958
9.783408132205588,9.701017396524344
9.489259158757807,9.855469389646196
9.490544554572004,9.254517077137596
9.341719450032562,9.2600628512757
8.121480374750751,8.163833607472773
8.064321960910803,8.260731818594454
9.050992878742049,9.100982101786613
9.28720881623276,9.639402535824619
9.154298981092555,8.812339841527795
8.012680929706839,8.248548582495784
7.471932078245122,8.034970776909418
7.738923757439457,8.147414622622952
8.27715777243181,8.267281945529223
8.164225652265827,8.292259762907142
9.35470042248302,9.195871607314965
8.345217926676428,8.346276476362537
8.654691704601872,8.490772276543538
8.654168646443315,8.529636363023167
8.237743803890933,8.283919267943537
9.65598726971718,9.79891996044269
9.169622538697624,8.996136403317411
9.348013177101256,9.471413613704245
8.7417757069247,8.450860169754346
9.142061531222888,9.355214361881444
9.054621796976765,9.082467076317666
9.426660697942268,9.0219439034404
9.354007721788596,9.571324883215919
9.424160595829507,9.430322484066794
7.3938782901077555,8.058027223719805
7.81923445385907,8.063747667909503
9.737728084041152,9.759138856192195
8.694669696546992,8.528675677739402
9.312626165516932,9.361327813687227
9.468619380058648,9.230106937427356
9.727942980021195,9.767828691258988
9.450380370950125,9.191548523538017
8.192570471152173,8.323918709758525
9.18901458526143,9.263818257384967
9.619465440915834,9.597307053390503
7.804659297056102,8.128550257050817
8.539737155851132,8.447235766183775
8.53050420547591,8.404790943646471
7.784889295655098,8.24212945809971
9.39349491507403,9.095742000238797
9.207536444643448,9.2572244629373
8.188966863648876,8.1857110314349
8.091933455979893,8.157807490692784
8.872066513408342,8.595443304961146
9.515100775962717,9.247180934970654
9.0590522577624,8.897360489141095
9.09133158539398,8.782645932756843
8.301025253838453,8.305971361957258
8.9939241414114,8.787100019072485
8.759511722116487,8.531863406180989
9.71456425210761,9.695122282283052
8.966356154790121,8.86233914379653
9.491903763419788,9.424383702312603
9.47500967011889,9.337267014080176
8.681011276645632,8.577277619595387
8.033009498596668,8.32404971229722
8.455104999102815,8.477541020135305
9.467073426283948,9.17648323158805
9.314700387300425,8.906618001875568
9.307557822691544,9.262988574639897
9.18163220783944,8.74107446047751
9.734477009801846,9.469885250752798
8.811503250158239,8.868801935705504
8.481566013773087,8.309770435579424
8.693328989123106,8.49666739078483
9.692704790920136,9.452418245593414
9.452187908084165,9.434601900330843
9.430359045942868,9.553290200388856
8.91139510724569,8.571688177944385
9.59458184363272,9.587394527962553
9.617337639062423,9.808701483331946
8.813289762469037,8.744960869125471
8.492490578775866,8.382433177042461
9.120962560824966,9.052598497495119
9.71522840307542,9.806911115303109
9.053335623166015,8.791423102849432
9.671744632408457,9.60053844934499
9.531843992903474,9.48342217975132
9.228867676590069,9.257442800501792
8.526549286340263,8.46723548709127
8.483843211734683,8.52391591883347
8.53660358493606,8.543129624508792
9.309370895439136,9.2600628512757
9.28489110324048,9.039716581190074
9.417435838868784,9.546390733350899
8.569785641535407,8.387760613616074
9.1834829178063,9.06674677167422
9.293485953062852,9.441545034881699
8.101374671228582,8.228723531639883
8.040768994367578,8.18544902635751
8.157657015196472,8.251998316014761
8.733916174927524,8.573303875921628
9.224834818126634,9.383510910239645
9.628655892063168,9.894857486280607
8.74862232231722,8.467279154604167
8.923324744067562,8.78185991752467
8.738735461363474,8.664874650469697
8.500657222776137,8.351865918013539
8.181160858023409,8.280600536963252
9.057072635572965,8.819894321259229
9.406071615680055,9.150282723848973
9.49046898877305,9.429754806399114
8.975756630519417,8.666621350985636
9.527920994773828,9.809356496025423
9.01881660441743,8.812601846605185
8.70267641154777,8.545269332640816
9.251482315307358,9.045306022841077
9.585140065773462,9.98319686487419
8.542470998600505,8.551426451959498
9.328656598794224,8.924958357292923
8.501063809486354,8.473872949051835
8.064321960910803,8.192785168524452
9.295140973668648,9.29093578289491
9.037295651962438,8.963953446311246
9.446360661104071,9.644948309962722
9.550591175100744,9.700537053882462
9.86104966983816,9.993808070508516
8.158229916959494,8.259683798284891
9.789086292226152,9.908874757921012
9.846917201047734,9.84372282867651
9.950132560359172,9.83891940225768
9.64788537354776,9.616913766681911
7.669028288589683,8.093921919322339
9.601097851212073,9.310935503802405
8.87458787627932,8.674044828178374
8.679482094459956,8.797885894758405
7.935229539816907,8.232740942826542
9.543091407795542,9.414776849474942
8.910045761473558,8.618892759387618
9.245707515813471,9.350017927846526
9.494315582496638,9.429929476450708
9.880065382591637,9.976996078042609
9.675142999429854,9.54294099983192
8.211754397375197,8.26619025770676
8.261009786023827,8.347630169262388
8.81537000096066,8.693214866340798
9.158309963881798,9.40717870223061
9.004791129062925,8.8348722781834
9.406975663409597,9.515867141834876
8.12533508671429,8.28182322732441
9.497247143960212,9.525080987056452
8.82790796297859,8.539286883373727
7.988542982737695,8.104882465059852
9.209540051805414,8.974084309303688
7.837159650001675,8.1573708155638
8.869398159883518,8.649634688468135
9.17636985240503,8.77055003168397
8.519989278718239,8.522431223394921
7.91862865334224,8.170209064355948
9.334061298965942,9.419449273355077
8.593413217327646,8.961988408230816
7.690286020676768,8.079773645143238
8.764209507142004,8.754043711808352
7.491087593534876,8.059948594287338
9.800457652216584,9.739357472849193
9.022201929860664,9.460584070505426
8.201385955238608,8.397149128889241
9.391744841707654,9.703768449836947
9.364519622823858,9.354122674058981
8.759668671029939,8.495444700423674
9.371948887172596,9.143514259349711
9.637110246578176,9.318096975917753
9.50985219618154,9.889530049706995
9.350971501715929,9.526609350007897
8.08825472712243,8.382127504452171
8.98669669562029,8.763519562107318
9.121946221213587,9.2005440311951
9.36700218198956,9.124475223725984
9.588845298501564,9.51464445147372
9.653614941479894,9.755077777492637
9.04192172035122,9.015044436402444
9.651043915510366,9.978218768403766
8.330622620332868,8.352258925629625
8.479698986988657,8.328154458509676
9.582248696555505,9.776300188761288
9.523982546097496,9.275302813277262
9.126850061477157,9.113383675449775
9.517163087955348,9.21215958962609
9.18266080286944,9.286307026527675
9.443038136095204,9.471806621320331
8.491465042843506,8.525094941681727
9.711055051991444,9.544731367860757
8.513385953073284,8.44679909105479
9.780359005054978,9.728746267214866
9.714503852868624,9.877827156250207
9.235032984566557,9.01404008360578
7.938445551164788,8.16195590441814
8.10832229017324,8.232653607800744
9.052633375946147,9.303817699199957
8.654168646443315,8.473610943974444
9.19339765124587,9.39246275038383
7.72356247227797,8.192479495934162
9.13108069099055,9.18779311742875
8.713582005421628,8.520902860443476
9.435960853165286,9.25185335885079
9.442166123673228,9.240936480626175
8.614864218589684,8.601993431895915
9.054154288786854,9.128230629835251
8.881002624255569,8.660071224050867
8.425077902508432,8.472781261229374
9.398146859000708,9.110021276956594
8.60813018640834,8.52221288583043
9.12161844191538,8.856269359503646
9.42706335548747,9.65525384300676
8.32020459757888,8.33365656513488
8.184513753033722,8.302565295951178
9.404508151053818,9.114781035862526
8.743850562030243,8.554614180401087
9.473934648898874,9.417091227658561
9.245031611766112,9.660406609528778
8.001355025826703,8.23588500375523
9.309642573050043,9.20591513528161
8.025189321890835,8.187239394386348
9.08421009483197,8.937840273597967
9.738082108118489,9.99625345123083
8.216628493133443,8.330163164103006
7.904703913873747,8.18461934361244
9.669283053862491,9.757348488163357
9.67155549518884,9.990271001963741
8.524764456912555,8.507453266470751
9.261603665913723,9.096440680445173
9.361859019615093,9.130894348122057
8.557759153162898,8.714262607557854
8.622633703874234,8.398502821789094
9.709356537782677,9.850185620585481
9.026056891868688,8.691031490695874
9.548668029096856,9.770710747110286
8.372629740224884,8.256758074920695
8.955835144218959,8.842295755376139
7.442492722794441,8.084577071562068
9.06820060481506,9.102554132250956
9.685269351744411,9.757261153137561
9.717820405491077,9.85053496068867
8.08301991917133,8.220557706727872
9.354613861132608,9.266394640645977
9.504575923397804,9.298883270242431
9.852194258148575,9.947607841861945
9.049467146388098,8.94626810358737
7.94873845481361,8.163440599856687
9.41556432198744,9.251504018747601
7.894318063841624,8.137065422066017
8.071218539969863,8.175580168442458
9.514289416891836,9.484426532547985
7.384610383176974,8.14772029521324
9.546741177474823,9.644642637372433
7.934871565945177,8.116105015874757
8.89959435992585,8.646708965103938
9.317668949728708,9.282551620418406
9.481969279105716,9.423030009412752
8.334471554600944,8.404747276133573
9.420925394042996,9.69010051829973
9.359018964347545,9.22124243230897
9.16868469670735,9.291241455485201
9.72609383397847,9.521631253537473
9.187890243138591,9.103209144944433
8.792701462936309,8.631687340666868
9.40968291310444,9.050502456875993
9.557328550325373,9.751453373922065
7.862497197230545,8.340861704763128
9.135185698375423,9.001332837352328
8.892336539638013,8.752646351395601
9.56717530311628,9.84542586167955
9.567944883732848,9.533115809429768
9.64523482410835,9.802107688884279
9.364433907313582,9.106527875924716
8.19450550976564,8.301167935538427
9.6899848782586,9.704816470146511
9.51355124604559,9.598922751367747
9.31973274874738,9.068056797061173
8.659039915644474,8.616141706075016
9.941553753342584,9.97896111612304
8.851663425366777,8.622429827932395
9.118225083068378,9.388969349351953
9.380842351964796,9.148405020794339
9.588365764325566,9.398270529599325
8.281470857895167,8.273832072463993
8.848939995030118,8.666010005805056
9.689241798157529,9.608791609282799
8.014666370464942,8.262085511494305
7.988203597022576,8.24950926777955
8.600798775271034,8.398153481685906
9.720225553665117,9.556827268933631
9.133243321591216,8.808191427802441
9.446123703636829,9.244953891812834
9.2681374707024,9.608136596589322
9.225721474014485,9.291896468178678
9.496270911389155,9.413641494139583
9.484937204879309,9.45875003496369
9.221873607789856,8.947796466538817
8.62622695244036,8.399594509611555
8.56845648535378,8.476492999825743
9.207937487359873,9.22006340946071
9.179674957665297,9.114475363272236
7.734121303328305,8.08907482539061
8.821289805136113,8.60836888877909
9.594445640962938,9.668179426824704
9.837828403729851,9.994157410611702
7.99598047476376,8.088026805081046
9.664087578702397,9.96616653484379
9.447702360527948,9.167400388905168
9.673508190212637,9.701235734088836
9.727704572581755,9.67564657153034
9.742614326948043,9.884639288262367
8.425516402844334,8.677974904339235
8.027476530860483,8.273133392257616
8.626944055375356,8.442432339764943
9.589940513889292,9.747741635325696
9.27977314669152,9.700362383830868
7.640603826393634,8.081957020788161
9.344171719609704,9.397484514367152
8.00736706798333,8.217631983363674
9.122710622015209,8.81334419432446
8.989818381366925,8.808890108008816
9.099073559547596,9.269189361471478
9.714080956018943,9.625123259106822
9.152181457802651,8.972206606249054
8.892611378172106,8.564876045932225
8.337827262447915,8.400773532459814
8.498825534058053,8.478894713035158
8.654691704601872,8.45077283472855
8.995040974685022,8.865395869699423
8.433159195806228,8.303525981234944
9.682279626689674,9.691541546225379
9.737078714202225,9.586652180243279
8.865876285425417,8.655617137735224
9.76347807952779,9.604948868147734
9.28859686994195,9.15006438628448
8.516392871245468,8.312914496508114
8.900821604915228,8.525662619349408
8.098338846189057,8.187938074592722
9.30801139914963,9.650625086639522
8.551014739891748,8.42016190818673
8.713253274320705,8.573085538357136
9.167432870964909,8.789589067307697
9.14120463314132,8.859675425509725
9.42633845512952,9.152247761929404
8.335191583433202,8.321298658984617
9.3729692954244,9.545692053144524
9.287116210778231,9.395388473748026
7.711548979629146,8.077808607062806
9.656307423393676,9.65324513741343
9.693075115575647,9.600756786909482
9.44509623861856,9.390934387432383
8.912203841620542,8.631643673153969
9.177300517897985,8.975263332151947
9.0142038261485,8.752297011292413
9.586925780533695,9.539709603877435
9.172223049863057,8.909238052649476
9.465447598495786,9.585080149778934
9.712569148516655,9.607001241253961
9.615938804529582,9.789968120298507
8.215817791832453,8.374354687156245
8.850804195756417,8.639591160501489
8.975630184290507,8.859719093022623
8.22282213081366,8.33199719964474
9.809341694645898,9.75813450339553
9.601030194502194,9.762064579556391
8.712266432135355,8.702035703946287
9.510370887608827,9.244080541554863
8.596928159435091,8.377193075494645
7.6511201757027,8.152087046503087
8.821732380934442,8.499986121765113
8.783396232190894,8.699764993275567
9.011401509358793,8.840374384808605
9.516868732224324,9.465343829411358
9.412709624073916,9.276569171151317
8.544808358449211,8.479768063293127
9.524859098381524,9.23967012275212
9.268986567408916,9.148143015716949
8.784009071186633,8.997359093678568
8.732788324973118,8.545313000153715
8.787372988731876,8.60723353344373
7.980365765111246,8.126628886483285
9.578311275656766,9.524600644414567
9.35409433562088,9.440453347059236
9.15324077993561,8.823475057316902
9.542374201998465,9.693681254357404
9.21542741102474,9.098842393654587
8.9082888855571,8.519549167543623
9.2621735206162,8.890242684538647
9.7990710356157,9.599359426496731
9.06496771896043,8.672778470304317
9.070503426788385,8.908539372443101
9.529157673358675,9.602197814835131
9.449829601826478,9.293031823514037
9.486759252149254,9.355214361881444
9.333442569110169,9.028581365400967
9.266909723464076,9.396305491518895
9.519367998447342,9.424383702312603
8.998136760700307,8.73028858479159
9.669030241321645,9.58093173605358
7.608374474380783,8.082655700994536
7.8009820712577405,8.10776452091115
8.746716349694486,8.559111934229628
9.437157168656688,9.811190531567158
8.806274284781725,8.71945904159277
7.80016307039296,8.131519647927913
8.782936356349264,8.851553268110612
9.436359784035856,9.57276591114157
8.488587934405903,8.521994548265937
9.04852707581358,8.805222036925345
9.36947859331448,9.044389005070208
9.582593345878234,9.507482979358372
9.30546871706776,9.242290173526028
9.57045937831747,9.664555023254131
9.540866393419853,9.55800629178189
9.4929596500855,9.509404349925905
7.949091499830517,8.11540633566838
7.955425088912672,8.113572300126645
9.817875196460204,9.720886114893144
8.338544879988579,8.362302453596271
9.747593687577451,9.767217346078409
9.790206866077162,9.508443664642138
9.293117798433752,9.02369060395634
9.012742727629712,9.326306468342663
8.208764045819667,8.393131717702584
9.062652099076578,8.774567442870627
9.468696615046134,9.321372039385137
9.533799735803484,9.51717716722183
9.80659111529043,9.878001826301801
9.644004134443026,9.99682112889851
9.39532504618962,9.191155515921931
9.05157907959124,8.780680894676411
9.308192772143688,9.637437497744187
9.096723645189217,8.690682150592686
9.403849118160702,9.269233028984377
9.000853147109458,8.71723199843495
8.372860820526318,8.457759636792304
8.666130304190608,8.676228203823296
9.610993923087126,9.663943678073553
8.434463543817241,8.427891057969758
7.857093864902493,8.142611196204122
7.99260665240021,8.268810308480669
7.752764808851328,8.136672414449931
9.843525211363444,9.919223958477946
7.6511201757027,8.118594064109969
9.215327913487222,9.094955985006624
9.151651375627504,8.86915127580869
9.814765622475324,9.993546065431126
9.008835995765454,8.919587253206412
7.591357046698551,8.054621157713726
9.70674247507645,9.822063742278875
8.85922139360813,8.641381528530326
7.844240718141811,8.186802719257361
9.81093357092552,9.938481331666168
8.781708985836179,8.649678355981033
9.515911477263703,9.507744984435762
8.84130362048157,8.571207835302502
9.37143829231851,9.586870517807771
9.796792813865164,9.795208221846321
9.57644075656207,9.602110479809333
9.194820560318146,9.141680223807976
9.565283817736766,9.761365899350016
9.049702026013373,8.955438281296047
9.18901458526143,9.063995718361618
9.466222131878164,9.58211075890184
8.42726848388825,8.403218913182128
9.18122047340233,9.05652857365598
9.509703949201802,9.459492382682965
8.988321188323683,8.812121503963303
8.865029186687766,8.629285627457453
9.61447125707121,9.944027105804272
9.482731125859004,9.566303119232597
9.77571099759397,9.95682168708352
8.94793610670867,8.952032215289966
7.70210434005105,8.161388226750459
8.037220031133012,8.198898620330235
9.871687239986333,9.838002384486812
9.690789259083456,9.589053893452695
9.761866382868549,9.86184484652937
8.017966703493599,8.197675929969078
9.641603172905487,9.673201190808026
8.51057131510735,8.389376311593315
8.463581421967588,8.319464623442881
8.765770543987257,8.683040335835456
9.28637505825218,9.434601900330843
9.100190628475197,9.141767558833774
8.586905803827538,8.5003791293812
8.848509300888079,8.814523217172718
9.594718027753862,9.735252726636737
9.146015161419625,9.239801125290814
9.225426009394225,9.073908243789568
9.49642116306099,9.632372066247965
9.626283724371977,9.811452536644548
9.745780556506093,9.980882486690572
9.66997795897274,9.969179593233784
8.645938147306799,8.37252065161451
8.853379672927634,8.515881096460152
9.529157673358675,9.32669947595875
8.852521917335372,8.675878863720108
9.557045784877424,9.837565709357827
9.30027247947679,9.44630479378763
8.29853954537488,8.330949179335176
8.586346050104554,8.718280018744514
9.010058489805235,8.79657586937145
8.115819701211327,8.213920244767305
9.69738546707677,9.89900590000596
8.442038517815478,8.585268774455805
9.815093401773533,9.923721712306488
9.70698593216834,9.65608352575183
8.986946789406764,8.830330856841961
9.78109390432206,9.529273068294703
9.412791300065305,9.595516685361666
8.261268150577648,8.600814409047658
8.606302366488013,8.863387164106094
9.446281681520253,9.55460022577581
9.654384962051822,9.566958131926073
9.22808205345234,9.517570174837916
9.33485624667375,9.108798586595437
9.468310380442436,9.43722195110475
9.827092351282417,9.880403539511217
9.828494573494698,9.9517125880744
8.965462328515967,9.041201276628621
8.329175442077402,8.558631591587744
8.932740634865914,8.621294472597034
9.021477467138808,8.753738039218062
9.535390480896702,9.53756989574541
9.33423800863242,9.564032408561877
9.377125189621008,9.63368209163492
9.509184911634074,9.92367804479359
9.500020447090638,9.290630110304622
9.828386780026875,9.68158535328453
9.262648151599528,9.003778218074642
9.195531256322475,9.378314476204729
8.27308133366583,8.43038010620497
9.312987208936326,9.46473248423078
9.118773178450692,9.221460769873461
8.236155661683124,8.43400450977554
9.74946186489702,9.769531724262027
9.211140052146748,9.117095414046144
8.90354343566472,8.639416490449895
7.837159650001675,8.073092515669774
9.737196812814702,9.839268742360868
8.545197387825835,8.436799230601043
8.81936971001847,8.766139612881224
9.589187682180055,9.137138802466536
9.461254720235749,9.25098000859282
9.231612507251722,9.56110668519768
9.706803344906335,9.812325886902517
9.32723412344768,9.495125073208108
8.969796305981806,9.105916530744139
9.18993356219852,9.013035730809115
9.457044187699406,9.256089107601941
9.081711229379,8.862382811309429
9.669409436169138,9.881669897385272
9.176886995716965,9.26063052894338
9.706011747970496,9.831932600193927
9.513477398982824,9.664817028331521
9.739673667297913,9.896866191873936
8.596189197642735,8.378110093265514
9.62911649414402,9.891582422813222
9.51892740510786,9.398750872241207
9.347054195292005,9.515081126602704
9.352707613263105,9.356830059858687
9.166283985779264,9.160806594457501
9.151969458649852,9.18949615043179
8.4071550862073,8.522431223394921
9.311903687385623,9.080764043314625
8.101071503119543,8.297194191864667
9.828440678213218,9.891713425351917
9.500843461614666,9.369362636060544
8.337348564497175,8.335010258034734
9.55775254863573,9.375039412737344
8.630343289348893,8.590727213568112
9.214431989879436,8.93919396649782
8.722742874329398,8.529636363023167
7.706162970199576,8.115056995565194
9.077380244719953,9.045568027918467
9.50599061407714,9.798264947749214
8.302761580704049,8.34304508040805
9.156834104453042,9.049148763976142
9.748761707332973,9.985554910570707
9.897821530909502,9.977738425761883
8.31434234336979,8.33767397632154
8.947285869349132,8.65710183317377
8.764990330169104,8.578805982546832
9.645623148493527,9.586739515269077
9.172638504792172,8.974913992048759
9.507551894644092,9.558966977065655
8.1797604936999,8.30282730102857
9.186559843310778,9.152247761929404
9.183791036742646,9.080807710827523
8.565411763686711,8.436842898113941
7.855544677915663,8.108375866091729
9.346006983397716,9.26718065587815
8.506334448081361,8.399288837021267
7.336936913707618,8.074271538518031
9.51369892381297,9.813723247315268
9.52002852469058,9.836692359099859
9.036701015565065,8.732952303078395
9.61893391475888,9.457833017192824
9.24377514806242,8.79657586937145
8.11312710422178,8.22715150117554
9.719985298994011,9.727043234211827
8.590815331286851,8.469724535326481
7.952966790923131,8.15911751607974
9.466299552232016,9.361939158867806
9.4090272828564,9.266132635568585
8.157370441186774,8.255098709430552
9.555984701765809,9.706170163046362
9.84977027003014,9.862674529274441
8.983690681332686,8.88731696117445
9.410747396316522,9.185828079348319
9.350015354048663,9.908831090408114
9.512073267650624,9.326306468342663
9.089189170412032,8.930547798943925
9.248406572782638,9.028013687733287
9.606159103032542,9.644074959704753
8.379079889286603,8.354311298735853
9.032289682032872,9.032773446639219
8.987196820661973,8.95168287518678
9.528794103094718,9.717436381374165
9.179056081936416,8.872732011866365
8.89740886527095,9.01766448717635
8.9005490139363,8.785134980992055
9.30846476996938,9.287486049375932
9.072915696064513,9.031376086226468
9.74449182104567,9.707087180817231
9.571365838652174,9.508793004745325
8.055157731819678,8.190951132982716
8.889446165318288,8.747711922438075
9.353227859524733,9.253905731957017
9.12467354521909,9.065786086390453
9.427465850964827,9.419623943406672
8.779249716229046,8.940984334526657
8.382975849296429,8.302696298489874
9.148784066277075,9.105654525666747
7.990576881743923,8.128986932179801
7.6577552711348655,8.064621018167472
8.21851757748959,8.424528659476575
8.687948111838727,8.410991730478052
9.268892258925796,9.426654412983323
8.823353485113792,8.675878863720108
8.410498452745275,8.399507174585759
7.929126487306799,8.113091957484762
9.132486932771318,9.0843447793723
7.946617563244473,8.109161881323901
9.465602553171852,9.4528112532095
8.598588829620232,8.638455805166128
9.417923485172336,9.331983245019464
9.523982546097496,9.485474552857548
7.962763930168115,8.16959771917537
9.513181956185786,9.537351558180918
8.82453082152646,8.643302899097858
9.830809327038144,9.867215950615881
8.118505067587098,8.231605587491181
9.370671910878524,9.692807904099434
8.359603270841466,8.220557706727872
9.373648989588206,9.055742558423809
8.917042560738766,8.665791668240564
8.684231891345675,8.6137399928656
9.162199996648248,8.984957520015405
8.391403185357937,8.331473189489959
8.802973456578423,8.714699282686839
9.23561817916045,9.303905034225753
8.991313336173812,8.861465793538562
9.132054453577638,8.891247037335312
8.90598676523643,8.61063959944981
9.772809228894012,9.60250348742542
9.11140362411616,8.742428153377361
9.384041546476526,9.066048091467845
7.882314918980268,8.159248518618433
9.513108081846005,9.87459576029572
8.893847217670283,8.71635864817698
9.708080756193516,9.784422346160403
9.085683767376628,8.86233914379653
9.450065682882071,9.3394503897251
8.142063283104147,8.194575536553288
9.28266103355581,9.085087127091573
7.913521017283895,8.183265650712586
9.1539816383068,8.980197761109473
9.153770020487787,8.865352202186525
7.912423121473705,8.123703163119089
8.255308811785596,8.254050689120989
8.728264161496178,8.622211490367903
9.245224773829683,9.236002051668649
9.286653054825347,9.361065808609837
9.044521887281242,9.003690883048844
9.190647738630446,9.215128980503184
9.495594499353295,9.122466518132654
9.392911897525345,9.38591262344906
9.085683767376628,8.952337887880256
9.8171668460696,9.932280544834587
9.24377514806242,8.850068572672065
9.8171668460696,9.963895824173072
8.561784074744113,8.384179877558399
8.47782846789396,8.503086515180904
9.750336373041954,9.836998031690147
9.216521231051264,9.03500048979704
9.546455401949554,9.580495060924596
9.47692648113323,9.121898840464974
9.786616600804711,9.707043513304331
9.604137675216665,9.442025377523581
9.529593783265282,9.989834326834757
9.670419920024225,9.666345391282967
7.576097340623111,8.037328822605936
7.617759576608505,8.146672274903677
8.90354343566472,8.750593978289373
8.666474894131992,8.534745462032287
7.725330037917135,8.095144609683496
9.578103612900335,9.627088297187253
7.8351837552667485,8.153266069351345
9.64049809267472,9.875818450656878
7.541683099882111,8.071564152718327
7.451241684987676,8.035582122089997
9.22078562983772,8.953211238138225
9.12172771361958,8.817448940536915
9.191972714617998,8.831029537048336
9.077494458642754,8.95277456300924
7.994294986415977,8.274268747592977
9.156412029950626,8.905045971411225
8.782015969721936,8.636665437137292
9.311090275076326,9.28220228031522
9.309914176872276,9.175085871175298
7.955775781534187,8.148200637855124
8.924656302187074,8.775746465718886
8.130942302231878,8.30618969952175
8.54830418644129,8.590159535900433
8.519789817263504,8.45387322814434
9.051110146405623,9.065786086390453
7.698029170272805,8.122174800167642
8.731336360533149,8.656403152967396
9.635477379881811,9.89446447866452
8.936692688488204,8.841204067553676
9.267571005430456,8.952905565547937
9.803667217253915,9.694554604615373
9.510741216835738,9.965467854637415
8.57300625623545,8.702210373997879
9.557187177595935,9.348445897382183
9.542087175590064,9.432549527224616
8.63497622707262,8.544745322486035
9.69467827290507,9.70625749807216
9.657906656102982,9.748571318070766
8.801619971147346,8.655660805248122
9.561349294288288,9.502417547862152
8.862908295118627,8.96722850977863
9.08466376388818,9.116833408968754
9.280519206597427,9.20709415812987
8.036249942132116,8.367018544989305
7.751475318021456,8.117065701158522
7.665284718471351,8.098900015792763
8.30795254527102,8.249028925137667
9.5569750810205,9.811758209234839
8.012018239159062,8.182566970506212
7.884952945759814,8.22230440724381
9.4869867748077,9.461239083198903
8.80492526261806,8.515924763973052
8.773694146384443,8.567932771835117
8.768418726857403,8.540596908760682
9.427385364828522,9.1892341453544
9.577618898699106,9.863504212019512
8.848222068371385,8.63670910465019
9.61447125707121,9.861713843990675
9.480978009818704,9.590800593968632
8.657824321155983,8.681380970345314
8.911125383710678,8.820680336491401
9.60958618027043,9.529622408397891
8.912877287669296,9.032773446639219
9.05157907959124,9.016922139457078
9.267571005430456,9.526085339853115
7.820840879907344,8.166715663324071
8.834191318202071,8.784567303324375
9.08704215563169,8.91168343337179
8.420241665339788,8.378241095804208
9.30492301446213,9.136090782156973
7.976251943745623,8.133048010879358
9.387230538772933,9.16905975439531
8.251663923605589,8.32946448389663
8.149601735736155,8.321167656445922
9.555347511047232,9.460802408069918
9.309008543772883,9.543028334857718
9.383621184117988,9.25128568118311
9.09425589295538,8.851684270649306
8.912338567117548,8.700987683636724
8.83724564389847,8.62286650306138
9.297618380083245,9.161636277202572
8.934850340289763,8.855177671681183
8.513385953073284,8.463436413469104
9.422625179955515,9.474426672094237
8.53895468319775,8.455663596173178
8.42222295382501,8.266059255168066
9.179674957665297,9.138055820237405
9.453678630575912,9.732982015966018
7.566828479208331,8.05842023133589
9.438113191674054,9.22691920898577
8.096817470572319,8.215273937667158
8.758255243232792,8.793693813520152
9.535823881654714,9.523203284001816
9.035986984831403,9.029804055762122
8.786914938491025,8.647363977797415
8.96482339168508,8.855963686913356
9.58891378461603,9.740973170826434
9.5078490052457,9.466086177130633
7.76046702921342,8.103179432056812
9.266342562091468,9.140632203498413
9.053686561930808,8.70618411767164
9.328390038749998,9.25041233092514
8.584851839890053,8.549461413879069
8.932212512329214,8.728934891891736
8.57583938684897,8.312084813763043
8.690978417187905,8.5627800053131
9.95930061735534,9.935118933172987
8.475120414994329,8.43291282195308
9.245321340871428,9.138623497905083
9.66896702819858,9.53250446424919
9.477998292597036,9.596128030542245
9.428109506952936,9.47805107566481
9.30054663986233,9.290979450407809
9.872358017339208,9.72437951592502
8.365905077202456,8.22937854433336
9.712569148516655,9.9715813064432
9.613870275449836,9.918175938168384
9.761751162220882,9.76686800597522
9.935131557870587,9.882193907540053
9.645817254152318,9.845120189089261
9.773549695421735,9.714292320445477
9.714986944665458,9.651280099332999
9.039670667922676,9.016398129302296
8.274866820685254,8.4238299792702
8.745921121024347,8.485837847586012
7.524021415206125,8.060909279571103
9.316230747233616,9.771278424777966
8.553525120663627,8.50147081720366
8.272826003650401,8.41872088026108
9.235910648087712,9.042423966989778
9.690974793577944,9.949267207352086
8.82246957226897,9.018057494792437
8.750841375375533,9.033821466948782
9.23805281054272,9.348096557278994
8.714567550836485,8.558893596665136
8.299534570332597,8.337892313886032
9.203617826215355,9.17927795241355
8.248529124800218,8.278067821215142
8.39728289474368,8.411777745710225
8.712101863715663,8.442607009816538
8.326758814511733,8.399725512150251
8.13739583005665,8.22597247832728
9.303648549109834,9.175435211278486
9.326878188224134,9.59368264981993
7.585788821732034,8.076454914162955
9.532061486651386,9.492461354921302
9.592605086913911,9.634642776918685
9.1821466376054,9.220194411999406
9.792555991828849,9.740623830723248
8.993054630146133,8.910024067881649
8.041412909393047,8.238374051990442
9.676712414987868,9.691890886328567
9.86832658744254,9.911320138643326
9.259511415982631,8.803737341486798
8.878915376576483,8.90832103487861
9.52039529527969,9.48202481933857
7.506042178518122,8.055712845536187
9.373818840968658,9.540670289161202
9.374582815370232,9.206919488078276
7.951559331155252,8.143047871333106
9.727883383489695,9.569272510109691
9.749286871458828,9.984725227825637
9.63521587360417,9.407047699691915
8.827321452697849,8.781685247473076
8.823353485113792,8.903386605921083
8.1786387885907,8.373612339436972
8.422003004412488,8.478021362777188
9.395075679994072,9.363729526896643
9.547954813176172,9.6824587035425
9.523617089089443,9.512766748419086
9.082847851460906,8.653084421987113
9.661352295040318,9.84171412308318
9.516721521860449,9.50468825853287
9.550021739538344,9.500801849884908
9.923290179832309,9.95795704241888
8.54752839121231,8.42610068994092
9.259987311865595,8.903823281050068
9.537339306804911,9.901931623370157
9.507329003748264,9.670188132418032
9.585552436913328,9.560626342555796
8.956995311928852,8.635530081801932
9.1801903950253,8.950023509696639
8.261784679514752,8.42356797419281
9.18008732880516,9.256875122834114
8.031060180240619,8.218112326005558
9.239704980606088,8.946923116280846
9.066585468331043,8.66539866062448
9.705950829935691,9.619009807301037
8.790421306897867,8.61007192178213
9.632990304838447,9.606782903689469
8.881975184248867,8.954652266063874
9.565353936588249,8.996136403317411
8.919988070968524,8.65601014535131
8.030084094267563,8.150209343448452
8.182000136293405,8.380555473987826
9.445254378889308,9.019760527795478
9.80543361206074,9.61071297985033
9.64452250418184,9.880490874537013
9.67464026580524,9.885294300955843
9.110188490025742,8.809108445573308
9.611663580917012,9.45822602480891
9.158520623246384,8.975874677332525
8.654168646443315,8.63050831781861
8.86403999703599,8.726969853811307
9.810823867672708,9.944507448446155
9.031811613420924,8.822165031929948
9.65975856761281,9.796037904591392
9.355565624128962,9.15491148021621
9.234642664499148,8.765790272778037
8.569785641535407,8.725790830963048
9.607437230413831,9.34028007247017
8.935508711503221,9.00666027392594
7.997326822998097,8.138812122581955
9.604272564270625,9.959572740396123
9.17771386914909,9.170151442217772
9.329189505814565,9.111767977472532
8.73985662749357,8.55679755604601
9.89762037425808,9.749619338380331
9.460242692591084,9.482505161980454
8.160803920954665,8.132829673314866
7.943782692458625,8.189510105057067
7.698029170272805,8.143528213974989
7.942717540573791,8.19108213552141
9.17626639164243,9.22181010997665
9.616671771412303,9.890141394887573
9.485393028027822,9.541019629264389
9.529884417576708,9.891582422813222
8.319717386850606,8.276408455725
8.329175442077402,8.331604192028653
9.591034531092426,9.641804249034033
9.78131991856192,9.771627764881153
7.795234929002173,8.086978784771484
7.96102146588337,8.133877693624429
9.559094025166903,9.480976799029007
9.71438304344534,9.446217458761833
9.612198984490236,9.933808907786032
9.237079669165803,9.377048118330674
9.523105224795426,9.417746240352038
8.80357441813497,8.700594676020637
9.234740258799718,8.686359066815738
9.913289357508388,9.769269719184637
9.349319399257634,9.668921774543977
9.279119887371008,9.05229282490483
8.992681750892542,8.907491352133539
9.731274729890462,9.97101362877552
9.148571345578551,8.90631232928528
7.943072717277933,8.172829115129854
8.153349757998892,8.232304267697558
8.23031079913502,8.25518604445635
9.156200925875536,9.14412560453029
9.733469990198335,9.77743554409665
7.715123603632105,8.079380637527152
9.381179591661104,9.712676622468233
9.327589932026422,9.670188132418032
9.566054854819791,9.569840187777372
9.546455401949554,9.306219412409373
9.537050831395442,9.657873893780666
9.885170820750233,9.898525557364078
9.276034475171546,9.015917786660413
8.501876487304344,8.279028506498909
9.55393007636626,9.684249071571337
9.898675995538904,9.97952879379072
8.95531908176395,8.627844599531803
9.655410734676709,9.623813233719869
9.435162513668947,9.39473346105455
9.38806805975991,9.77568884358071
8.742254901886351,8.527234649813753
9.49799744411546,9.887346674062071
9.650271316965624,9.904420671605369
8.2409125416889,8.272653049615734
8.94754601503218,8.669809079427223
8.65084957622891,8.572212188099165
9.33776566023142,9.563508398407095
9.419466131522189,9.901713285805664
9.792332503169966,9.970358616082043
9.64452250418184,9.943284758084998
7.806289289267033,8.181125942580563
9.522593098362169,9.436261265820985
9.618535084655214,9.69346291679291
9.031572493381526,8.67129377486577
9.716796463224233,9.823723107769016
9.002454823050954,9.42250599925797
8.454679286026995,8.30134260559002
9.305559638557115,9.356175047165209
9.121946221213587,8.80736174505737
9.604677122296504,9.399624222499178
7.906178840394815,8.115231665616786
9.75527752537094,9.724816191054005
9.532061486651386,9.313511887063415
9.740262491433162,9.967083552614659
9.18594521514146,9.43071549168288
9.017119634313229,8.870985311350426
9.7107519573933,9.435431583075914
9.327056171672144,9.280280909747686
8.950143756459262,9.025306301933583
9.064620717626775,8.819151973539954
8.575273402492762,8.510204319783353
9.055205875026193,8.792427455646097
7.356918242356021,8.119904089496922
8.824089482791823,8.80596438464462
9.156200925875536,9.021987570953298
9.002947130753205,9.03526249487443
9.399720293137584,9.439317991723877
9.086249986745132,8.77788617385091
9.15143926405602,8.895089778470375
8.916640227198839,8.793257138391168
7.458186157340487,8.059511919158352
8.920789888464375,8.853998648832926
9.520981848562874,9.47722139291974
9.001222992395064,9.208011175900737
8.011355109161286,8.171431754717105
7.367077059881012,8.04003620840564
9.356602878954437,9.48001611374524
8.74321260347591,8.840767392424691
8.142354276849835,8.333263557518796
9.086363192156472,8.890635692154733
9.11250701162742,8.898452176963557
9.783069799056989,9.451501227822547
9.620726684403415,9.348707902459573
9.41336284529417,9.358576760374625
9.907280350774824,9.860360151090823
9.726452000171411,9.958088044957575
9.688064124237057,9.952847943409761
7.489412083508719,8.041389901305491
7.358193752733032,8.035014444422316
9.293485953062852,9.313904894679501
9.347054195292005,9.41765890532624
9.384797753713336,9.518705530173277
9.690541826198364,9.80686744779021
9.93051889158716,9.976559402913624
9.632203625893982,9.755077777492637
9.489939868234607,9.505386938739246
9.684460516733758,9.67280818319194
8.264105763728956,8.336363950934587
9.315510869581722,9.261067204072365
9.56976154158294,9.63481744697028
9.71727844901498,9.883460265414108
8.646816959209742,8.566622746448163
8.668711839055147,8.702952721717153
8.076515327552329,8.180951272528969
9.295140973668648,9.463946468998607
9.164191715950205,8.786270336327414
8.614501373883236,8.52387225132057
8.931287626222456,8.885308255581121
9.111072370317514,9.26630730562018
9.69109846411978,9.93328489763125
9.756726171140723,9.653638145029516
8.731336360533149,8.517147454334209
8.598220030058611,8.521557873136953
8.48714627006394,8.46404775864968
9.24435525056346,9.164693003105464
9.546741177474823,9.685035086803508
8.031385330625534,8.203352706645878
8.253488028345904,8.341997060098487
9.711115659888671,9.859705138397347
9.56836440548421,9.723680835718644
7.342131730584722,8.036979482502748
9.027738775974909,8.87936947382693
7.763021309018518,8.159816196286114
9.643550340392906,9.735776736791518
9.229652683008556,9.010110007444919
8.109826276018477,8.194837541630678
9.02280524812934,8.948102139129105
9.396487933603666,9.141505553756383
8.777401286867264,8.587626820152321
9.554071910278983,9.503072560555628
8.954673628956414,8.788541046998134
9.303557453687317,9.021201555721127
8.73568594451502,8.604569815156925
9.377632889750377,9.046965388331218
9.20432229965062,9.244560884196748
9.46614470552994,9.483771519854509
9.239802082125802,9.091287913923153
8.538758969330798,8.416712174667751
7.671360923190644,8.182741640557806
9.454932254496262,9.436785275975765
9.331672657143708,9.470583930959174
9.60204456483431,9.732152333220945
8.429235912657095,8.445882073283922
8.945984124827898,8.871552989018106
8.977525200965243,8.669852746940121
9.194414221425925,9.002904867816673
9.42569365781533,9.274691468096684
9.037295651962438,8.91596284963584
9.525297086562844,9.409580415440026
8.730851903519232,8.67273480279142
9.74870333873526,9.914376864546217
8.536211197252,8.805309371951143
8.967376693212666,8.667756706320995
9.001346243766392,9.015044436402444
8.020270472819238,8.196671577172413
9.163982247998034,9.18325169608731
9.49822242443063,9.680886673078154
9.672374831572242,9.488050936118558
8.153061946801051,8.221605727037435
8.90734159541251,8.81190316639881
8.341886969516187,8.396188443605475
9.785435730759993,9.986428260828676
9.421411342056125,9.616782764143217
9.688188155244967,9.483247509699726
9.284148299120902,9.084257444346502
9.736724334658026,9.498007129059406
9.230633075243944,9.31137217893139
8.65277248565806,8.361341768312505
8.061802274538348,8.199422630485017
9.140883106960962,8.726664181221016
8.723394022000136,8.786314003840314
8.776012719182917,8.68915378764124
9.767381419539136,9.62883499770319
9.59709825261865,9.597612725980792
9.595534743241988,9.634249769302599
9.309642573050043,8.904696631308036
9.275285060616564,8.950154512235333
9.27902652976463,9.335039970922356
9.245997049184217,9.178404602155581
9.123038043573386,9.04661604822803
8.089789175789319,8.254487364249975
9.531481398171628,9.622459540820016
9.596894455192588,9.995642106050251
8.96405612822033,8.675267518539531
8.394121193826242,8.390861007031864
9.663324996052324,9.577394667508806
7.701200180857446,8.079904647681934
9.54230245311951,9.898831229954366
9.281078386481523,9.29748590982968
9.20432229965062,9.142902914169133
8.681181041521688,8.477104345006321
9.4588397305527,9.143426924323915
9.233373071086756,8.884347570297354
8.98343977178426,8.89696748152501
8.500657222776137,8.377018405443051
9.3910773406399,9.047358395947304
9.355219633294269,9.4103227631593
9.39015879855202,9.47805107566481
8.488382109562117,8.330119496590106
8.181440695719374,8.214444254922087
9.561349294288288,9.90721539243087
9.106866963499908,9.095873002777493
9.62970838525334,9.368794958392865
8.660947155060933,8.598587365889836
9.252824983582338,9.502635885426642
8.39502555744203,8.48989892628557
9.68948955288162,9.486304235602619
9.473704136776757,9.224954170905338
8.316055720364643,8.288155016694686
9.29228895462335,9.254822749727886
9.050875597325156,9.077095972231154
9.356602878954437,9.202072394146546
9.337325383730672,9.43381588509867
8.157657015196472,8.35326327842629
9.104312967330651,9.516391151989657
9.659248037927185,9.70625749807216
8.912338567117548,8.722166427392477
9.814109741384913,9.706912510765637
8.92996487470684,8.723127112676242
8.363575702750637,8.42352430667991
9.046762057999365,9.028013687733287
8.536995818712418,8.542780284405604
7.959275960116396,8.24295914084478
9.294405747093853,9.229888599862864
9.03574886124414,8.717668673563935
9.220389707829185,9.02875603545256
9.48440514846878,9.495037738182312
8.93247660846174,9.026834664885028
9.096163326913784,8.957796326992563
9.634823485920109,9.524207636798481
9.288041879640035,8.990328624101917
8.73681053295389,8.61347798778821
8.589513852995864,8.548675398646896
7.860956364876389,8.150646018577438
8.437283808187935,8.317106577746365
9.655667013509476,9.652022447052273
10.036181094261591,9.980489479074485
9.65739517984351,9.640101216030994
8.239329427901795,8.240382757583772
7.96693349840484,8.160645879031184
9.736192529758796,9.536259870358457
8.34924780056679,8.309988773143916
9.486152271857476,9.345694844069579
9.683152553543955,9.549316456715097
9.096051225574056,9.229801264837068
8.224967478914584,8.354354966248751
9.559023465985362,9.623856901232767
9.282754052485227,8.92417234206075
7.954723334497908,8.181562617709547
9.725795264125836,9.797784605107331
9.490317840042412,9.483334844725524
9.671870704017296,9.700362383830868
8.73761303680885,8.652342074267839
9.425854896125902,9.246918929893264
9.507031738585551,9.017795489715047
9.042868018032436,8.846968179256272
8.798907492088226,8.530509713281138
8.371704884667631,8.428153063047148
9.851931065621724,9.932586217424875
9.617470759403409,9.678965302510623
8.676416696964216,8.503828862900178
8.028781162487148,8.137764102272392
9.62661352880094,9.701104731550142
9.347490210123416,9.752981736873512
9.666688690398916,9.641716914008237
8.646113971483077,8.708236490777868
9.292104673778825,9.007882964287097
9.098961783992792,8.956311631554016
8.607033895416027,8.529330690432879
9.239899174217728,9.214823307912896
9.665039989962043,9.751671711486559
9.672563813902956,9.835644338790296
7.792348924113037,8.140122147968908
8.522976436171964,8.45867665456317
8.455104999102815,8.331473189489959
8.962519832949532,8.902556923176013
9.219399216464527,8.874609714920998
8.517593111437565,8.54937407885327
8.10349427838097,8.273002389718922
8.76748487464946,8.558107581432964
9.563248229345673,9.506958969203591
9.02509454366498,9.017620819663453
9.48729005784892,9.44206904503648
9.71456425210761,9.822282079843367
9.653486547052037,9.400846912860334
9.527848201325206,9.94463845098485
9.416052881560711,9.292245808281866
9.720585827477109,9.870185341492977
9.44604470533525,9.91293583662057
8.346167594364134,8.374005347053059
8.365206834418355,8.314835867075645
8.400434630806041,8.258242770359242
9.609854474590907,9.534687839894112
8.70167907103957,8.600246731379977
9.651365655482898,9.921713006713158
9.397068870588344,9.565211431410136
9.778887584302796,9.881189554743388
9.65534665470488,9.538792586106567
9.569621915779866,9.56992752280317
8.273591798199632,8.237500701732474
8.744488113852924,8.736445704110272
9.046290859969677,8.940853331987961
8.052933036797567,8.282259902453395
9.892123222457078,9.82643049356872
8.458292083496076,8.410336717784576
9.842622276764851,9.654991837929368
9.481435640823564,9.359799450735782
9.25023393563786,9.081812063624188
9.709356537782677,9.83298062050349
9.426660697942268,9.28984409507245
9.52755697453028,9.192203536231494
9.70558524377515,9.66145462983834
8.92172453036431,8.730026579714199
9.02401079378469,9.39582514887701
8.382975849296429,8.378590435907396
9.579487217410236,9.534294832278025
9.048762176320128,8.924303344599444
9.299906815335223,9.142859246656235
9.657714883161557,9.626782624596963
9.452894316810216,9.52739536524007
8.827174771362785,8.751423661034444
9.073374516903025,8.838060006624987
9.834191063533472,9.823155430101336
9.190545744648004,9.124213218648592
9.57449725626267,9.888394694371634
9.075436609511382,8.824523077626464
8.504107951867582,8.454571908350715
8.144679183447758,8.24295914084478
9.34425918954197,9.540932294238592
9.577826662126563,9.565429768974628
9.620129451564402,9.432549527224616
8.294049640102028,8.333481895083288
9.775767810933758,9.790492130453288
8.37655086161377,8.263919547036041
8.03398273468322,8.211256526480499
7.765569081097317,8.168331361301314
9.574636203046277,9.867346953154577
9.46761478200654,9.319538003843402
7.814399633804487,8.099598695999138
8.807172622916703,8.518981489875944
7.972810784121404,8.125493531147924
9.410174353854767,9.910315785846661
9.468464892185638,9.369711976163732
8.79497643168877,8.50749693398365
9.35668926831132,9.72918294234385
8.624252263709645,8.478763710496462
9.026417533815254,8.796750539423044
9.018937706446035,8.780768229702208
9.40738632416852,9.123339868390623
9.491752831414368,9.203251416994805
8.902591637374087,8.63504973916005
7.615298339825815,8.089817173109884
8.655040258108363,8.632429688386141
9.417679691745423,9.196089944879457
8.439015410352214,8.446668088516095
7.727094484779841,8.138244444914275
9.077151777732436,9.210674894187543
7.9672801789422,8.130340625079654
8.969796305981806,9.083646099165923
7.987864096085687,8.293482453268298
9.426499589515949,9.210674894187543
9.03049574505712,9.060545984842639
9.456653425317034,9.539360263774247
8.674880467251832,8.441296984429584
9.365804474600257,9.42813910842187
7.852050207265889,8.080384990323816
8.756525002926972,8.678935589623
8.883224230278994,8.844828471124249
9.67243782965082,9.74848398304497
8.516593011344206,8.357935702306424
8.292798858200374,8.227850181381914
9.229162126216773,9.15692018580954
8.562548893137034,8.338023316424728
9.21054035197885,9.01460776127346
9.664087578702397,9.732676343375728
9.569691731118324,9.367397597980114
9.999479318189854,9.946821826629773
9.242807562113684,9.607656253947438
9.547241088215465,9.441719704933291
8.850804195756417,8.675398521078225
8.796036315200814,8.680987962729228
9.545454543987823,9.406960364666118
9.03336450150698,8.693826211521376
9.423595190540022,9.446130123736037
9.608579434992608,9.317529298250072
9.289428778295148,9.214473967809708
9.12913031655064,9.385475948320076
8.716207971151853,8.745921554409238
9.550092936718968,9.28731137932434
8.39728289474368,8.382564179581156
8.094988759303774,8.175187160826372
8.890135107818843,8.674525170820257
9.166806369952454,9.085785807297949
8.861491864286915,8.610464929398216
9.651880224221337,9.583639121853285
8.488382109562117,8.562343330184113
8.990316947998217,8.738105069600413
9.002701007197938,8.753738039218062
9.350971501715929,9.154212800009834
8.934586870389676,8.741423800580696
9.641148287756142,9.958350050034966
9.850192255477904,9.85673574752025
9.709295823171686,9.419754945945368
9.35573857466554,9.27849054171885
8.610865667278873,8.598238025786648
9.580730826800856,9.422899006874056
8.359603270841466,8.424135651860489
8.417372856134026,8.51033532232205
9.328834266023971,9.04687805330542
9.411647228681218,9.508312662103442
9.619664690410069,9.778134224303024
9.580661777948766,9.34202677298611
8.161660452056282,8.246277871825065
8.890272839380247,8.711904561861338
9.326878188224134,9.08032736818564
8.883085524404578,8.690070805412109
9.06496771896043,8.972686948890939
8.708309295891688,8.77849751903149
9.55874117946267,9.321634044462527
8.891649112650057,8.66111924436043
8.443115988019922,8.489505918669483
8.94767606249969,8.797842227245507
8.651549243915316,8.609722581678943
7.721348612617949,8.086411107103803
9.49356251370587,9.80092866603602
9.313979406735667,9.57529862688968
8.380456667842767,8.491820296853103
8.701845363548474,8.607058863392137
7.921898411023797,8.109554888939988
8.445697189711167,8.457366629176217
8.435983135990694,8.35527198401962
9.426902311924838,9.316175605350221
9.887815383141833,9.838177054538406
9.79734895647446,9.96219279117003
9.33184978937338,9.079978028082452
9.23092700558457,9.142378904014352
7.948031990637284,8.272653049615734
9.349493433368758,9.659052916628925
8.9947928972836,8.661555919489414
9.230437073675304,9.118056099329909
8.231109840328154,8.349813544907311
9.40351943877092,9.196089944879457
9.714986944665458,9.884027943081788
9.74120388947868,9.923066699613011
9.095153962167066,9.133601733921761
9.549309488795982,9.744772244448601
8.026823576217629,8.18234863294172
9.491224389926964,9.172640490452984
9.38328476695754,9.547395086147564
9.258940041812243,8.903430273433981
9.574427775630369,9.383510910239645
9.666308462257454,9.729270277369647
8.945462952177666,8.731598610178542
9.387481868728596,9.252901379160352
8.9939241414114,8.782645932756843
9.25540933534376,9.097576035780532
9.795178249029275,9.735078056585143
9.13755460225053,9.075785946844201
9.81776625213065,9.873809745063548
9.455323689894849,9.186002749399913
8.653994232908383,8.467410157142863
9.556480013999533,9.504600923507073
9.11195547005478,9.058013269094529
8.38160253710989,8.432039471695111
8.893847217670283,8.714306275070753
9.29807648628027,9.019804195308376
9.627734050949622,9.719838094583581
8.611593866837723,8.631381668076578
8.38206051742474,8.32972648897402
9.342946336524204,9.337310681593076
9.278466201023782,8.806270057234908
9.48410098908692,9.910883463514342
8.110427237575024,8.176497186213325
9.746248776109637,9.94297908549471
9.169934957341145,9.299363612884314
9.37339415841248,9.84629921193752
9.2557916348801,9.150675731465059
8.967249182852276,9.075916949382897
9.159993997539445,8.736926046752155
9.6469164751094,9.801714681268193
9.417517129768314,9.688353817783792
8.252967195000798,8.277063468418477
9.720585827477109,9.679139972562217
7.576097340623111,8.062044634906464
9.444226019822295,9.477876405613216
8.443546651247939,8.429550423459899
9.05683948099042,9.021856568414604
9.321613374385612,9.154518472600124
8.53856321715243,8.453698558092746
8.3774712482411,8.285622300946576
9.741145078057484,9.816954643269755
9.557328550325373,9.639009528208533
9.605687801896062,9.614861393575683
8.004365564979574,8.146803277442373
8.709134991587183,8.715310627867417
9.059866258621348,8.821117011620386
9.320628725870304,9.035961175080805
9.54809749706027,9.781278285231712
9.056256356593469,8.799588927761445
7.491087593534876,8.067415738992974
8.231908243564177,8.224487782888733
7.368339686311381,8.039381195712163
8.548110294050959,8.587233812536235
9.326344047732489,9.40438398140511
8.942199454731238,8.900810222660073
8.76170676846664,8.759545818433557
9.32259705432185,9.408881735233651
9.711358054751088,9.967214555153355
8.181720455128108,8.323176362039252
9.677402178300998,9.57984004823112
9.069467813094768,9.084825122014182
8.911799556189527,8.70618411767164
9.169414205363536,9.205827800255813
8.698013622083925,8.600945411586352
9.326165937481774,9.034476479642258
9.42294862137501,9.145566632455939
9.497622364406624,9.49167533968913
8.14351740579748,8.338940334195595
8.90910013492555,8.624613203577317
9.049232211581426,9.189103142815704
9.208438564686588,8.935438560388553
7.467942332285852,8.12706556161227
9.717037485158391,9.959878412986413
8.817297783866575,8.67784390180054
8.171599480345463,8.309464762989135
9.179571838304549,9.417920910403632
9.128153700988236,9.25128568118311
7.930925372483388,8.17523082833927
9.197356444417888,8.854522658987706
9.21064032698518,8.941333674629844
7.901747518520144,8.145274914490926
9.53978799366043,9.7986579553653
9.035867930125628,9.239495452700526
9.10219821335648,8.922643979109303
9.35539264367532,9.55289719277277
9.81776625213065,9.660231939477184
8.207946941048617,8.280294864372964
7.8252452914317745,8.104707795008258
8.472195825485501,8.441602657019873
9.574080300037034,9.45792035221862
9.192176401348512,9.137750147647115
9.404837504700271,9.326088130778171
9.537267195753865,9.48826927368305
8.963032193662675,8.896312468831532
9.679280936368654,9.354908689291154
7.870165946469845,8.126279546380097
9.386727689281946,9.15093773654245
8.91918561004543,8.643390234123654
8.386172928977834,8.467890499784746
9.192787212728591,9.124387888700186
9.546026585476431,9.609402954463377
8.618485442898109,8.599897391276789
7.828038032125829,8.1772395339326
9.22009266341886,9.11438802824644
8.430981494597171,8.417803862490214
8.32239411311117,8.383786869942313
8.60061479955531,8.605443165414894
8.360305435879093,8.42046758077702
8.834482608620677,8.649241680852048
9.245224773829683,9.369406303573443
7.857093864902493,8.196933582249805
9.719805070102831,9.72298215551227
9.324115386235029,9.400759577834537
7.81237820598861,8.1290742672056
8.549466751966532,8.610290259346623
8.619027497297505,8.564876045932225
9.705707120679628,9.937345976330807
7.976595409316577,8.27387573997689
9.639456900415627,9.418663258122905
9.337677620437375,9.760841889195234
9.590692779269272,9.747566965274103
9.628853318933604,9.964245164276258
8.098034756176071,8.186759051744463
9.366061246972958,9.24787961517703
8.701013624333928,8.483174129299208
7.632885505395133,8.082175358352654
9.812577677176286,9.476566380226263
8.183676582620658,8.349376869778327
9.767839635939843,9.770405074519996
9.58870831219998,9.744684909422805
9.373988663504516,9.231504297840107
9.172534657240284,8.84164074268266
9.359191318708538,9.295346201697656
8.295798110636145,8.253090003837224
9.954038071134027,9.91603623003636
8.820699399214904,8.773257417483673
8.605204068738951,8.5287193452523
9.075779878580487,9.052773167546713
9.556409270127691,9.772719452703615
8.961879012677683,8.714262607557854
9.233763886919771,8.9170545374583
9.665103451805631,9.809618501102813
9.56282655529346,9.147138662920284
9.49822242443063,9.232377648098076
8.416709652837914,8.400555194895322
9.174816815907135,8.8093267831378
7.961370201719511,8.203440041671675
9.279586544712997,9.011682037909262
9.7881328161731,9.844072168779698
9.383621184117988,9.367397597980114
7.965198290612176,8.165623975501608
8.128290171607052,8.274792757747758
9.439704535103449,9.368139945699387
8.130647968160584,8.305141679212188
9.385637313833174,9.400759577834537
8.125926802707886,8.197239254840094
9.317758768743452,9.142116898936962
9.398063978059133,9.367441265493012
9.521274996238114,9.266787648262063
9.330077053578515,9.48001611374524
8.774776816043985,8.53810786052547
9.193499354780156,9.351196950694785
8.963544291996744,8.706620792800624
9.552936675305356,9.932236877321689
9.642707033281852,9.724903526079801
8.928242677818302,8.71784334361553
9.36357634787504,9.525211989595146
9.393827915410109,9.418706925635803
9.05392045270488,8.679415932264885
8.734238184268579,8.633783381285994
9.71214543252109,9.730580302756602
9.62661352880094,9.61215400777598
8.721113147762688,8.546404687976176
8.807172622916703,8.810156465882871
9.510667161961042,9.750143348535111
8.212839584676484,8.27701980090558
9.481359383531425,9.576433982225039
8.976514972315112,8.78469830586307
9.098961783992792,9.607306913844251
9.3672586470476,9.196089944879457
9.441769502877165,9.265652292926703
9.16188515170678,8.92587537506379
8.080856419640986,8.268635638429075
9.57366316988638,9.769400721723333
7.686162303492906,8.08252469845584
9.304559047215164,9.603376837683388
8.458504195067558,8.363874484060615
8.758255243232792,8.74216614829997
8.87626525995469,8.703040056742951
9.202812105555392,9.03923623854819
9.239510749275963,8.73509201121042
8.993054630146133,8.819894321259229
8.293049139768444,8.378983443523483
8.98682175033189,8.75151099606024
9.624434806782402,9.926123425515904
8.216358332386156,8.272915054693124
9.158309963881798,9.073733573737973
9.612934696659329,9.579883715744018
9.29807648628027,9.625516266722908
8.330622620332868,8.480117403396315
9.133459327640225,8.853736643755534
9.17107965802288,8.951508205135186
7.518607216815252,8.115537338207076
9.27818591887125,9.290149767662738
9.772467290097724,9.710842586926498
9.669030241321645,9.940140697156309
8.415381925269553,8.462519395698235
8.345217926676428,8.268329965838786
9.813781639451635,9.825993818439736
9.805323303748898,9.46333512381803
8.908964972392399,8.649678355981033
9.585895949678203,9.923503374741996
9.143024664691316,9.343948143553641
7.790696031174738,8.112480612304184
9.486759252149254,9.416479882477983
9.914625296946584,9.843591826137814
9.718843300372528,9.670013462366438
7.968665700466235,8.266626932835747
8.232440158470336,8.327805118406488
9.647368744540463,9.589097560965593
9.837187480778896,9.867696293257765
9.147187556970914,9.128361632373947
9.09425589295538,9.165828358440825
9.136801468641313,9.191373853486423
9.589187682180055,9.729837955037327
9.109082539901957,9.124431556213086
7.904703913873747,8.19846194520125
9.245128197461849,9.133208726305675
9.348100311680668,9.496959108749843
8.735203590618699,8.58116402824335
9.161780181360806,8.886967621071262
8.117908942383155,8.166235320682187
7.75190533307861,8.20130033353965
8.999125391527247,8.725004815730875
9.04981944514108,8.980459766186865
9.570110520822215,9.848395252556646
8.832733591996416,8.879587811391422
8.12058871174027,8.27474909023486
8.692825760059396,8.477191680032117
9.617470759403409,9.904202334040876
9.58452119004458,9.660406609528778
9.726034127139034,9.637786837847376
9.198571388376184,8.955481948808945
8.517193191416238,8.386843595845205
9.012011377036412,8.901334232814856
8.752423403865594,8.555487530659056
8.737131611781498,8.62286650306138
8.434897948689407,8.393088050189684
8.965717788984849,8.788497379485236
9.468464892185638,9.698659350827828
9.441452092939569,9.738353120052528
9.910909938351766,9.651105429281404
9.515100775962717,9.71136659708128
8.435549202375727,8.43854593111698
9.53690656247793,9.538792586106567
9.096163326913784,8.924958357292923
9.869103125674297,9.977301750632897
9.040382074165628,9.113340007936877
9.374073563958785,9.19403757177323
7.987864096085687,8.203047034055588
7.944846711001996,8.162523582085818
9.147613542067878,8.931508484227692
8.823206220552741,8.793737481033052
7.470224135899966,8.07007945727978
9.731631045589936,9.74394256170353
9.557469903071384,9.377659463511252
9.705707120679628,9.932105874782993
9.406482647787447,9.59088792899443
7.537962659768208,8.034970776909418
9.49799744411546,9.221591772412157
9.545168400484906,9.204081099739875
9.460709909543985,9.25897116345324
9.824660771990157,9.775208500938827
9.579072337028126,9.244648219222544
9.412627941411015,9.417877242890732
8.76280248744611,8.625006211193403
9.611931318535747,9.7390954677718
8.003697339094368,8.170602071972034
9.40491982616564,9.388095999093984
9.820105943597078,9.986166255751286
8.965845494750937,8.840374384808605
9.442879644930755,9.333642610509605
8.065265208897733,8.295622161400324
9.65598726971718,9.964900176969735
8.104099056143582,8.22767551133032
9.4922055591064,9.516565822041251
8.57866451350434,8.49247530954658
7.561121589530238,8.05732854351343
9.53191649607552,9.31137217893139
9.791605819888035,9.846168209398824
8.011686729127847,8.127764241818644
9.048409504829962,9.268490681265103
9.609921536925372,9.704772802633611
9.222565341598752,9.121243827771497
8.679141958402255,8.614395005559079
8.816853240627426,8.790287747514073
8.385032287813898,8.400467859869524
9.909022208034605,9.912499161491585
9.029178142902074,8.829064498967904
9.159678457173955,9.201592051504663
9.165238398063762,8.885220920555323
9.989573501449255,9.903066978705517
9.524859098381524,9.318533651046737
9.606293719711752,9.975380380065365
9.739320206322216,9.471937623859025
8.999001866111735,8.980634436238457
9.789422596248157,9.910184783307965
8.597851094433691,8.478196032828782
8.041412909393047,8.39068633698027
8.545391845774915,8.528894015303894
9.347577390281268,9.187007102196578
9.842462850698354,9.800142650803847
9.749753452594089,9.805950430019342
9.254357257392956,9.154824145190412
9.501665799342762,9.323773752594553
9.427143867544194,9.205565795178423
8.202208436436448,8.20073265587197
9.256078263650036,8.957534321915173
8.20631072579402,8.217631983363674
9.341193180394946,9.307747775360818
9.180705566846491,8.911246758242806
9.373139262281274,9.168055401598647
9.456106101326672,9.164955008182856
9.031811613420924,8.837055653828322
8.911260254572033,8.797623889681013
9.672122799562842,9.739532142900785
9.542015406113592,9.333118600354823
9.495068084601527,9.391807737690353
9.084777149000836,9.250019323309054
9.02437217426203,8.857361047326107
9.267476563346992,9.189976493073672
9.133891199812776,9.128012292270759
9.637697426500443,9.587045187859365
9.427868184504756,9.168666746779225
9.227787285579904,8.891334372361108
9.799958691707271,9.94577380632021
7.752335163302292,8.06042893692922
9.392995206560258,9.232464983123874
9.095826985187422,8.955787621399235
9.598998361767968,9.884901293339757
9.648853334130548,9.666127053718476
9.1235835080499,9.006965946516228
8.934718614016768,8.640464510759458
9.574427775630369,9.500583512320414
8.553139318189707,8.419244890415863
9.064852065227576,8.8093704506507
9.895757754474186,9.90608003709551
7.6953031349635665,8.113179292510559
9.340491056441229,8.984739182450912
9.444621667700847,9.35246330856884
8.896451207355227,8.786838013995094
8.907070776182689,8.793038800826675
8.71292443512011,8.526055626965494
9.1874810778301,9.171024792475741
10.026545540027982,9.97974713135521
9.461410325931231,9.573682928912437
9.841505760180247,9.921319999097072
9.659248037927185,9.723768170744442
8.15908865466791,8.257544090152866
9.940205135471292,9.902324630986243
9.45954145760968,9.700406051343766
9.74384682996523,9.963459149044086
9.785210644945074,9.704947472685205
9.371523409567573,9.341895770447413
8.674025985443025,8.702079371459185
9.521274996238114,9.852237993691709
7.751045117971802,8.103397769621305
9.39349491507403,9.36324918425476
9.852246888342531,9.768833044055652
9.675645480440364,9.73996881802977
9.731215331595177,9.721890467689809
9.124455632819013,8.825309092858637
9.427304872213677,9.733811698711088
9.430920640887228,9.27936389197682
8.00903068506973,8.18828741469591
8.644530439877432,8.414572466535727
8.769507120030227,8.651425056496972
9.16303909885817,8.969935895578335
9.210340371976184,9.969659935875669
9.364433907313582,9.257180795424402
9.134107065976591,9.141811226346672
9.16303909885817,8.853954981320026
9.795902341856191,9.690231520838426
8.201111644442758,8.267762288171106
8.354203562921775,8.292478100471634
9.605351022180487,9.683637726390758
8.747352077624353,8.724655475627689
9.574983485564092,9.895687169025678
9.562193710635698,9.173950515839937
9.005405040310642,8.813300526811561
8.476579508530941,8.481602098834863
8.387539983189367,8.31444285945956
8.886132618174951,8.823431389804004
8.561592778712923,8.409201362449217
8.718663567048953,8.721904422315085
9.382022193665792,9.210325554084354
8.889859587773016,8.694874231830939
9.314520190885846,9.237006404465314
9.579072337028126,9.386218296039349
7.558516743045645,8.118812401674461
8.578852571802965,8.900460882556885
9.262648151599528,9.133252393818573
8.053887083618223,8.137414762169204
8.781248333236862,8.804479689206072
8.834628222017367,8.707843483161781
9.443988555935478,9.383248905162255
8.20631072579402,8.19876761779154
9.071423072789514,8.793300805904066
9.51406802284643,9.52171858856327
8.078688229229872,8.28322058773716
8.10349427838097,8.144445231745856
9.35755275165657,9.09962840888676
9.186457431512853,9.156789183270844
8.945462952177666,8.719240704028278
8.12533508671429,8.247762567263612
9.073603848402712,8.767929980910061
9.843365929194746,9.90385299393769
8.42222295382501,8.346101806310942
9.697262571660614,9.726999566698929
9.331584079261546,9.096309677906477
9.572828387229206,9.356961062397382
8.857372832825773,8.663258952492454
8.997765772011208,8.890242684538647
9.309733115854218,9.028799702965458
8.9001399880938,8.8490205523625
9.477079667408038,9.680886673078154
9.481969279105716,9.302376671274308
9.11085147347544,8.96840753262689
9.494767151707292,9.414340174345957
8.914894908906568,8.80225264604825
9.752199438322346,9.882237575052951
8.59489469908009,8.418939217825573
8.245909264774093,8.240295422557974
8.430981494597171,8.356451006867877
9.707290170206525,9.652459122181257
9.27162360039308,9.18211634075195
9.464672464746409,9.533159476942666
8.935903526274423,8.554439510349493
9.21094019204815,9.197181632701918
9.006263883379198,8.75124899098285
9.762039188951752,9.673201190808026
8.1797604936999,8.192392160908366
8.449342524508063,8.337804978860236
9.351666308066616,9.052904170085409
9.6457525564523,9.562853385713618
8.56483984488359,8.449724814418987
9.542158939916048,9.504906596097364
9.422544303252009,9.127837622219165
9.23151460720759,8.980154093596575
7.809135398120538,8.184226335996353
9.130322663990151,9.058100604120325
9.625821815359837,9.445387776016762
8.352318548226004,8.328154458509676
9.750977193313805,9.700231381292172
9.199683791787654,9.38787766152949
8.45531778769815,8.517103786821309
8.487558386286548,8.362826463751052
9.472396896788991,9.527701037830358
9.764168012286715,9.997607144130681
8.499843553081124,8.40059886240822
8.098946748943339,8.363219471367138
9.320986892063246,9.200020021040318
8.711443319075466,8.623084840625872
9.550733483340633,9.372419361963436
7.921535632133549,8.311167795992175
9.016512874996026,8.898233839399065
8.855948534052018,8.569985144941345
9.087607606593886,8.917141872484098
9.243484970568485,9.086091479888237
7.799753318287247,8.109729558991582
9.614871710924255,9.347048536969432
9.247732491193243,9.03587384005501
7.988203597022576,8.133222680930952
8.207946941048617,8.331211184412568
9.648337205086833,9.53446950232962
7.781138509845015,8.159903531311912
8.774776816043985,8.882295197191127
9.251002353695071,9.728702599701968
8.612139668725192,8.584963101865515
8.212025804623437,8.333481895083288
7.99967857949945,8.17806921667767
8.202208436436448,8.377760753162326
9.71739890917293,9.966603209972774
8.223358899479258,8.253002668811426
9.017726025696795,8.822208699442847
9.037533407550814,8.917141872484098
9.637632201310456,9.92450772753866
8.440312147080279,8.365053506908874
9.221082468508085,8.843824118327584
9.178540059426386,8.95308023559953
8.952993499320474,8.604351477592433
8.80071662871916,8.582648723681897
9.720885956534854,9.978044098352171
9.822331725575118,9.95795704241888
9.404590499635413,9.723986508308935
9.23327534325868,9.179976632619926
7.592366128519796,8.076061906546869
9.48417703760591,9.566434121771293
9.536184905522312,9.766474998359135
9.4181672191785,9.275957825970739
9.063810579280286,8.929019435992478
8.6328406149422,8.619940779697181
9.312264991698108,9.007970299312893
8.820994645747902,8.60557416795359
8.590815331286851,8.39859015681489
8.661812881026181,8.460860030208094
8.43771698991444,8.338110651450524
8.72355674269043,8.604962822773011
8.438799123988225,8.401122872563
9.59014573330377,9.36469021218041
9.180705566846491,9.436042928256493
9.353834471614912,9.251023676105719
9.436918020024674,9.291023117920709
8.531884740159228,8.414528799022829
9.403931521028367,9.399929895089466
9.64859530290734,9.693244579228418
8.969541885423252,8.89976220235051
8.729882284826589,8.676708546465179
8.321664807135,8.204531729494137
9.596894455192588,9.834334313403343
8.955706153570603,8.870068293579559
9.660523873772611,9.450191202435594
9.845911404398532,9.938088324050081
9.080687163749312,8.974215311842384
8.703506769479729,8.625006211193403
8.310660905907225,8.371865638921033
8.612321536507814,8.441515321994077
9.68084387626357,9.837434706819131
9.437635294412868,9.956647017031926
9.401126007182269,9.318009640891956
8.444192298531748,8.422563621396145
8.639587799629844,8.439550283913645
9.572619582634749,9.823242765127134
9.21074029199751,9.081419056008102
8.585972706811063,8.476973342467625
9.688560155993258,9.720100099660971
8.895766604056085,9.083034753985345
8.410498452745275,8.342433735227472
8.348064228408266,8.314792199562747
8.832295859444011,8.567539764219031
9.05998249038762,8.858889410277552
7.501082124259871,8.073136183182672
8.00836557031292,8.234574978368277
7.385230923066573,8.033835421574059
8.94767606249969,8.80478536179636
9.241839039035554,8.78557165612104
8.38160253710989,8.28806768166889
9.396985900250192,9.442942395294448
8.286521373681236,8.282827580121074
8.771835409789817,8.8235623923427
9.042158378735948,8.833256580206157
9.395823592107716,9.110239614521085
9.901485549865455,9.9631098089409
9.435402082446297,9.086440819991425
8.113726085970747,8.55902459920383
9.354613861132608,9.71590801842272
9.684460516733758,9.959136065267138
8.72371943690701,8.482955791734714
8.532672762264625,8.680725957651838
9.285262298493445,9.345869514121173
9.310728546007452,9.151680084261724
8.17948018535889,8.28832968674628
9.383705270727246,9.452854920722398
9.371948887172596,9.184823726551654
9.328834266023971,9.374646405121258
8.458504195067558,8.539636223476915
7.845024417241484,8.05505783284271
8.784162222270476,8.461122035285484
7.857093864902493,8.075319558827594
9.780811314668616,9.935249935711681
9.587406005562649,9.616520759065825
7.582738488914411,8.089205827929305
8.737292112544221,8.59762668060607
8.645586406184636,8.365839522141046
9.72136597574484,9.729357612395445
8.741136422901011,8.753738039218062
8.699348067653093,8.516623444179427
9.723283751713176,9.86756529071907
9.68489612456914,9.584381469572559
8.059592328887545,8.162654584624514
9.038483865029992,8.680551287600244
8.277920258172143,8.302128620822193
9.852246888342531,9.800186318316745
7.843848638152472,8.150646018577438
8.228710798793687,8.33282688238981
9.618069581737414,9.53451316984252
9.600488775972456,9.734117371301377
7.785305182539862,8.0921752188064
9.066585468331043,9.019323852666492
8.297792626380861,8.336800626063571
9.464750005164392,9.168754081805021
7.980365765111246,8.210601513787022
9.832904131080666,9.97127563385291
9.471935109664646,9.508705669719529
9.797293356129725,9.83918140733507
9.206031100388085,9.17246582040139
8.544808358449211,8.391778024802731
9.63756697186586,9.914071191955928
9.37101259736508,8.99757743124306
9.747593687577451,9.886866331420189
9.167641617443069,8.88644361091648
8.53895468319775,8.499505779123231
8.90910013492555,8.754218381859944
9.470856776355197,9.53756989574541
8.776321456449958,8.634831401595557
9.043695294567236,9.013996416092882
9.120196822123216,8.951027862493302
9.52134826973146,9.223949818108675
8.517393171418904,8.501645487255255
8.013012110368916,8.2197716914957
9.387984339219026,9.180544310287605
9.355652103136237,9.059803637123364
8.415381925269553,8.378634103420294
7.867871490396322,8.167894686172328
9.55669221559184,9.761802574479
9.605687801896062,9.94524979616543
8.991562278171614,8.634831401595557
8.440312147080279,8.329639153948223
8.410943391573527,8.3756647125432
9.141526055975824,8.850024905159165
9.558035114334135,9.632241063709271
9.680344001221918,9.925774085412716
8.661466680572662,8.599242378583313
8.966994113344454,8.861378458512764
9.144307401371744,8.86378017172218
8.563695025067657,8.344529775846597
9.148464968258097,9.061026327484521
9.09301972939964,8.806881402415488
9.570250078424843,9.761715239453203
9.36340474770302,8.883255882474893
9.041448235493888,9.439667331827064
9.686450319653678,9.869836001389789
7.861341795599989,8.118375726545477
9.258082367961604,9.053340845214393
9.443275825752862,9.272202419861472
9.372374183823416,9.383510910239645
8.082093278178382,8.301822948231905
9.536762272743896,9.475911367532786
9.71631424501115,9.685952104574376
8.163086375583216,8.383917872481009
7.874739125171811,8.126541551457487
9.729074639810214,9.47468867717163
8.353025845202325,8.253090003837224
8.950921764797261,9.074825261560434
8.405143687607614,8.362739128725256
9.560010841762033,9.68612677462597
8.555836815008442,8.596403990244912
8.795430805040018,8.663826630160134
8.965206802770357,9.099017063706182
9.661352295040318,9.766431330846236
9.339436945310592,9.321066366794849
8.318742252692399,8.325359737684174
8.886823846515187,8.975306999664845
9.310457163310955,9.244342546632256
9.606966531417145,9.507919654487356
8.927977461002001,8.999367799271896
9.44057869576626,9.309101468260671
9.857391256643156,9.883765938004398
9.36134324551271,9.210369221597253
8.684570300824369,8.530073038152153
9.661607055884954,9.96791323535973
8.17103418920548,8.320861983855632
8.701346403039162,8.619678774619791
9.399968503952577,9.313380884524719
7.726653664847642,8.079773645143238
8.442685139241176,8.411122733016748
7.827240901752812,8.222129737192216
9.30383071506352,9.133558066408863
8.542470998600505,8.331516857002857
9.056023011591826,9.05482554065294
9.041566627727496,8.835308953312385
9.840387995592812,9.791321813198358
9.216918687336303,8.960503712792267
9.604002767965197,9.384602598062108
9.118553976345474,8.959805032585892
9.271341393533582,9.14779367561376
9.132378830506472,9.017839157227945
9.3868953338758,9.260979869046569
9.483340185641822,9.475998702558583
9.726452000171411,9.886123983700914
8.953122840328222,8.738672747268094
9.64930472862475,9.981930507000135
9.001346243766392,8.978101720490347
8.456806041401142,8.33365656513488
9.345570321236286,9.053340845214393
7.830822995135316,8.087852135029452
9.012011377036412,9.021769233388806
9.244741798693514,8.999455134297694
8.780326390946605,8.905089638924123
9.143773127704067,8.99133297689858
9.787739943991816,9.600756786909482
9.199582715323222,9.149147368513614
8.463159302923751,8.463349078443306
9.904437101571716,9.861888514042269
7.948031990637284,8.142436526152528
9.778321076243234,9.72328782810256
9.653358136136932,9.475998702558583
9.309008543772883,9.063122368103647
9.489713016556824,9.378358143717627
9.251194365984448,9.513945771267345
7.564757012905729,8.080472325349612
7.676473646389156,8.210252173683834
9.821029430095606,9.975467715091163
9.396321889601625,9.398139527060628
9.617271072245956,9.613158360572644
9.430278792341444,9.640887231263166
9.613001552751612,9.408401392591767
9.526755663250835,9.124213218648592
8.59877317840866,8.584657429275227
9.181735114965848,9.16255329497344
9.668650902630873,9.69490394471856
9.135185698375423,9.075654944305505
9.24212969446559,9.565604439026222
9.12598002335811,8.983036149447873
9.704914655156124,9.878263831379192
9.802948727157515,9.934987930634291
9.316500567804573,9.340673080086257
9.692643056808937,9.559752992297827
9.033125752550372,8.969149880346162
9.328212292571072,8.937927608623765
9.385301574363844,9.17556621381718
9.339876293325217,9.560888347633188
9.854612384753992,9.964987511995533
9.583075655461428,9.620887510355672
9.113388845899731,9.359668448197086
8.944289319650697,8.810724143550551
8.053251153549096,8.207457452858334
8.8023721336499,8.556622885994416
9.719744986586726,9.579097700511845
8.98117874833641,8.743257836122432
7.833600223661103,8.11741504126171
7.644440761556566,8.04824570083055
8.655562860681009,8.51256236547987
9.416297071867572,9.725864211363568
7.848543482456679,8.147632960187444
8.764834214330834,8.604657150182721
8.700680734850161,8.381123151655506
9.059168584174444,9.294560186465484
8.817594036275793,8.592473914084051
9.01249900352419,8.877841110875483
9.50925907635395,9.452374578080516
8.207946941048617,8.31981396354607
8.720460512725655,8.550509434188632
9.516868732224324,9.468444222827149
8.39072252736229,8.480204738422112
9.470856776355197,9.386742306194131
8.821879862683842,8.726445843656524
8.13622555490846,8.186322376615479
9.772068213669291,9.87402808262804
9.07096335550754,9.422680669309564
8.53660358493606,8.627844599531803
8.293549515060345,8.381123151655506
7.904334842085095,8.21466259248658
9.408371222475315,9.379537166565886
8.974871170971337,8.976748027590496
9.269080866998785,9.43268052976331
9.43620023078462,9.900534262957406
9.31721973360328,9.594250327487611
8.169336395928386,8.189248099979675
8.394573477868327,8.408721019807333
8.685922794690725,8.378503100881598
9.52690140397834,9.359406443119695
9.433803872101311,9.495998423466077
10.014894750110258,9.935118933172987
8.461469042643875,8.384485550148689
9.274628861858544,9.19517292710859
9.21890360263667,9.115829056172089
8.971194463184467,8.839981377192519
9.694061978050115,9.479317433538865
8.878079256126435,8.799850932838835
9.046055177668327,8.830461859380655
9.090542808520588,9.106091200795731
7.795234929002173,8.056018518126475
9.680093969966707,9.619053474813937
9.325809621782296,9.593376977229642
9.628721705350891,9.432549527224616
8.874028122556336,9.043297317247747
9.577203242302405,9.940359034720801
8.740496729931813,8.509942314705963
9.325898712610456,9.111112964779055
8.621012520055235,8.573915221102206
8.22389538017882,8.362389788622067
9.777924329560784,9.824072447872204
9.298259670014064,9.081637393572596
7.835974581721566,8.226583823507859
8.351138607086154,8.303001971080162
8.703008637464448,8.822165031929948
9.552652665079078,9.532635466787884
8.323608442343572,8.280862542040644
8.491875383431948,8.531907073693887
9.022563964499264,8.860243103177405
9.004545458996587,8.990110286537423
9.262932822095353,9.000197482016969
9.871738854221547,9.956909022109318
8.982686665184087,8.789458064769002
9.364005219520331,9.090763903768373
9.70649895869877,9.736693754562387
9.521128433142438,9.354079006546083
9.328478899993224,9.486653575705807
9.418248450647615,9.162596962486338
9.370501524100124,9.568704832442013
9.292565312231853,8.978232723029043
9.43914785291483,9.07639729202478
8.338305731356565,8.382258506990867
8.29254851397576,8.442432339764943
7.842278779117352,8.219859026521496
9.450380370950125,9.415650199732912
9.080573313917116,8.62343418072906
9.595534743241988,9.978437105968258
9.635738817791797,9.566608791822887
9.709113657218,9.867215950615881
9.39182824802156,9.27338144270973
9.432283202713874,9.273599780274223
9.574080300037034,9.989790659321857
9.108086137937429,8.92417234206075
8.647694999480395,8.559635944384409
9.571505221187769,9.611629997621197
8.429017500512511,8.371428963792049
9.20974019190415,9.041201276628621
9.578864832272064,9.870054338954281
9.435561763085358,9.381633207185011
7.934155233536322,8.13837544745297
9.507551894644092,9.515910809347774
8.005367067316664,8.207457452858334
8.824236617346639,8.796182861755364
9.50688307286016,9.623158221026392
9.018453210312527,8.658892201202608
9.208638925336423,8.79068075513016
8.97423821949758,8.814261212095326
9.46412951340478,9.966865215050166
8.838986793496787,8.81928297607865
8.508555998020574,8.462563063211133
9.377209824211215,9.471151608626855
9.102309627762478,8.900897557685871
9.431562077727694,9.76267592473697
9.236592743120248,9.166352368595605
8.714239143608575,8.792471123158995
9.364948090202622,9.162334957408948
8.97941663334301,8.80059328055811
8.91784674252718,8.86915127580869
9.89318465954023,9.669227447134267
8.942199454731238,8.832033889845
8.60666819784384,8.615399358355742
9.331052447138449,9.16879774931792
9.697508347391498,9.801016001061816
8.500250470685925,8.406100969033426
9.873646710525106,9.61892247227524
9.551942286417392,9.499273486933461
9.100302266767246,8.94570042591969
7.788626065625031,8.107633518372454
9.580109215426074,9.788570759885756
8.935245415029874,8.92080994356757
9.206432747145165,8.866531225034784
8.820256365906321,8.605399497901995
9.627536402960043,9.700406051343766
9.147507062804614,9.114562698298034
9.504650430718184,9.401065250424827
9.545454543987823,9.249713650718766
7.611842399580417,8.084446069023373
8.699181359308954,8.641861871172209
9.523763287920112,9.342201443037702
8.67812085552252,8.483261464325004
9.646528652727188,9.609140949385985
8.84937050375457,8.768584993603538
8.783702698635217,8.702428711562373
7.824845691026856,8.089773505596986
9.735719576749684,9.931669199654008
9.846387960495557,9.900577930470305
9.5385643997409,9.705253145275496
7.69484807238461,8.22230440724381
9.061608318175784,8.930023788789143
9.367087677650709,9.293468498643023
9.211639527707804,9.155610160422585
8.904358542352968,8.98089644131585
9.474318717728728,9.243207191296895
8.53660358493606,8.501427149690763
9.078065332666364,8.644307251894523
9.746775261248594,9.525080987056452
9.31099985507536,9.135566772002193
9.448017793067429,9.038362888290221
8.580731212220226,8.445052390538851
9.61560546008168,9.602416152399623
8.3243363327069,8.294836146168151
8.952605375892354,8.827361465964865
8.62371303479391,8.578238304879154
7.946263643580541,8.157283480538004
8.626585568187433,8.461689712953165
9.582248696555505,9.534032827200635
9.03336450150698,8.9879269108925
8.777247096750544,8.52361024624318
9.711297461543568,9.973066001881747
9.800956363888462,9.939791357053121
8.176672771948455,8.153964749557721
8.640825751861513,8.505575563416116
8.871224644409553,8.615923368510524
7.424761761823209,8.080122985246426
9.069467813094768,8.872076999172887
7.6004023345004,8.082175358352654
9.146974496354362,8.905482646540209
7.957527402230773,8.09841967315088
9.791493975575204,9.560713677581594
9.539284342176604,9.68839748529669
9.02280524812934,8.737537391932733
9.503681402279645,9.721235454996332
9.054855469135788,8.778410184005692
9.299632479454944,9.227836226756637
9.310004695089129,9.212377927190582
9.751792189283934,9.690886533531902
9.388235479817224,9.499229819420563
9.764914902672189,9.740929503313536
9.61447125707121,9.441108359752713
9.6714924414986,9.504906596097364
8.842171048611716,8.56924279722207
9.191157552559408,9.07753264736014
9.416052881560711,9.71590801842272
9.158520623246384,9.057052583810762
9.045347797304004,9.080502038237235
9.70996348123418,9.947127499220063
9.69239608224606,9.93926734689834
9.675519883856426,9.936210620995448
9.045465728785947,8.981027443854543
9.360569085222874,9.477308727945536
9.593423529191217,9.898962232493062
9.19207456316929,8.908976047572086
9.2605580881368,9.139671518214648
9.01322999770879,9.028101022759083
7.479299637782834,8.198068937585164
8.989319566042951,8.797056212013334
8.205764725234456,8.341298379892113
9.007856923358275,9.034214474564868
9.746014693711563,9.843897498728104
9.013473543740192,8.918932240512934
9.081711229379,8.833562252796446
8.367532416861831,8.381254154194202
8.907883013942248,8.692559853647321
8.982561092257445,8.791554105388128
8.366835309827675,8.445052390538851
8.201934351194222,8.280862542040644
9.508665604526444,9.420366291125944
9.011645501064285,8.64919801333915
9.639261556120688,9.89249944058409
8.323122887587735,8.402127225359665
9.387984339219026,9.624511913926243
9.146974496354362,8.809850793292583
9.307285578032662,9.532984806891072
7.545918151209323,8.10291742697942
9.745956164549392,9.80293737162935
8.645762292210945,8.430991451385548
8.650499558724462,8.503828862900178
9.859535665006945,9.820884719430616
8.551208070003515,8.316800905156075
9.094817280720644,8.891683712464296
9.01127949117793,8.826706453271388
7.302496423727326,8.054359152636334
9.20532783015264,9.149278371052308
9.4898642567265,9.574556279170405
9.75272280064639,9.82503313315597
9.616272037895987,9.792369833507921
9.785266921148695,9.744903246987295
8.03073492409854,8.298504217251622
8.585599224080298,8.369245588147127
9.086023537468805,8.780244219547427
9.494390858193912,9.36237583399679
9.766865674993165,9.846430214476214
9.643355794171352,9.705078475223901
9.279306576440906,9.267136988365252
9.763305521936266,9.41342315657509
8.759197750371365,9.174081518378634
9.717218213494077,9.668921774543977
8.737773460327283,8.575312581514957
9.36717316600297,9.246001912122397
8.693328989123106,8.495925043065558
9.683713318691522,9.729095607318055
9.320897362540826,9.183513701164701
9.089866218508307,9.068362469651463
7.759187438507795,8.170558404459134
8.132706489693264,8.197850600020672
9.915218475411828,9.833417295632474
9.219696466900208,9.447221811558498
8.901094121608562,8.868976605757096
8.68169016329764,8.630726655383102
9.572480355345974,9.237748752184586
9.382864086290027,9.00521924600029
9.454853949026583,9.587918538117334
8.091933455979893,8.246146869286369
9.400133943608838,9.241547825806753
8.385716828627851,8.304574001544507
9.28868933838716,9.205303790101032
8.106514516255185,8.264225219626331
8.939318740417509,8.654962125041747
9.38235903577424,9.13194236843162
9.67965626478542,9.880796547127302
8.823647949191303,8.622997505600074
8.512783482927537,8.533435436645334
8.15162164696975,8.19592922945314
9.49987073528558,9.902586636063633
9.55506418479516,9.817827993527724
8.958668737047434,8.869413280886082
8.730367211692958,8.552954814910946
9.711721536914174,9.842718475879845
7.729295674310482,8.144707236823248
9.534161491043838,9.808614148306148
9.466841326944389,9.720798779867346
8.512180649592693,8.586360462278266
9.507551894644092,9.433990555150265
8.906122330884303,8.59308525926463
9.462343451970945,9.063821048310023
8.923457979694966,8.731904282768832
8.591929537530255,8.553828165168914
8.430109084509125,8.438764268681474
9.132919225007598,8.897142151576602
9.244645175668174,8.983647494628451
9.449750895754264,9.43752762369504
8.53089883847235,8.42217061378006
9.036938912556788,8.902469588150215
9.466299552232016,9.852893006385187
9.403601868808472,9.590232916300952
9.44549154241467,9.229932267375762
9.334061298965942,9.635297789612164
9.096947684621092,8.866836897625072
9.270964993792616,9.165217013260246
