Actual,Predicted
5394.56,5394.559999999999
1976.24,1976.2399999999984
2554.17,2554.170000000002
5538.33,5538.329999999999
4045.92,4045.9199999999983
4132.52,4132.52
1433.8,1433.8000000000006
187.47,187.47000000000116
1444.72,1444.7200000000012
2265.86,2265.859999999999
80.35,80.34999999999945
4788.64,4788.640000000002
4129.32,4129.3200000000015
6333.91,6333.909999999996
6410.13,6410.129999999999
6764.27,6764.27
2384.23,2384.2300000000023
3220.66,3220.6599999999976
6387.9800000000005,6387.980000000002
1805.52,1805.5199999999977
4302.29,4302.29
340.27,340.2700000000027
1641.4499999999998,1641.4499999999978
4138.18,4138.180000000001
3420.19,3420.1899999999987
10257.12,10257.119999999999
1626.97,1626.970000000004
3294.01,3294.0100000000007
3664.82,3664.8200000000006
815.59,815.5900000000029
315.89,315.8899999999994
6150.1900000000005,6150.189999999999
6743.2,6743.199999999995
6176.83,6176.83
1297.72,1297.7200000000037
798.83,798.8300000000022
3334.35,3334.350000000002
5913.81,5913.81
6874.3,6874.300000000001
796.9,796.8999999999996
3371.6,3371.5999999999985
3274.83,3274.830000000001
791.19,791.1900000000005
990.55,990.5500000000011
3229.34,3229.339999999997
3666.71,3666.709999999998
2297.5,2297.499999999998
844.83,844.8300000000031
7220.129999999999,7220.130000000001
537.62,537.6199999999994
4247.26,4247.26
5782.69,5782.6900000000005
1581.87,1581.8700000000038
5595.67,5595.669999999998
1715.1,1715.1000000000017
2528.26,2528.2600000000007
534.9,534.9000000000015
3216.5,3216.4999999999986
2806.54,2806.5400000000013
4216.15,4216.15
507.53,507.5299999999984
2167.08,2167.079999999999
3393.16,3393.159999999999
5480.46,5480.459999999998
5134.629999999999,5134.630000000003
674.32,674.3200000000006
1235.15,1235.1499999999987
5068.98,5068.98
5698.4,5698.4000000000015
1904.83,1904.830000000001
1929.57,1929.569999999999
1235.15,1235.1499999999978
2584.25,2584.2500000000027
4773.8,4773.799999999998
3216.5,3216.5
10293.63,10293.630000000001
6871.88,6871.880000000001
577.59,577.5900000000001
572.42,572.4199999999996
7620.83,7620.829999999998
1805.9,1805.9000000000003
1773.57,1773.5700000000002
2757.0,2757.000000000002
6838.08,6838.080000000001
11427.679999999998,11427.679999999997
6331.09,6331.09
7652.030000000001,7652.029999999999
2223.27,2223.269999999997
4769.59,4769.589999999999
3371.6,3371.599999999999
7120.71,7120.7099999999955
1415.89,1415.890000000003
2339.58,2339.5800000000004
207.5,207.49999999999955
5504.87,5504.869999999999
9288.93,9288.93
2966.2200000000003,2966.2199999999984
2956.74,2956.7400000000025
1805.9,1805.9000000000005
6402.790000000001,6402.790000000001
4882.61,4882.610000000001
178.07,178.07000000000153
247.03,247.02999999999884
3305.43,3305.43
2588.1600000000003,2588.159999999999
20.75,20.750000000000455
1460.68,1460.68
1838.0,1838.0000000000014
6269.54,6269.539999999999
1235.15,1235.1499999999971
4720.24,4720.239999999998
1412.0300000000002,1412.0300000000013
950.83,950.8300000000054
1838.0,1838.0000000000014
3530.99,3530.990000000002
4284.44,4284.44
83.0,83.00000000000136
1864.1,1864.1000000000008
927.92,927.9200000000014
927.92,927.9199999999996
1235.15,1235.1499999999971
1328.0,1327.9999999999989
531.76,531.7599999999993
4802.570000000001,4802.5700000000015
169.94,169.93999999999915
534.33,534.3299999999999
1427.5300000000002,1427.5300000000016
8453.63,8453.629999999997
5524.78,5524.779999999998
3572.54,3572.540000000001
5068.98,5068.98
4718.46,4718.459999999999
5992.63,5992.630000000003
4146.63,4146.630000000001
3025.99,3025.989999999998
2589.88,2589.880000000003
1789.69,1789.6899999999978
674.32,674.3200000000011
2205.39,2205.390000000002
4091.04,4091.040000000001
2632.67,2632.6700000000023
2262.13,2262.1300000000033
4236.160000000001,4236.160000000001
1918.22,1918.2200000000028
127.11,127.11000000000013
11495.88,11495.879999999997
786.41,786.4100000000008
1511.05,1511.050000000004
7167.7300000000005,7167.730000000001
2478.21,2478.209999999998
4838.5,4838.500000000002
141.86,141.8600000000024
4687.17,4687.169999999998
3371.6,3371.6000000000013
7988.530000000001,7988.529999999998
1600.18,1600.1800000000014
8497.98,8497.98
3251.92,3251.9199999999983
3164.76,3164.759999999999
221.04,221.0400000000036
4227.22,4227.22
463.96,463.9600000000014
1935.36,1935.3600000000001
4780.93,4780.9299999999985
1019.85,1019.8499999999981
177.52,177.5200000000027
6234.55,6234.549999999997
4639.6,4639.5999999999985
123.81,123.81000000000085
4784.88,4784.879999999999
5104.77,5104.7699999999995
2303.82,2303.8199999999997
5462.070000000001,5462.069999999997
1278.73,1278.7300000000018
3394.3900000000003,3394.3900000000017
227.82,227.81999999999834
2095.33,2095.330000000001
1139.68,1139.680000000004
1805.9,1805.9
6399.8,6399.800000000003
753.23,753.2300000000014
114.01,114.00999999999931
1003.35,1003.3499999999995
2398.52,2398.5200000000013
2454.46,2454.460000000001
20.75,20.75
5535.240000000001,5535.239999999999
1646.5400000000002,1646.540000000003
555.86,555.8600000000006
11577.97,11577.969999999994
1743.9,1743.8999999999985
1465.71,1465.7099999999996
6329.52,6329.52
4781.34,4781.339999999997
1855.84,1855.8399999999997
3408.61,3408.6099999999997
1082.9,1082.9
791.19,791.19
5600.79,5600.79
6314.73,6314.729999999998
8010.42,8010.419999999997
2611.67,2611.6700000000037
988.33,988.330000000004
2534.49,2534.49
7344.639999999999,7344.640000000001
165.54,165.53999999999996
761.4000000000001,761.4000000000001
3793.39,3793.3900000000003
2167.08,2167.08
2515.24,2515.239999999997
321.44,321.4400000000014
4752.06,4752.059999999998
3776.19,3776.190000000003
8505.699999999999,8505.699999999993
4020.67,4020.6700000000014
4090.33,4090.329999999999
246.07,246.06999999999925
2223.27,2223.269999999998
124.5,124.49999999999955
786.41,786.4100000000017
791.19,791.1900000000041
2359.23,2359.2300000000014
2262.78,2262.7800000000007
2021.41,2021.4100000000037
844.83,844.8300000000022
3987.24,3987.24
529.3399999999999,529.340000000002
5779.639999999999,5779.640000000001
2511.87,2511.8700000000017
124.5,124.49999999999864
972.37,972.3700000000008
4661.950000000001,4661.949999999999
180.09,180.09000000000196
2470.3,2470.2999999999975
1733.5500000000002,1733.550000000003
1454.7700000000002,1454.77
4057.69,4057.6899999999987
2579.81,2579.8100000000013
4639.6,4639.5999999999985
2265.92,2265.9200000000005
10308.17,10308.169999999998
512.75,512.7499999999986
93.7,93.70000000000164
513.95,513.9499999999994
9359.91,9359.91
3731.93,3731.93
1910.17,1910.17
568.13,568.1300000000006
1564.14,1564.14
7013.48,7013.479999999999
1595.69,1595.6900000000003
847.3399999999999,847.3399999999997
4270.110000000001,4270.1100000000015
186.75,186.74999999999818
1395.99,1395.9900000000016
6797.92,6797.919999999996
2351.6000000000004,2351.5999999999995
3250.62,3250.6200000000003
3641.21,3641.210000000001
8019.32,8019.320000000001
11541.94,11541.940000000002
3676.0,3675.9999999999977
1904.58,1904.5800000000004
810.88,810.880000000001
4135.5,4135.499999999998
232.07,232.06999999999925
2254.3,2254.2999999999993
462.14,462.14000000000306
1508.0,1508.0000000000011
11484.87,11484.869999999999
5625.32,5625.319999999998
4634.25,4634.250000000002
41.5,41.499999999999545
4173.02,4173.02
2330.73,2330.7300000000014
20.75,20.749999999998636
5698.4,5698.4
3281.69,3281.69
884.42,884.4200000000001
2757.0,2757.0000000000005
247.03,247.0299999999993
2234.15,2234.1499999999996
62.25,62.249999999998636
4068.32,4068.32
1142.85,1142.850000000003
803.7099999999999,803.71
2169.78,2169.78
1036.38,1036.380000000001
6859.5,6859.499999999999
8517.33,8517.329999999998
2359.23,2359.229999999999
844.83,844.8300000000031
4838.45,4838.449999999999
4055.97,4055.969999999999
2697.28,2697.2799999999997
3368.49,3368.4899999999993
9117.44,9117.439999999999
62.25,62.24999999999818
4649.990000000001,4649.989999999999
3164.76,3164.7600000000007
734.34,734.3400000000029
530.61,530.6099999999997
1473.17,1473.17
166.0,165.99999999999955
1595.19,1595.190000000003
1655.66,1655.6600000000024
471.78,471.77999999999975
7611.62,7611.619999999998
833.34,833.3400000000015
516.13,516.130000000001
4640.99,4640.990000000001
201.38,201.37999999999784
1648.52,1648.5200000000023
5942.370000000001,5942.37
4747.14,4747.139999999999
3181.9,3181.900000000002
6371.61,6371.609999999999
4595.0,4594.999999999999
9178.47,9178.469999999998
4135.5,4135.499999999999
2337.1600000000003,2337.160000000002
5111.179999999999,5111.1799999999985
78.87,78.87000000000126
7648.64,7648.639999999999
986.55,986.5500000000025
5394.56,5394.559999999998
184.69,184.69000000000005
722.36,722.360000000001
2836.38,2836.38
41.5,41.50000000000091
6794.26,6794.26
1643.19,1643.1900000000053
823.82,823.8200000000029
7615.73,7615.729999999998
1621.47,1621.4700000000041
4296.13,4296.130000000003
2441.04,2441.0400000000022
2880.28,2880.2800000000025
2528.26,2528.2599999999998
1083.54,1083.5400000000013
7653.33,7653.329999999999
5441.47,5441.470000000001
207.5,207.49999999999818
961.09,961.0900000000001
3145.64,3145.6400000000003
5127.41,5127.41
3611.8,3611.799999999998
5546.400000000001,5546.4
3873.65,3873.649999999999
4289.71,4289.710000000004
1482.18,1482.1799999999987
2578.72,2578.720000000001
4175.64,4175.639999999999
2727.38,2727.3800000000024
11421.4,11421.399999999994
2415.65,2415.6500000000015
733.75,733.7500000000023
6847.76,6847.760000000002
4175.64,4175.6399999999985
4720.24,4720.24
2354.26,2354.260000000002
62.25,62.24999999999909
261.04,261.0400000000004
483.44,483.4400000000014
1855.84,1855.8399999999995
4066.37,4066.369999999999
6068.88,6068.880000000001
1378.5,1378.5
1288.53,1288.530000000003
2418.94,2418.9400000000023
2227.1,2227.1000000000004
535.53,535.530000000002
116.02,116.01999999999907
107.36,107.35999999999876
5538.33,5538.33
1838.0,1838.0000000000014
919.84,919.8400000000042
5504.87,5504.869999999997
2296.19,2296.1899999999982
1936.72,1936.720000000001
3256.4,3256.3999999999987
3375.45,3375.4500000000003
5913.81,5913.810000000001
3403.4300000000003,3403.430000000003
2541.0,2541.000000000002
159.31,159.31000000000176
361.18,361.1800000000012
883.5,883.5000000000018
3145.64,3145.6399999999976
1660.91,1660.910000000003
3371.6,3371.599999999998
83.0,82.99999999999818
3173.2900000000004,3173.29
2432.6,2432.6000000000004
769.77,769.7700000000013
1838.0,1838.0
1447.5300000000002,1447.5300000000032
1560.57,1560.5700000000004
7603.47,7603.469999999997
1936.36,1936.3599999999992
1006.0,1005.9999999999991
8095.610000000001,8095.610000000001
4135.5,4135.499999999999
3763.31,3763.3100000000013
6825.54,6825.540000000003
186.75,186.74999999999864
1503.42,1503.4200000000058
6417.400000000001,6417.400000000002
7164.35,7164.349999999999
3676.0,3676.0
5084.839999999999,5084.839999999998
4162.650000000001,4162.6500000000015
2801.3500000000004,2801.349999999999
888.84,888.8400000000029
494.06,494.05999999999995
209.35,209.35000000000036
967.44,967.440000000001
238.04,238.03999999999996
214.7,214.69999999999845
1430.4,1430.4000000000017
4710.74,4710.740000000001
10257.12,10257.119999999999
4251.73,4251.729999999998
777.9200000000001,777.9199999999978
3754.44,3754.44
115.56,115.56000000000131
3145.64,3145.6399999999976
838.08,838.0800000000004
8072.66,8072.659999999997
455.01,455.00999999999976
1057.33,1057.3300000000008
3210.05,3210.0500000000034
845.1400000000001,845.140000000003
3421.55,3421.550000000002
3210.07,3210.0699999999997
5449.450000000001,5449.449999999996
2452.67,2452.670000000003
1419.3000000000002,1419.3000000000015
4017.9,4017.8999999999987
1486.0400000000002,1486.0400000000022
4845.02,4845.019999999999
87.02,87.02000000000271
11488.5,11488.499999999996
4639.6,4639.599999999999
3250.62,3250.6199999999976
3863.97,3863.970000000002
1881.59,1881.5899999999992
4260.65,4260.65
4798.410000000001,4798.4100000000035
5504.87,5504.869999999997
537.95,537.949999999998
5504.87,5504.869999999997
236.37,236.37000000000035
7120.71,7120.709999999997
5548.23,5548.2300000000005
2279.36,2279.360000000002
361.18,361.18000000000256
1079.96,1079.9600000000014
1604.09,1604.0900000000015
3775.05,3775.050000000001
1643.39,1643.390000000005
2510.45,2510.45
2844.85,2844.8499999999995
5799.629999999999,5799.630000000002
919.0,919.0000000000045
11471.95,11471.95
4728.21,4728.209999999999
6106.57,6106.569999999998
4052.17,4052.170000000001
5394.56,5394.5599999999995
7644.94,7644.939999999998
174.05,174.04999999999973
5538.33,5538.330000000001
4655.92,4655.92
5969.2300000000005,5969.230000000001
1432.68,1432.6800000000019
257.96,257.9600000000014
9117.44,9117.439999999995
6910.49,6910.490000000002
2319.8,2319.799999999999
3707.37,3707.3700000000003
1976.24,1976.2399999999977
4732.68,4732.68
86.38,86.37999999999965
1487.94,1487.9399999999998
7120.71,7120.709999999999
2319.8,2319.7999999999984
1892.84,1892.8399999999995
5143.07,5143.0700000000015
4671.5,4671.499999999999
716.1300000000001,716.1300000000015
2400.2200000000003,2400.220000000003
166.0,166.00000000000045
4055.34,4055.3400000000015
3379.32,3379.3200000000033
1083.54,1083.5400000000013
3379.32,3379.3200000000006
141.54,141.53999999999996
5702.12,5702.120000000001
163.65,163.6500000000001
5582.36,5582.360000000001
4806.95,4806.95
1348.64,1348.6400000000003
1888.0,1887.9999999999998
1855.84,1855.8399999999976
2316.4,2316.3999999999983
5084.23,5084.2300000000005
988.12,988.119999999999
1892.9,1892.9000000000005
190.79,190.78999999999814
4558.72,4558.720000000001
1197.83,1197.8300000000022
3308.2,3308.2000000000003
7213.03,7213.030000000001
1961.46,1961.4600000000025
183.18,183.1800000000021
5597.76,5597.759999999999
1391.88,1391.8799999999985
7940.049999999999,7940.049999999998
42.16,42.160000000000764
5713.349999999999,5713.350000000001
9117.44,9117.439999999999
1083.54,1083.5400000000022
128.79,128.79000000000178
479.53,479.5300000000034
10300.53,10300.529999999999
1083.54,1083.5400000000018
211.15,211.14999999999782
1773.24,1773.2400000000048
1913.06,1913.0600000000015
2359.23,2359.2299999999996
1105.53,1105.5300000000007
8472.619999999999,8472.619999999999
1784.19,1784.1900000000003
303.81,303.81000000000176
1723.47,1723.4700000000034
674.32,674.3200000000011
1494.1,1494.0999999999979
11619.84,11619.839999999997
1448.19,1448.1899999999991
821.82,821.820000000002
5992.93,5992.930000000002
812.9200000000001,812.9200000000037
1391.88,1391.8799999999999
1427.74,1427.740000000002
4268.74,4268.739999999998
3328.42,3328.4199999999996
9219.39,9219.390000000001
2359.23,2359.2300000000005
1139.68,1139.6800000000035
988.12,988.119999999999
979.62,979.6200000000013
965.01,965.0100000000002
1391.53,1391.530000000002
258.76,258.75999999999976
4076.46,4076.4600000000005
1210.97,1210.9700000000034
3450.17,3450.1700000000014
489.6,489.6000000000008
4329.759999999999,4329.760000000004
6378.820000000001,6378.82
1139.68,1139.680000000004
4200.38,4200.379999999998
3367.59,3367.590000000001
2306.48,2306.4800000000005
997.67,997.6699999999978
284.22,284.2200000000007
1564.56,1564.5600000000013
5394.56,5394.559999999999
200.26,200.25999999999976
3278.6,3278.5999999999985
6797.63,6797.629999999995
2339.1600000000003,2339.16
1502.46,1502.4599999999987
6442.040000000001,6442.040000000003
4312.15,4312.1500000000015
3747.64,3747.6399999999994
1805.9,1805.8999999999999
2889.44,2889.4399999999987
4017.87,4017.8700000000003
3947.34,3947.3399999999974
83.0,82.99999999999727
2373.57,2373.5700000000024
289.47,289.46999999999935
1392.71,1392.7099999999998
8448.3,8448.299999999996
1748.23,1748.2300000000032
4825.9800000000005,4825.9800000000005
214.08,214.08000000000266
102.93,102.92999999999938
6398.18,6398.18
5880.57,5880.57
2800.51,2800.5100000000034
968.01,968.0100000000016
4724.660000000001,4724.66
2521.02,2521.0199999999973
2443.02,2443.020000000003
1482.18,1482.1799999999987
7149.83,7149.829999999996
126.61,126.60999999999967
5583.02,5583.02
1231.5,1231.5000000000043
894.86,894.860000000002
558.4300000000001,558.4299999999998
3331.78,3331.7799999999997
2298.06,2298.060000000003
6845.29,6845.290000000001
501.06,501.0600000000013
5566.52,5566.519999999999
5954.97,5954.969999999999
2223.27,2223.2699999999986
2223.27,2223.269999999998
1838.0,1838.000000000001
726.87,726.869999999999
3670.05,3670.05
5913.81,5913.810000000001
6435.36,6435.359999999999
5992.54,5992.5400000000045
5939.4400000000005,5939.440000000003
4005.07,4005.0700000000015
983.8,983.8000000000006
2406.74,2406.7400000000025
1435.0100000000002,1435.0099999999986
2390.31,2390.3099999999968
1978.26,1978.2600000000011
2798.15,2798.1499999999974
6403.910000000001,6403.9100000000035
106.24,106.24000000000115
1611.72,1611.7200000000034
1754.35,1754.3500000000013
2534.49,2534.4900000000007
2849.5200000000004,2849.52
6781.900000000001,6781.9000000000015
463.96,463.96000000000095
3145.64,3145.6400000000017
3371.6,3371.599999999999
2037.68,2037.679999999999
1560.15,1560.1500000000021
6797.93,6797.930000000002
8139.95,8139.950000000002
5964.030000000001,5964.030000000001
6443.47,6443.470000000001
3056.48,3056.4800000000014
1929.23,1929.2299999999996
8075.67,8075.670000000001
5947.84,5947.84
1576.22,1576.2199999999993
804.1,804.0999999999999
3611.8,3611.7999999999965
3372.23,3372.2299999999996
818.39,818.3900000000012
2613.99,2613.990000000001
2803.99,2803.9899999999975
556.59,556.5899999999988
965.12,965.1200000000017
2966.9,2966.9000000000015
2421.04,2421.0400000000022
1813.06,1813.060000000001
2625.6000000000004,2625.6000000000017
2470.3,2470.2999999999997
6404.39,6404.390000000003
991.64,991.6400000000017
523.74,523.7399999999993
539.56,539.5600000000036
63.25,63.24999999999818
7977.76,7977.759999999997
5793.83,5793.830000000001
2728.6200000000003,2728.619999999999
7191.15,7191.1500000000015
4175.64,4175.6399999999985
3371.6,3371.5999999999995
4678.1,4678.0999999999985
2926.44,2926.439999999999
1976.24,1976.2399999999982
798.1700000000001,798.1700000000023
5986.160000000001,5986.160000000005
1250.68,1250.6799999999982
115.59,115.59000000000287
515.26,515.2600000000011
4206.66,4206.66
912.8,912.8000000000034
1030.87,1030.8699999999972
4678.93,4678.930000000002
1472.2,1472.2000000000016
3955.95,3955.949999999999
4200.65,4200.6500000000015
4822.77,4822.769999999998
6068.88,6068.879999999999
160.6,160.5999999999999
1405.28,1405.2800000000013
4121.36,4121.360000000001
124.5,124.49999999999727
228.32,228.3199999999979
283.91,283.90999999999985
3750.4,3750.4000000000015
1024.17,1024.1699999999996
3247.72,3247.7199999999975
5550.61,5550.609999999997
1829.1,1829.1000000000015
2373.57,2373.5700000000015
1577.43,1577.4300000000003
4801.86,4801.859999999999
3250.62,3250.620000000001
2319.8,2319.7999999999984
3371.6,3371.5999999999995
3727.27,3727.270000000001
6373.820000000001,6373.82
3818.87,3818.8700000000013
41.5,41.5
1249.4,1249.399999999999
7911.9,7911.899999999999
768.83,768.8299999999986
207.5,207.49999999999773
966.82,966.8200000000024
2118.42,2118.4199999999983
4133.32,4133.319999999999
1546.32,1546.3200000000024
129.74,129.74000000000024
1611.4199999999998,1611.4200000000014
2297.5,2297.5
4175.64,4175.6399999999985
11416.45,11416.449999999997
3478.62,3478.6200000000044
5648.32,5648.3200000000015
4833.200000000001,4833.200000000001
1782.45,1782.4500000000046
4291.509999999999,4291.510000000003
2359.06,2359.060000000002
1801.89,1801.890000000001
510.57,510.5700000000029
7192.08,7192.080000000001
927.92,927.9200000000001
8099.09,8099.089999999999
2548.06,2548.0600000000004
3164.76,3164.759999999999
2368.24,2368.240000000004
2349.7,2349.7000000000003
3611.8,3611.7999999999993
4301.15,4301.15
207.5,207.4999999999991
130.02,130.01999999999816
4286.48,4286.480000000001
155.54000000000002,155.54000000000087
3474.33,3474.330000000001
1805.35,1805.3499999999997
6177.52,6177.519999999997
5511.67,5511.67
1788.47,1788.4699999999993
8005.860000000001,8005.8600000000015
3260.84,3260.840000000003
1780.75,1780.7500000000005
87.8,87.80000000000109
5852.2,5852.200000000003
3681.61,3681.6099999999997
1872.3,1872.3
83.0,83.00000000000045
7077.69,7077.689999999997
5698.4,5698.4
495.22,495.22000000000025
8223.1,8223.099999999999
55.14,55.14000000000124
798.26,798.2600000000002
781.52,781.5199999999995
1451.8300000000002,1451.8300000000013
1572.82,1572.82
1753.35,1753.350000000003
3535.08,3535.0800000000036
1083.69,1083.6899999999996
11425.22,11425.219999999994
1378.5,1378.4999999999998
6928.81,6928.810000000001
459.5,459.50000000000136
3622.53,3622.5300000000007
86.72,86.7199999999998
244.58,244.58000000000084
5823.639999999999,5823.640000000001
1183.05,1183.050000000002
3863.19,3863.1900000000005
4777.82,4777.8200000000015
201.09,201.0900000000006
4887.64,4887.639999999999
3955.95,3955.9499999999994
5068.98,5068.979999999999
487.49,487.49000000000296
157.29000000000002,157.29000000000133
145.25,145.25
2308.87,2308.8699999999967
2954.73,2954.7300000000023
2224.59,2224.590000000001
207.5,207.49999999999727
7204.34,7204.34
2223.27,2223.2699999999954
4719.6,4719.5999999999985
151.15,151.1500000000019
2409.97,2409.9699999999975
1571.46,1571.4600000000012
3711.68,3711.679999999998
4029.38,4029.3800000000037
3409.57,3409.5700000000015
2334.9,2334.8999999999996
8224.41,8224.41
1689.66,1689.6600000000024
2500.53,2500.529999999997
3145.64,3145.6399999999967
2690.19,2690.190000000002
7603.47,7603.4699999999975
2394.67,2394.670000000002
2508.51,2508.5099999999998
10368.48,10368.479999999996
5146.839999999999,5146.840000000001
4773.570000000001,4773.5700000000015
755.8,755.8000000000006
292.73,292.7299999999991
7977.17,7977.17
3443.65,3443.650000000001
2130.0,2130.000000000001
9130.35,9130.349999999999
2359.23,2359.2300000000005
3218.9,3218.9000000000024
124.5,124.49999999999818
2528.26,2528.26
2398.44,2398.44
3269.0,3268.9999999999995
877.69,877.6900000000028
532.38,532.3799999999997
247.03,247.03000000000065
4092.48,4092.4800000000014
124.5,124.49999999999955
3247.72,3247.7199999999993
2223.27,2223.2699999999977
2530.9100000000003,2530.909999999999
6107.64,6107.6399999999985
1456.26,1456.2600000000002
144.49,144.49000000000115
3435.56,3435.5600000000018
1235.15,1235.1499999999978
9213.27,9213.269999999999
5698.4,5698.4
919.0,919.0000000000009
5987.89,5987.889999999999
1622.7600000000002,1622.760000000001
1434.19,1434.1900000000014
5394.56,5394.559999999999
741.09,741.0899999999983
6804.35,6804.350000000002
4155.92,4155.919999999999
1976.24,1976.239999999998
3283.94,3283.9399999999987
3875.97,3875.970000000004
7966.21,7966.210000000002
1444.72,1444.7200000000023
9202.06,9202.059999999996
3120.41,3120.4100000000008
4898.56,4898.559999999999
520.44,520.4399999999987
6386.11,6386.109999999997
1625.59,1625.590000000003
8004.280000000001,8004.28
1482.18,1482.1799999999987
1378.5,1378.4999999999982
2954.13,2954.1300000000037
894.44,894.4400000000023
2349.01,2349.009999999999
3250.96,3250.9600000000037
2547.9500000000003,2547.9500000000003
2096.48,2096.4800000000005
7656.21,7656.21
2533.26,2533.2600000000034
3379.32,3379.320000000001
1529.55,1529.5500000000009
5912.86,5912.860000000001
5614.55,5614.550000000001
561.73,561.7300000000014
6291.28,6291.279999999997
3470.27,3470.270000000003
238.93,238.93000000000256
1805.9,1805.9000000000017
5621.88,5621.88
960.32,960.3200000000006
1348.64,1348.6399999999994
4727.530000000001,4727.530000000002
1572.82,1572.8199999999997
2697.28,2697.2799999999997
2359.23,2359.2299999999987
238.16,238.16000000000167
750.0,749.9999999999995
7173.36,7173.3600000000015
927.92,927.9200000000005
3851.2,3851.199999999998
1689.66,1689.6600000000024
2848.15,2848.1500000000005
8448.3,8448.299999999994
1059.16,1059.160000000003
282.21,282.2100000000014
247.03,247.02999999999975
3082.12,3082.12
3145.64,3145.6399999999976
5068.98,5068.979999999998
3638.8,3638.8
5504.87,5504.87
7898.46,7898.459999999997
2488.78,2488.7799999999957
6068.88,6068.879999999997
2512.5600000000004,2512.56
2374.6,2374.599999999999
4113.21,4113.209999999997
9277.61,9277.609999999999
239.94,239.93999999999915
543.96,543.9599999999996
1435.58,1435.5800000000033
5749.49,5749.49
2401.77,2401.7700000000004
3206.11,3206.110000000002
1700.78,1700.7800000000009
7964.179999999999,7964.18
4672.34,4672.34
6373.91,6373.909999999998
3723.26,3723.259999999998
3438.71,3438.710000000003
6838.08,6838.080000000001
825.0600000000001,825.059999999999
3711.68,3711.68
491.76,491.76000000000204
4301.39,4301.389999999999
7988.59,7988.589999999999
11491.57,11491.569999999996
2559.64,2559.6400000000003
2555.44,2555.440000000003
910.11,910.1100000000033
1423.97,1423.9700000000018
519.84,519.840000000001
4326.66,4326.660000000003
1569.04,1569.04
2470.3,2470.2999999999993
2272.86,2272.859999999999
3540.75,3540.750000000004
2731.25,2731.250000000001
4766.17,4766.170000000001
3806.94,3806.9400000000005
7120.71,7120.709999999997
361.18,361.180000000003
2533.7200000000003,2533.7199999999993
988.12,988.119999999999
819.56,819.5599999999995
3247.72,3247.7199999999993
5538.33,5538.329999999998
1762.85,1762.8500000000029
2965.77,2965.7699999999977
1457.53,1457.5300000000002
6919.95,6919.949999999999
1838.0,1838.0000000000002
2470.3,2470.2999999999984
256.6,256.599999999999
1272.5700000000002,1272.570000000001
6404.34,6404.340000000001
1334.8000000000002,1334.8000000000013
777.95,777.9500000000012
1230.0500000000002,1230.0500000000063
3711.68,3711.679999999998
8019.98,8019.979999999999
3216.5,3216.4999999999995
3676.0,3675.9999999999973
2297.5,2297.5
7161.9,7161.9
4135.5,4135.499999999998
2411.37,2411.370000000003
4045.92,4045.9199999999964
785.08,785.0800000000013
536.71,536.710000000001
6361.120000000001,6361.120000000001
3345.08,3345.08
764.33,764.3299999999986
11493.74,11493.739999999998
2578.67,2578.6700000000023
2555.4700000000003,2555.47
2588.9,2588.9
142.86,142.86000000000104
7943.030000000001,7943.029999999995
1083.54,1083.54
313.92,313.92000000000144
5913.81,5913.810000000002
1223.0800000000002,1223.080000000003
6431.67,6431.670000000002
148.92000000000002,148.9200000000028
1235.15,1235.1499999999976
1532.51,1532.5099999999986
487.47,487.46999999999844
6812.75,6812.750000000002
7911.9,7911.899999999996
1463.9,1463.8999999999992
940.93,940.9300000000021
2779.05,2779.050000000001
1520.84,1520.839999999999
4271.58,4271.580000000001
262.51,262.5100000000002
1299.59,1299.5900000000004
2431.02,2431.0199999999995
930.24,930.2400000000007
3419.04,3419.0400000000004
112.11,112.11000000000104
7113.71,7113.709999999998
166.0,166.0
1845.33,1845.3299999999988
11469.73,11469.73
3371.6,3371.5999999999995
3539.33,3539.3300000000027
844.83,844.8300000000036
1482.18,1482.1799999999976
1391.88,1391.8799999999992
2359.23,2359.2300000000005
7961.64,7961.64
1633.91,1633.9099999999999
6391.59,6391.5899999999965
4742.7,4742.699999999999
6374.77,6374.77
2297.5,2297.4999999999973
6775.26,6775.259999999997
291.4,291.3999999999992
4639.6,4639.599999999997
3216.5,3216.500000000001
5791.53,5791.529999999999
10438.79,10438.79
5068.98,5068.98
10257.12,10257.119999999999
5913.81,5913.81
4595.0,4595.0
1572.82,1572.8200000000004
4125.14,4125.140000000001
1572.82,1572.8199999999983
1472.75,1472.7500000000014
478.04,478.04000000000224
6809.450000000001,6809.450000000003
1289.1,1289.1
3525.26,3525.260000000005
6870.69,6870.69
6329.52,6329.519999999999
175.73000000000002,175.73000000000093
5913.81,5913.8099999999995
2815.0600000000004,2815.060000000002
530.98,530.9800000000027
6206.55,6206.549999999999
4639.6,4639.599999999998
3293.33,3293.330000000001
774.7800000000001,774.7800000000029
4259.4800000000005,4259.48
1035.02,1035.0200000000032
1835.28,1835.2800000000009
741.09,741.0899999999997
2795.7200000000003,2795.7200000000003
5913.81,5913.81
955.45,955.4500000000012
3216.5,3216.499999999999
1878.83,1878.8299999999972
2359.23,2359.23
2404.36,2404.3600000000015
4227.06,4227.06
7976.54,7976.539999999998
5791.79,5791.789999999998
855.0300000000001,855.0300000000034
1887.34,1887.3400000000004
831.62,831.6200000000017
2547.8100000000004,2547.810000000002
463.96,463.96000000000095
6338.38,6338.379999999997
3333.78,3333.780000000001
152.43,152.42999999999847
5589.31,5589.3099999999995
2421.32,2421.320000000001
8510.119999999999,8510.119999999997
7942.58,7942.580000000001
7957.88,7957.879999999997
181.84,181.83999999999924
247.03,247.02999999999838
4255.02,4255.020000000002
6081.16,6081.16
5602.56,5602.560000000003
4720.24,4720.239999999998
4278.15,4278.1500000000015
7988.91,7988.910000000002
207.5,207.49999999999818
1453.2,1453.1999999999994
1217.58,1217.5800000000013
2022.96,2022.96
3439.0,3439.0
5769.889999999999,5769.889999999999
341.99,341.99000000000024
1284.3100000000002,1284.3099999999993
1794.07,1794.070000000001
5538.33,5538.33
4760.67,4760.670000000002
295.88,295.87999999999965
7077.69,7077.689999999998
6382.070000000001,6382.070000000003
7977.76,7977.759999999996
186.75,186.74999999999818
6485.389999999999,6485.389999999998
3157.98,3157.9799999999987
4747.14,4747.140000000001
3796.9,3796.8999999999996
728.19,728.1900000000019
2319.8,2319.8000000000006
4748.59,4748.59
1212.7,1212.7000000000023
3548.1,3548.100000000004
3164.76,3164.760000000001
800.03,800.0300000000011
276.41,276.40999999999985
2220.65,2220.6500000000015
3299.64,3299.6400000000012
6743.2,6743.199999999999
228.08,228.08000000000175
4002.6,4002.6
5504.87,5504.869999999998
1598.95,1598.950000000001
914.93,914.9300000000007
8049.35,8049.349999999996
3283.24,3283.2399999999975
41.5,41.49999999999727
1138.12,1138.1199999999994
41.5,41.499999999998636
3250.62,3250.62
3379.32,3379.3200000000006
7929.28,7929.279999999999
877.0400000000001,877.040000000004
3164.76,3164.7600000000025
228.67,228.67000000000053
2697.28,2697.2799999999993
3307.52,3307.5199999999986
2278.5,2278.5
6743.2,6743.199999999998
840.98,840.9800000000018
2279.36,2279.3600000000024
6924.85,6924.8499999999985
6328.52,6328.519999999997
2461.53,2461.5300000000007
2069.48,2069.48
165.34,165.33999999999878
6838.08,6838.079999999998
1437.7700000000002,1437.7700000000011
1009.05,1009.0499999999975
8448.3,8448.299999999994
844.83,844.830000000004
3222.59,3222.590000000002
5125.49,5125.49
7946.799999999999,7946.799999999998
1683.1,1683.1000000000006
3371.6,3371.6000000000004
8083.2,8083.200000000003
2972.12,2972.1199999999985
2917.3,2917.3000000000015
207.5,207.49999999999955
2329.73,2329.730000000001
579.3,579.3000000000015
2834.03,2834.030000000002
1504.47,1504.4700000000018
908.68,908.680000000003
979.03,979.0300000000016
108.74,108.73999999999933
2697.28,2697.280000000001
5698.4,5698.4000000000015
2359.23,2359.2299999999977
7995.55,7995.549999999999
6291.28,6291.279999999997
83.0,82.99999999999909
7120.71,7120.709999999998
1235.15,1235.1499999999971
2061.79,2061.790000000001
144.95,144.95000000000027
2118.55,2118.550000000003
2409.1800000000003,2409.180000000001
4977.64,4977.639999999999
5579.13,5579.130000000001
544.6999999999999,544.6999999999998
3711.68,3711.679999999998
8495.25,8495.25
4664.95,4664.949999999999
4769.04,4769.04
3164.76,3164.760000000002
2384.57,2384.570000000003
10277.73,10277.73
180.91,180.9100000000003
4064.15,4064.15
170.5,170.5
3218.92,3218.920000000002
2432.3300000000004,2432.3300000000036
3989.97,3989.9700000000016
1463.17,1463.1700000000044
3955.95,3955.9500000000016
3247.72,3247.7199999999966
3225.0400000000004,3225.040000000002
1246.37,1246.3699999999974
3447.51,3447.5100000000043
1490.51,1490.5099999999995
3280.52,3280.5199999999977
820.94,820.9400000000005
1805.9,1805.900000000001
7603.47,7603.469999999997
791.19,791.1900000000023
1847.46,1847.4600000000019
132.14,132.13999999999896
3400.27,3400.2699999999977
5133.209999999999,5133.210000000001
1796.38,1796.3800000000024
445.22,445.22000000000025
3224.92,3224.920000000002
1563.03,1563.0300000000009
3495.34,3495.3399999999997
3793.71,3793.71
1348.64,1348.6400000000006
1711.55,1711.5500000000002
1663.8000000000002,1663.8000000000015
2810.6600000000003,2810.6600000000003
1761.18,1761.18
775.27,775.2699999999982
2888.1,2888.1000000000026
1378.5,1378.4999999999986
1030.91,1030.9100000000003
4646.150000000001,4646.150000000001
6835.97,6835.970000000001
897.8499999999999,897.8500000000031
1582.38,1582.3800000000033
1887.49,1887.4900000000011
1112.91,1112.9100000000026
193.19,193.19000000000096
2397.44,2397.4400000000014
6758.34,6758.3399999999965
1689.66,1689.6600000000017
9117.44,9117.439999999999
7036.71,7036.709999999999
41.5,41.499999999999545
8106.1,8106.100000000001
1579.36,1579.3600000000015
3288.16,3288.1599999999994
2297.5,2297.499999999999
224.67,224.66999999999962
895.08,895.0800000000004
1348.64,1348.6400000000003
3007.5,3007.5000000000005
198.27,198.26999999999998
4607.44,4607.439999999999
976.94,976.9400000000005
5075.089999999999,5075.089999999999
1904.84,1904.840000000001
233.99,233.98999999999978
108.23,108.23000000000002
1227.37,1227.3700000000003
4587.54,4587.540000000001
156.74,156.73999999999933
3690.8,3690.7999999999993
2421.69,2421.6900000000023
778.97,778.9699999999975
3676.0,3676.0
4784.25,4784.250000000002
3491.79,3491.790000000004
1023.93,1023.9299999999985
124.5,124.49999999999773
2528.26,2528.2599999999984
4299.299999999999,4299.300000000003
271.91,271.90999999999894
3221.64,3221.640000000002
2319.8,2319.7999999999997
4780.97,4780.969999999999
2479.78,2479.7799999999997
2809.1000000000004,2809.0999999999995
3328.81,3328.809999999997
5650.67,5650.67
2365.31,2365.31
2509.3100000000004,2509.3099999999977
66.88,66.88000000000011
1938.0,1938.0000000000023
3043.86,3043.8599999999997
10371.94,10371.939999999999
4639.6,4639.599999999998
69.49000000000001,69.48999999999978
3760.19,3760.189999999997
4051.4,4051.4000000000015
3243.67,3243.6699999999996
838.49,838.4899999999993
3778.28,3778.2800000000007
1444.72,1444.7199999999996
8496.65,8496.649999999994
1010.34,1010.3399999999983
1012.81,1012.8100000000027
8071.530000000001,8071.529999999997
1564.32,1564.3200000000018
1212.44,1212.4400000000014
5605.66,5605.66
4686.0,4686.000000000003
2454.98,2454.9800000000023
786.41,786.4100000000003
4298.54,4298.540000000001
927.92,927.9200000000014
2310.87,2310.8700000000017
83.0,82.99999999999864
2470.3,2470.299999999997
2447.6400000000003,2447.6400000000035
4257.08,4257.080000000003
7120.71,7120.709999999997
6320.429999999999,6320.429999999997
1112.46,1112.460000000001
1312.77,1312.7700000000011
3218.75,3218.7500000000023
1608.41,1608.410000000001
8522.66,8522.659999999996
2584.81,2584.8100000000027
6917.19,6917.189999999999
3266.21,3266.209999999998
6992.93,6992.930000000002
4727.59,4727.59
7013.14,7013.140000000002
5504.87,5504.869999999999
74.36,74.36000000000013
4324.61,4324.610000000002
4117.45,4117.450000000003
8101.72,8101.719999999999
3955.95,3955.949999999999
1659.4199999999998,1659.4199999999992
127.05,127.04999999999927
3659.15,3659.149999999998
1723.1,1723.1000000000045
103.47,103.47000000000025
1563.53,1563.5300000000002
934.26,934.260000000002
7158.9,7158.899999999996
3520.92,3520.9200000000005
1253.26,1253.2600000000027
2428.06,2428.060000000003
1976.24,1976.2399999999982
1593.8100000000002,1593.810000000002
487.18,487.1800000000003
4647.900000000001,4647.9000000000015
2319.8,2319.7999999999984
2932.29,2932.290000000002
9353.63,9353.629999999997
1428.71,1428.7100000000003
2545.37,2545.370000000003
211.18,211.18000000000075
8012.98,8012.98
9156.37,9156.369999999999
1006.69,1006.6899999999969
2241.79,2241.790000000002
2220.25,2220.25
2251.0,2250.9999999999986
2004.81,2004.810000000003
11545.82,11545.819999999996
786.41,786.4099999999999
1395.82,1395.8200000000013
20.75,20.75000000000091
62.25,62.249999999998636
5775.599999999999,5775.600000000002
7671.47,7671.4699999999975
7958.519999999999,7958.519999999998
858.7,858.7000000000025
2916.37,2916.3700000000013
848.5699999999999,848.5700000000006
762.1500000000001,762.1500000000019
6872.82,6872.819999999998
5950.8,5950.799999999999
186.75,186.74999999999773
926.33,926.3300000000049
494.06,494.0600000000004
10422.45,10422.45
8526.66,8526.660000000002
8523.05,8523.05
7120.71,7120.709999999996
3432.15,3432.1500000000024
565.06,565.0600000000031
2327.53,2327.53
4258.799999999999,4258.799999999998
1570.67,1570.6699999999998
5810.759999999999,5810.76
5095.129999999999,5095.130000000002
3296.96,3296.959999999997
1466.22,1466.2200000000012
2504.23,2504.2299999999996
1496.97,1496.9700000000012
1467.85,1467.8499999999997
7171.9,7171.899999999996
1915.24,1915.2400000000025
6993.65,6993.650000000002
3932.05,3932.0499999999984
2373.57,2373.570000000001
2889.44,2889.44
2364.76,2364.760000000001
1528.46,1528.460000000001
7603.47,7603.4699999999975
212.68,212.6800000000021
2879.4,2879.4000000000005
131.93,131.92999999999938
3379.32,3379.320000000001
3757.59,3757.5899999999992
1834.89,1834.8899999999999
1024.46,1024.4600000000032
2567.55,2567.549999999999
1461.72,1461.7199999999993
498.76,498.76000000000295
2071.95,2071.9500000000007
1897.88,1897.8799999999999
4003.18,4003.18
1083.54,1083.5400000000031
8132.25,8132.25
3419.04,3419.0399999999995
5394.56,5394.56
63.11,63.11000000000149
831.2,831.1999999999989
5592.28,5592.279999999998
2284.06,2284.0599999999995
8012.099999999999,8012.099999999998
56.24,56.24000000000024
844.51,844.510000000002
11500.48,11500.479999999996
5504.87,5504.870000000001
283.41,283.41000000000076
240.68,240.67999999999847
132.24,132.24000000000024
1796.78,1796.78
3164.76,3164.7599999999984
6875.32,6875.32
3331.65,3331.6500000000005
2348.21,2348.2100000000023
103.26,103.25999999999931
6909.92,6909.92
8480.929999999998,8480.929999999995
6924.27,6924.269999999999
195.69,195.6900000000005
2219.2,2219.199999999999
7895.320000000001,7895.319999999996
800.5,800.5000000000036
7077.69,7077.689999999996
217.72,217.7199999999998
7911.9,7911.899999999997
1047.32,1047.3200000000033
2410.2,2410.2
3853.39,3853.3900000000003
1871.67,1871.6700000000033
4336.3,4336.300000000001
2359.23,2359.230000000001
4639.6,4639.5999999999985
283.48,283.48000000000184
44.23,44.23000000000047
3611.8,3611.7999999999984
4745.62,4745.62
3711.68,3711.679999999997
1439.94,1439.94
1066.74,1066.7400000000011
7176.36,7176.359999999995
1663.5200000000002,1663.5200000000023
1656.38,1656.3799999999987
1511.48,1511.4800000000018
889.88,889.880000000001
6809.25,6809.25
9117.44,9117.439999999999
815.69,815.6899999999982
3434.95,3434.9500000000016
162.87,162.8699999999999
5504.87,5504.869999999998
4680.29,4680.289999999999
4678.55,4678.5499999999965
6769.01,6769.010000000002
9150.3,9150.299999999996
152.68,152.67999999999802
9117.44,9117.439999999999
1300.34,1300.3400000000038
2528.26,2528.2599999999998
2341.73,2341.7300000000023
8491.63,8491.629999999997
3256.01,3256.0099999999993
791.19,791.1900000000041
4676.77,4676.769999999996
4630.33,4630.329999999999
41.5,41.49999999999818
3782.96,3782.9599999999996
1547.76,1547.7599999999998
3711.68,3711.68
101.39,101.38999999999896
10284.68,10284.679999999997
6530.55,6530.550000000001
2022.96,2022.9599999999982
5581.120000000001,5581.120000000001
2321.92,2321.920000000002
7945.66,7945.659999999999
6329.52,6329.519999999999
3711.68,3711.679999999999
2022.96,2022.9599999999978
1150.72,1150.7200000000012
722.36,722.360000000001
4853.93,4853.930000000001
3591.47,3591.470000000003
3422.69,3422.69
2412.7,2412.6999999999994
229.68,229.6800000000021
3955.95,3955.9500000000007
5725.99,5725.990000000002
5880.32,5880.320000000001
1491.69,1491.690000000001
2697.28,2697.280000000002
943.12,943.1200000000053
1572.82,1572.8199999999972
207.5,207.49999999999818
2306.43,2306.4299999999994
245.84,245.8400000000006
6275.16,6275.159999999998
8076.51,8076.509999999998
4297.429999999999,4297.430000000002
7977.76,7977.759999999999
1040.37,1040.3699999999994
1838.0,1838.0000000000007
105.46,105.46000000000231
4299.81,4299.810000000001
9117.44,9117.439999999997
3338.1,3338.1000000000026
1519.13,1519.1299999999976
1393.14,1393.1400000000008
5068.98,5068.98
844.83,844.8300000000036
8120.93,8120.930000000001
2159.33,2159.33
3521.04,3521.04
5068.98,5068.98
2327.34,2327.3399999999992
4057.96,4057.960000000002
1394.37,1394.3700000000017
1976.89,1976.8900000000015
2860.5,2860.500000000001
2426.81,2426.8100000000013
2433.4300000000003,2433.4300000000017
865.21,865.2100000000055
6460.38,6460.379999999998
2337.3900000000003,2337.3900000000026
4193.200000000001,4193.199999999999
542.78,542.7800000000016
2359.23,2359.2299999999996
6428.05,6428.049999999998
361.18,361.18000000000075
3403.17,3403.170000000001
213.74,213.74000000000024
11518.929999999998,11518.929999999997
861.8900000000001,861.8900000000012
4718.46,4718.459999999999
2573.26,2573.260000000002
489.66,489.65999999999985
2866.15,2866.150000000002
3198.94,3198.9400000000005
4258.74,4258.740000000002
3968.91,3968.91
4660.89,4660.89
2919.67,2919.670000000001
7088.639999999999,7088.6399999999985
2532.34,2532.3400000000015
3214.0,3214.000000000003
2040.49,2040.489999999999
1572.82,1572.8199999999995
2460.23,2460.2300000000037
220.92,220.92000000000144
5773.28,5773.28
148.55,148.54999999999927
546.51,546.510000000002
1348.64,1348.6400000000035
117.49,117.49000000000115
4197.280000000001,4197.279999999997
1391.88,1391.8799999999976
633.84,633.8400000000033
7965.299999999999,7965.299999999998
1391.88,1391.8799999999999
4197.75,4197.750000000001
1475.7,1475.7000000000014
5586.19,5586.190000000002
919.0,919.0000000000027
8538.4,8538.399999999998
3434.5,3434.5000000000005
1508.11,1508.1099999999994
741.09,741.0899999999988
1423.13,1423.1299999999994
109.03,109.02999999999929
4718.46,4718.46
2774.77,2774.7700000000004
1962.07,1962.0700000000006
11396.8,11396.799999999996
6877.11,6877.110000000001
4804.12,4804.119999999997
2297.5,2297.5
3212.2700000000004,3212.2700000000023
7603.47,7603.4699999999975
6782.28,6782.279999999996
3434.55,3434.550000000004
741.09,741.0900000000001
2259.47,2259.4700000000003
5698.4,5698.4
4646.75,4646.749999999996
1772.95,1772.9499999999987
1880.1,1880.100000000002
110.89,110.89000000000215
1015.01,1015.0100000000025
11616.64,11616.64
6838.08,6838.079999999999
2470.3,2470.2999999999965
5074.79,5074.790000000001
933.1,933.1000000000017
3955.95,3955.9500000000007
4652.97,4652.969999999997
1824.63,1824.6300000000008
5778.219999999999,5778.220000000001
10257.12,10257.119999999995
581.56,581.560000000004
2611.51,2611.5100000000034
891.86,891.8600000000051
4305.11,4305.110000000004
2478.23,2478.2300000000023
3959.46,3959.459999999999
5601.82,5601.819999999996
4838.52,4838.5199999999995
1748.44,1748.4399999999985
391.76,391.7600000000011
6291.28,6291.279999999999
791.19,791.1900000000023
3611.8,3611.8
793.1600000000001,793.159999999999
7648.37,7648.369999999998
1017.03,1017.0300000000002
844.52,844.5200000000013
6785.9400000000005,6785.940000000002
988.12,988.1200000000003
10498.02,10498.020000000004
3978.18,3978.180000000002
1297.23,1297.2300000000014
2336.92,2336.9199999999987
215.0,215.00000000000227
1214.08,1214.0800000000002
2360.82,2360.8200000000015
247.03,247.0300000000002
3318.02,3318.020000000002
790.35,790.3500000000013
5913.81,5913.809999999999
834.0500000000001,834.0500000000025
1445.09,1445.0899999999997
10330.04,10330.039999999997
3611.8,3611.7999999999997
2451.6400000000003,2451.640000000004
3955.95,3955.949999999997
4270.179999999999,4270.180000000004
1378.5,1378.5000000000011
790.59,790.5899999999988
3233.0400000000004,3233.0400000000013
3932.05,3932.0499999999993
1582.38,1582.3800000000006
591.62,591.6200000000022
3164.76,3164.76
5698.4,5698.4
5619.17,5619.170000000002
3992.17,3992.1700000000005
4718.46,4718.459999999997
1976.24,1976.239999999999
4198.030000000001,4198.029999999997
812.07,812.0700000000043
2073.89,2073.8900000000003
3649.01,3649.0099999999993
3411.59,3411.5899999999997
840.24,840.240000000003
1738.95,1738.9500000000041
39.46,39.46000000000049
361.18,361.1800000000044
5535.700000000001,5535.700000000003
1354.2800000000002,1354.2799999999995
3473.93,3473.930000000001
2445.9,2445.9000000000005
2542.8100000000004,2542.8100000000004
4799.97,4799.970000000001
2035.26,2035.259999999999
220.79,220.7899999999986
480.58,480.5800000000013
150.26999999999998,150.26999999999953
3351.73,3351.729999999999
3711.68,3711.679999999997
1729.21,1729.2099999999969
1752.89,1752.8900000000033
6306.61,6306.609999999999
3997.62,3997.619999999999
2254.9,2254.8999999999987
4287.97,4287.970000000001
8453.8,8453.799999999996
580.6800000000001,580.6800000000026
937.46,937.4600000000019
1729.21,1729.2099999999966
1976.24,1976.2399999999975
2022.96,2022.9600000000007
1729.21,1729.2099999999973
6349.54,6349.539999999995
6838.08,6838.079999999998
7911.9,7911.9
2511.6400000000003,2511.639999999999
7077.69,7077.689999999997
1638.32,1638.3200000000013
3571.27,3571.2699999999995
399.63,399.63000000000056
71.77,71.76999999999862
486.01,486.01000000000204
7184.06,7184.06
969.82,969.8200000000006
958.35,958.349999999999
2792.49,2792.49
3216.5,3216.5000000000005
1427.43,1427.4300000000003
1467.63,1467.6300000000028
3676.0,3675.9999999999977
4339.73,4339.730000000002
64.35,64.35000000000082
219.79,219.7899999999986
494.06,494.05999999999995
722.36,722.3599999999997
6805.43,6805.430000000002
3955.95,3955.9499999999975
2697.28,2697.279999999998
1930.0,1930.0000000000018
3955.95,3955.9499999999994
1591.2,1591.2000000000012
1803.21,1803.2099999999994
5165.839999999999,5165.84
3432.75,3432.750000000002
1283.52,1283.5199999999986
1277.0800000000002,1277.0800000000029
932.52,932.5200000000018
5732.9,5732.9
4805.610000000001,4805.610000000002
4291.07,4291.070000000001
10304.18,10304.180000000004
2781.17,2781.1700000000014
3955.95,3955.95
187.23,187.23000000000047
989.04,989.0400000000009
1625.68,1625.6800000000003
6915.86,6915.859999999999
1838.0,1837.9999999999989
361.18,361.1800000000003
3997.85,3997.8500000000013
2385.96,2385.9600000000014
11492.179999999998,11492.179999999997
1838.0,1837.9999999999989
1689.88,1689.880000000006
192.35,192.34999999999945
6920.54,6920.539999999999
3257.6000000000004,3257.600000000001
9117.44,9117.439999999997
1233.64,1233.6400000000003
1783.11,1783.1100000000006
3418.19,3418.1900000000014
4856.86,4856.86
1689.66,1689.6600000000028
5583.75,5583.75
163.0,163.00000000000045
191.02,191.02000000000135
112.95,112.94999999999754
1534.5600000000002,1534.5599999999974
529.12,529.1200000000022
1016.39,1016.3900000000003
8555.32,8555.319999999996
124.5,124.49999999999818
5123.839999999999,5123.840000000001
589.13,589.1300000000019
872.35,872.3500000000022
1838.0,1838.000000000001
3552.78,3552.7799999999997
10257.12,10257.119999999999
3256.9300000000003,3256.930000000004
1548.17,1548.169999999999
3262.4300000000003,3262.4300000000044
138.51,138.51000000000067
3656.32,3656.3200000000015
2373.57,2373.5700000000033
463.96,463.9600000000014
9132.43,9132.429999999997
530.5,530.5000000000009
3447.99,3447.9899999999966
4018.19,4018.1899999999996
263.64,263.63999999999896
361.18,361.17999999999984
587.45,587.4499999999998
741.09,741.0899999999997
865.07,865.0700000000043
10309.27,10309.269999999997
851.4200000000001,851.4200000000028
2485.39,2485.390000000002
1361.5200000000002,1361.5200000000007
1502.84,1502.8400000000029
155.41,155.4099999999994
573.62,573.6200000000013
436.98,436.98
1898.59,1898.589999999999
6828.400000000001,6828.400000000002
4794.1900000000005,4794.190000000001
5994.2300000000005,5994.230000000003
5913.81,5913.8099999999995
190.39,190.39000000000124
7977.76,7977.76
1628.64,1628.6400000000035
7235.81,7235.810000000002
4135.5,4135.500000000001
1861.34,1861.3399999999979
4022.96,4022.960000000001
3029.61,3029.61
3419.04,3419.04
3711.68,3711.6799999999976
5538.33,5538.329999999999
3456.5,3456.500000000002
2456.04,2456.039999999999
2095.62,2095.6200000000003
1444.72,1444.7200000000028
163.14,163.13999999999942
7011.94,7011.94
2388.82,2388.8199999999983
6460.86,6460.859999999997
2783.76,2783.759999999997
1894.47,1894.4699999999998
2697.28,2697.279999999998
101.87,101.86999999999944
2386.4700000000003,2386.4700000000016
3309.21,3309.209999999999
285.8,285.8000000000011
791.19,791.1900000000032
3419.04,3419.0399999999986
6329.52,6329.519999999999
6943.67,6943.67
2629.6000000000004,2629.600000000002
6174.6,6174.6
5504.87,5504.869999999997
96.99,96.98999999999887
139.3,139.3000000000011
4211.09,4211.089999999999
1160.51,1160.510000000002
224.95,224.95000000000255
4213.22,4213.219999999999
62.25,62.249999999998636
4708.900000000001,4708.900000000001
4290.089999999999,4290.090000000003
1976.24,1976.2399999999989
1348.64,1348.6399999999994
3451.47,3451.4700000000007
1520.3,1520.3000000000018
20.75,20.74999999999818
3309.47,3309.4699999999993
5587.53,5587.529999999998
2478.33,2478.329999999999
3164.76,3164.7600000000007
1667.46,1667.4600000000016
769.83,769.8299999999999
6801.150000000001,6801.1500000000015
2373.57,2373.5700000000006
4789.570000000001,4789.570000000003
76.01,76.01000000000022
6923.12,6923.12
293.3,293.3000000000002
216.72,216.72000000000025
2099.42,2099.419999999999
7077.69,7077.689999999997
6791.6900000000005,6791.690000000001
1901.69,1901.6900000000012
2962.01,2962.0100000000016
2470.3,2470.2999999999975
2850.6400000000003,2850.6400000000003
7981.780000000001,7981.78
2424.16,2424.16
4947.33,4947.330000000003
3416.13,3416.1300000000015
2412.34,2412.3400000000006
722.36,722.3600000000001
6369.06,6369.060000000002
741.09,741.0899999999992
4762.78,4762.779999999997
3300.82,3300.82
1888.61,1888.610000000001
4139.12,4139.120000000001
4653.1,4653.0999999999985
4747.14,4747.1399999999985
247.03,247.02999999999793
3250.62,3250.62
971.66,971.660000000003
3216.5,3216.499999999999
2085.06,2085.0600000000004
3034.91,3034.9100000000003
1893.17,1893.17
420.05,420.05000000000337
4747.14,4747.139999999999
6263.92,6263.919999999998
2168.14,2168.140000000002
4644.74,4644.740000000002
3145.64,3145.6399999999976
219.04,219.04000000000315
3425.09,3425.0899999999997
5154.709999999999,5154.710000000001
1918.4,1918.400000000003
3247.72,3247.719999999998
1007.25,1007.25
6864.13,6864.129999999999
1917.86,1917.8600000000013
4143.58,4143.579999999998
2167.08,2167.079999999999
836.07,836.0700000000015
1013.31,1013.31
2869.2000000000003,2869.200000000001
4274.47,4274.470000000001
11423.07,11423.069999999996
5538.3,5538.299999999998
5598.97,5598.969999999996
2562.09,2562.0899999999992
163.51,163.51000000000113
3932.05,3932.0499999999984
2040.18,2040.1799999999996
1482.18,1482.1799999999964
409.24,409.2400000000016
1416.87,1416.8700000000003
1312.06,1312.0600000000027
244.8,244.79999999999927
535.42,535.4200000000014
143.5,143.5000000000009
59.39,59.3899999999976
223.74,223.7400000000016
2899.75,2899.750000000001
2557.38,2557.3799999999983
7694.97,7694.969999999998
2771.17,2771.1700000000005
1689.66,1689.6600000000017
212.74,212.7400000000007
6127.7,6127.699999999997
8001.46,8001.46
823.13,823.1300000000006
3348.98,3348.98
463.96,463.96000000000095
1053.24,1053.2400000000002
3406.2200000000003,3406.220000000002
1997.98,1997.9799999999975
11396.8,11396.799999999992
2381.28,2381.280000000004
1040.82,1040.820000000002
232.97,232.97000000000116
2319.8,2319.7999999999975
4273.37,4273.370000000003
2552.79,2552.7900000000004
1922.33,1922.3299999999986
3351.32,3351.320000000002
183.09,183.09000000000106
100.63,100.63000000000056
463.96,463.9599999999982
4309.06,4309.060000000001
221.17,221.17000000000144
232.2,232.20000000000164
4791.22,4791.2199999999975
576.86,576.8600000000001
1122.38,1122.380000000002
2541.77,2541.7700000000004
11490.35,11490.349999999999
5538.33,5538.33
1306.7800000000002,1306.7800000000009
2697.28,2697.2799999999984
1424.98,1424.9800000000012
2412.53,2412.5300000000034
124.5,124.5
41.5,41.499999999999545
2355.23,2355.2300000000005
1444.72,1444.7200000000014
1582.38,1582.3800000000015
4788.93,4788.930000000002
873.09,873.0900000000047
2534.49,2534.4900000000034
309.28,309.2799999999993
7624.04,7624.039999999997
5099.61,5099.61
11472.11,11472.109999999997
127.5,127.50000000000045
2497.57,2497.569999999999
112.29,112.28999999999951
1838.0,1837.9999999999995
3955.95,3955.9500000000007
171.4,171.4000000000001
7166.15,7166.149999999997
8002.379999999999,8002.379999999998
3187.47,3187.469999999998
1136.27,1136.2699999999977
2022.96,2022.9599999999994
919.0,918.9999999999991
1647.39,1647.390000000002
166.0,165.9999999999991
2846.32,2846.3199999999983
3371.81,3371.809999999999
4066.74,4066.740000000002
4943.49,4943.49
4217.29,4217.289999999998
1623.26,1623.2599999999989
1688.2700000000002,1688.2700000000048
6758.64,6758.640000000001
240.76,240.76000000000158
4014.46,4014.460000000002
225.7,225.70000000000027
3676.0,3675.999999999998
3711.68,3711.68
7174.929999999999,7174.929999999996
227.51,227.5099999999984
236.97,236.97000000000344
845.78,845.780000000002
1095.1,1095.1000000000022
3955.95,3955.95
9305.86,9305.859999999999
1346.31,1346.310000000001
8475.759999999998,8475.759999999998
8534.109999999999,8534.109999999997
361.18,361.1800000000012
112.47,112.47000000000025
791.19,791.1900000000023
11496.32,11496.319999999996
5462.77,5462.77
7911.9,7911.899999999999
7954.559999999999,7954.559999999998
255.13,255.1300000000001
1606.34,1606.3400000000001
3326.7,3326.7000000000007
2518.8,2518.800000000003
6884.65,6884.65
1083.54,1083.5400000000013
5910.32,5910.32
5411.160000000001,5411.159999999999
892.5899999999999,892.5900000000038
4850.37,4850.369999999999
3751.09,3751.0900000000006
3436.38,3436.3800000000024
7948.589999999999,7948.589999999997
7917.299999999999,7917.299999999999
2554.11,2554.1100000000006
2580.13,2580.1300000000047
3371.6,3371.6
3470.6,3470.5999999999985
11457.58,11457.580000000002
10323.44,10323.439999999999
6291.28,6291.279999999998
6367.8,6367.800000000001
5588.46,5588.460000000003
109.51,109.51000000000158
2373.27,2373.2700000000013
4923.88,4923.880000000002
2433.0800000000004,2433.080000000004
7077.69,7077.689999999997
145.25,145.25000000000136
4022.2,4022.2000000000003
5698.4,5698.399999999996
919.0,919.0
1553.83,1553.8300000000029
1316.5500000000002,1316.5500000000002
204.07,204.06999999999925
1431.0200000000002,1431.020000000002
6794.34,6794.34
2223.27,2223.2699999999977
7911.9,7911.899999999999
1093.7,1093.7000000000016
1222.64,1222.6400000000012
3285.99,3285.9900000000007
4293.07,4293.0700000000015
2228.61,2228.6099999999983
7196.62,7196.620000000001
138.95,138.94999999999936
8534.269999999999,8534.269999999999
3440.55,3440.5500000000006
6372.59,6372.590000000002
2060.81,2060.8099999999995
5086.48,5086.4800000000005
2247.4,2247.3999999999987
227.21,227.20999999999867
590.3,590.300000000002
5068.98,5068.979999999998
2436.99,2436.9900000000007
5943.910000000001,5943.910000000005
1884.94,1884.940000000002
1311.36,1311.3600000000006
1747.02,1747.020000000003
3218.69,3218.6899999999996
775.27,775.2699999999995
3638.95,3638.9500000000025
206.58,206.5800000000013
3352.0,3352.0000000000005
5698.4,5698.399999999998
828.59,828.5900000000033
3611.8,3611.799999999999
7180.09,7180.09
2481.53,2481.5299999999997
722.36,722.3600000000024
179.75,179.74999999999682
1622.2900000000002,1622.2900000000031
1595.64,1595.6399999999999
4854.87,4854.87
20.75,20.74999999999818
8467.929999999998,8467.929999999997
6391.13,6391.129999999997
1437.0400000000002,1437.040000000001
806.62,806.6200000000013
494.06,494.06000000000085
6464.469999999999,6464.47
407.23,407.23000000000184
1214.0500000000002,1214.0500000000027
774.08,774.0800000000004
1861.93,1861.9300000000007
2373.57,2373.5700000000015
5583.59,5583.589999999998
927.92,927.9200000000005
1713.99,1713.9900000000016
5394.56,5394.5599999999995
6305.87,6305.870000000001
3344.28,3344.2800000000025
4595.0,4595.0
1776.98,1776.980000000004
6864.08,6864.08
3738.73,3738.7300000000005
7603.47,7603.469999999998
4224.15,4224.15
4274.12,4274.120000000001
8168.38,8168.38
5971.120000000001,5971.120000000002
5890.589999999999,5890.590000000003
182.24,182.23999999999705
186.75,186.74999999999773
4740.64,4740.640000000001
10360.63,10360.63
2351.6600000000003,2351.6600000000008
4730.42,4730.42
1650.06,1650.0600000000034
1728.73,1728.730000000001
3389.15,3389.1499999999974
2801.23,2801.2299999999996
83.0,82.99999999999909
533.84,533.8400000000015
6743.2,6743.199999999999
1123.34,1123.340000000001
7911.9,7911.899999999999
3262.38,3262.380000000004
10488.09,10488.09
459.5,459.50000000000045
1459.73,1459.7299999999998
6291.28,6291.279999999997
2633.7,2633.7000000000025
166.0,165.99999999999955
463.96,463.95999999999776
8523.97,8523.969999999998
6906.27,6906.269999999999
3676.0,3675.9999999999977
4045.92,4045.9199999999987
4669.2,4669.199999999997
4002.23,4002.230000000002
4725.400000000001,4725.399999999999
2486.1800000000003,2486.179999999997
8496.619999999999,8496.619999999999
1689.66,1689.6600000000014
4639.6,4639.599999999997
3431.67,3431.6700000000046
511.13,511.130000000001
7140.74,7140.739999999998
1965.73,1965.7300000000023
62.25,62.249999999997726
1659.85,1659.8500000000006
6771.9800000000005,6771.98
207.5,207.49999999999864
783.3100000000001,783.3100000000004
8514.599999999999,8514.599999999999
3711.68,3711.6799999999985
1437.6,1437.6000000000004
2299.39,2299.3900000000012
245.96,245.9600000000023
5945.6,5945.6
178.59,178.58999999999787
5949.34,5949.340000000002
5601.13,5601.129999999998
2661.38,2661.380000000002
7681.62,7681.619999999998
210.1,210.09999999999764
4803.72,4803.719999999998
2700.7000000000003,2700.7000000000025
9148.65,9148.649999999998
4307.41,4307.41
3463.02,3463.0200000000013
5594.56,5594.559999999996
1607.29,1607.2900000000004
4001.6,4001.6000000000013
5598.71,5598.709999999999
2274.88,2274.879999999999
6743.2,6743.199999999999
1463.0600000000002,1463.0600000000018
3340.13,3340.1300000000006
3728.56,3728.5599999999995
5913.81,5913.810000000001
215.28,215.28000000000156
62.25,62.249999999999545
2312.85,2312.850000000001
6892.179999999999,6892.1799999999985
3250.62,3250.6200000000013
4161.85,4161.85
4926.82,4926.82
6801.83,6801.830000000002
41.5,41.500000000000455
3759.72,3759.719999999998
1765.62,1765.6199999999972
8166.150000000001,8166.150000000001
4718.46,4718.459999999999
3477.66,3477.6600000000026
1067.85,1067.8500000000013
4224.15,4224.15
2577.6,2577.6000000000035
1896.56,1896.5600000000013
2697.28,2697.2799999999993
6743.2,6743.199999999997
2847.1400000000003,2847.1400000000017
4639.6,4639.5999999999985
170.09,170.09000000000015
4582.87,4582.870000000003
2771.4500000000003,2771.450000000002
2509.99,2509.989999999998
6291.28,6291.279999999998
920.51,920.5100000000043
459.5,459.5000000000009
962.91,962.9100000000012
1493.6,1493.599999999997
64.44,64.44000000000051
2470.3,2470.299999999996
4740.56,4740.56
167.54,167.54000000000133
2420.56,2420.560000000003
564.22,564.2200000000007
1139.68,1139.680000000004
183.92,183.9200000000028
2939.29,2939.290000000003
2364.9,2364.9
4229.19,4229.19
247.03,247.02999999999975
5959.81,5959.810000000001
11429.69,11429.689999999999
3247.72,3247.7199999999966
4173.99,4173.990000000002
801.14,801.1399999999999
1331.38,1331.3800000000026
844.83,844.8300000000045
7077.69,7077.689999999997
3975.28,3975.2800000000007
62.25,62.249999999998636
5566.47,5566.4699999999975
1249.45,1249.450000000003
2835.69,2835.6899999999996
6820.69,6820.689999999999
1420.17,1420.1700000000021
6359.63,6359.629999999999
799.45,799.4500000000003
2418.73,2418.730000000003
3216.5,3216.4999999999986
1498.5800000000002,1498.5799999999977
791.19,791.1900000000023
2352.6000000000004,2352.6000000000013
6329.52,6329.52
7984.299999999999,7984.3
4681.38,4681.379999999998
3519.07,3519.07
7204.03,7204.029999999998
4098.4,4098.4
2899.9700000000003,2899.970000000002
6794.5,6794.500000000002
1514.78,1514.7799999999995
3276.46,3276.4600000000028
838.3000000000001,838.3000000000047
3524.01,3524.0099999999984
8007.360000000001,8007.359999999999
4691.45,4691.449999999999
2528.26,2528.2599999999993
5794.24,5794.240000000002
2282.66,2282.66
2598.4300000000003,2598.430000000001
988.12,988.119999999999
537.77,537.7699999999977
5394.56,5394.559999999998
3320.18,3320.18
3955.95,3955.950000000001
3390.49,3390.4899999999984
2418.9,2418.9000000000024
6805.08,6805.080000000002
7142.54,7142.539999999999
6193.27,6193.270000000002
5570.610000000001,5570.609999999999
2253.31,2253.3099999999995
4857.84,4857.840000000001
6925.27,6925.269999999999
2381.98,2381.9799999999996
4639.6,4639.6
2601.27,2601.2700000000023
1307.2800000000002,1307.2800000000007
205.63,205.63000000000193
3876.69,3876.6900000000014
145.25,145.24999999999864
3711.68,3711.679999999997
2384.2000000000003,2384.2000000000007
10366.39,10366.389999999996
2279.36,2279.360000000001
3379.32,3379.3200000000024
1618.81,1618.8100000000009
1647.75,1647.750000000005
4655.09,4655.090000000004
8460.48,8460.479999999996
6322.46,6322.459999999999
2373.57,2373.5700000000006
3321.34,3321.34
3521.88,3521.880000000002
751.1800000000001,751.1800000000003
2403.08,2403.0800000000017
6902.69,6902.6900000000005
2103.85,2103.850000000002
1189.48,1189.4800000000018
7152.88,7152.879999999999
1572.82,1572.8200000000002
1080.33,1080.330000000003
1139.68,1139.6800000000035
1267.1,1267.100000000002
164.20999999999998,164.21000000000322
4817.7,4817.700000000001
3955.95,3955.9499999999994
377.58,377.5800000000004
558.54,558.54
93.67,93.67000000000098
134.15,134.1500000000001
5394.56,5394.559999999998
4859.66,4859.659999999997
4728.73,4728.729999999999
5169.419999999999,5169.420000000003
7162.72,7162.719999999999
228.61,228.61000000000195
3611.8,3611.799999999998
9202.33,9202.329999999998
717.2900000000001,717.2900000000009
2366.42,2366.4200000000033
4317.19,4317.190000000002
1139.9,1139.900000000001
191.1,191.099999999999
3247.7700000000004,3247.770000000003
4861.9800000000005,4861.98
5068.98,5068.979999999998
791.19,791.1900000000019
1489.49,1489.4900000000025
4201.6900000000005,4201.689999999998
1838.0,1838.0
1872.23,1872.2299999999982
5394.56,5394.5599999999995
20.75,20.74999999999909
7126.0,7125.999999999996
249.68,249.67999999999984
323.12,323.1200000000008
3379.32,3379.3200000000006
1949.48,1949.480000000001
1378.5,1378.4999999999989
2265.16,2265.159999999999
3145.64,3145.6399999999994
1139.68,1139.6800000000053
2849.6400000000003,2849.640000000002
2534.49,2534.490000000002
5985.52,5985.520000000002
1612.5,1612.5000000000014
2534.49,2534.49
1391.88,1391.8799999999999
786.55,786.5500000000011
860.98,860.9800000000037
8115.52,8115.520000000001
2433.2000000000003,2433.200000000004
3244.55,3244.5500000000047
183.64,183.63999999999942
3413.04,3413.040000000001
1646.25,1646.2499999999998
924.61,924.6100000000047
567.11,567.1100000000015
253.17,253.1699999999987
3483.6,3483.6000000000045
7864.1,7864.099999999996
876.81,876.8099999999981
4175.64,4175.639999999999
4704.030000000001,4704.030000000001
4319.02,4319.020000000001
9220.81,9220.810000000001
4013.15,4013.1499999999983
735.87,735.869999999999
138.96,138.96000000000004
3243.51,3243.5100000000043
834.74,834.739999999998
2387.48,2387.4799999999996
2453.39,2453.3900000000017
5732.589999999999,5732.5899999999965
1378.5,1378.5000000000027
6404.990000000001,6404.990000000002
2419.55,2419.55
144.99,144.98999999999933
4774.3,4774.299999999999
4747.14,4747.14
1403.34,1403.3400000000029
2167.08,2167.0799999999986
741.09,741.0899999999983
1770.68,1770.6800000000023
8063.24,8063.239999999999
1892.33,1892.3300000000022
1083.51,1083.5100000000007
4792.42,4792.42
3715.77,3715.7700000000004
577.59,577.5900000000006
6788.34,6788.340000000001
2223.27,2223.269999999998
7864.1,7864.099999999998
5576.12,5576.120000000001
4281.2,4281.200000000003
5698.4,5698.399999999999
3272.83,3272.8300000000013
6788.8,6788.800000000001
547.31,547.3099999999995
2534.49,2534.4900000000025
377.22,377.21999999999935
2757.0,2756.999999999999
7169.05,7169.050000000001
2757.0,2756.9999999999986
5126.549999999999,5126.550000000001
2453.2200000000003,2453.220000000004
1024.6,1024.600000000004
5913.81,5913.8099999999995
4753.700000000001,4753.700000000001
4630.070000000001,4630.07
92.49,92.49000000000024
1135.55,1135.550000000001
83.0,83.0
5394.56,5394.5599999999995
7977.76,7977.759999999996
2564.9,2564.900000000002
2845.5,2845.500000000002
8107.74,8107.740000000004
1729.21,1729.2099999999991
4700.29,4700.29
2534.49,2534.4900000000007
2297.5,2297.4999999999995
2526.59,2526.5899999999983
1729.21,1729.2099999999975
722.36,722.3600000000033
36.64,36.63999999999942
98.78,98.78000000000202
933.66,933.6600000000017
1780.36,1780.360000000003
2485.16,2485.159999999998
4259.99,4259.99
182.02,182.01999999999907
2796.4300000000003,2796.4299999999976
2527.4700000000003,2527.4699999999984
2446.4,2446.4000000000015
2373.57,2373.5700000000006
10379.39,10379.389999999998
7212.9,7212.9
488.79,488.78999999999996
6848.86,6848.859999999997
2757.0,2757.0
2046.82,2046.8199999999986
459.5,459.5000000000018
3333.64,3333.639999999998
753.44,753.4399999999978
3858.68,3858.6800000000007
1255.34,1255.3400000000015
2426.0800000000004,2426.080000000003
3828.55,3828.55
7674.990000000001,7674.989999999999
927.92,927.9199999999996
5992.9800000000005,5992.98
1235.12,1235.1200000000017
4595.0,4594.999999999999
887.7800000000001,887.7800000000043
1770.85,1770.850000000001
223.36,223.36000000000286
2473.55,2473.5499999999993
4643.81,4643.810000000002
5545.65,5545.650000000001
2927.29,2927.2900000000022
2984.7200000000003,2984.72
3216.5,3216.4999999999995
82.94,82.94000000000142
3450.26,3450.260000000003
1527.49,1527.4899999999993
5068.98,5068.979999999999
2518.04,2518.0400000000027
4649.68,4649.6799999999985
2293.03,2293.0300000000016
8183.67,8183.670000000002
1675.77,1675.7700000000004
6320.41,6320.409999999999
3522.62,3522.620000000004
7911.9,7911.899999999997
128.79000000000002,128.7899999999995
3439.88,3439.8800000000015
5965.820000000001,5965.820000000003
867.99,867.9900000000043
4718.46,4718.459999999997
4683.0,4682.999999999998
3285.78,3285.78
2661.8900000000003,2661.890000000002
48.72,48.720000000001164
3932.05,3932.0499999999975
6336.01,6336.01
1603.0800000000002,1603.080000000003
2486.27,2486.2699999999995
4266.53,4266.530000000001
262.46,262.46000000000095
2447.5800000000004,2447.5800000000013
4798.88,4798.880000000002
2321.9500000000003,2321.9500000000035
3080.55,3080.5500000000006
2279.36,2279.3600000000033
361.18,361.18000000000256
164.89,164.88999999999896
10257.12,10257.119999999999
2962.04,2962.0400000000027
6956.59,6956.59
3711.68,3711.6799999999976
2784.1800000000003,2784.1800000000017
776.88,776.8800000000001
11597.42,11597.419999999998
570.51,570.5100000000011
4045.92,4045.9199999999983
20.75,20.749999999998636
1471.9,1471.900000000002
1254.3300000000002,1254.3299999999988
959.47,959.4700000000007
3968.2,3968.199999999999
3233.21,3233.210000000003
6400.64,6400.639999999999
884.5899999999999,884.5900000000024
1378.5,1378.5
2347.36,2347.360000000002
838.6400000000001,838.6400000000012
3179.88,3179.880000000003
7190.389999999999,7190.389999999998
247.03,247.0300000000011
83.0,83.00000000000045
752.62,752.6199999999999
459.5,459.5000000000032
10502.93,10502.93
3523.62,3523.6200000000035
2397.49,2397.490000000002
7077.69,7077.689999999997
1787.47,1787.4700000000005
767.5400000000001,767.539999999999
4791.0,4790.999999999999
186.75,186.74999999999955
459.5,459.5000000000023
674.32,674.3200000000033
516.18,516.1800000000007
4001.59,4001.590000000001
4020.6,4020.6000000000026
1908.39,1908.3900000000012
4595.0,4595.0
5988.950000000001,5988.950000000003
751.45,751.4500000000003
2503.1600000000003,2503.1599999999976
221.41,221.41000000000167
1496.47,1496.4700000000012
2697.28,2697.280000000002
20.75,20.749999999999545
1313.3300000000002,1313.3299999999992
7370.459999999999,7370.46
2448.4700000000003,2448.4700000000034
2534.49,2534.4900000000025
538.92,538.9199999999992
6222.7,6222.699999999999
2968.48,2968.479999999998
7650.68,7650.679999999998
723.4200000000001,723.4199999999996
165.6,165.59999999999945
103.75,103.75
4790.93,4790.93
2291.63,2291.6299999999987
2800.37,2800.3700000000003
2359.23,2359.2300000000005
8478.55,8478.549999999997
8049.73,8049.73
5545.64,5545.639999999998
1976.24,1976.2399999999977
3445.3700000000003,3445.370000000003
5611.45,5611.449999999999
6401.33,6401.329999999998
915.69,915.6900000000046
722.36,722.3600000000001
722.36,722.3599999999997
1790.79,1790.790000000001
1729.21,1729.2099999999982
1090.65,1090.6500000000005
3211.63,3211.6300000000024
1976.24,1976.2399999999986
3932.05,3932.0499999999975
3283.51,3283.510000000001
196.58,196.5799999999981
1906.02,1906.0200000000025
131.59,131.58999999999878
3932.05,3932.0499999999993
83.0,83.00000000000045
845.8100000000001,845.8100000000036
6743.2,6743.199999999999
3307.26,3307.26
129.07,129.06999999999834
9253.46,9253.46
6378.530000000001,6378.530000000001
1838.0,1838.0000000000014
1918.25,1918.2500000000027
2470.3,2470.299999999997
5538.33,5538.329999999998
577.69,577.69
3340.88,3340.8800000000006
4045.92,4045.919999999999
11545.63,11545.629999999997
7648.12,7648.119999999997
409.9,409.90000000000373
2757.0,2756.9999999999973
166.0,165.99999999999864
734.4100000000001,734.4100000000012
7683.85,7683.8499999999985
2333.94,2333.9399999999987
1475.2700000000002,1475.270000000001
190.88,190.87999999999874
4094.97,4094.9700000000016
6879.24,6879.239999999999
5941.59,5941.590000000002
3711.68,3711.68
1139.68,1139.6800000000026
1062.39,1062.3900000000026
3523.16,3523.160000000004
3302.51,3302.5100000000016
540.52,540.5200000000009
6870.47,6870.47
1378.5,1378.5000000000034
2022.96,2022.9599999999987
5583.23,5583.230000000001
1882.25,1882.250000000001
2653.86,2653.8600000000024
2432.19,2432.1900000000014
2427.56,2427.5600000000018
1021.43,1021.430000000003
207.5,207.49999999999773
1515.5,1515.4999999999989
7169.11,7169.109999999998
5698.4,5698.400000000003
4662.650000000001,4662.649999999998
7090.49,7090.489999999996
4774.990000000001,4774.99
7681.1,7681.099999999998
988.12,988.119999999999
6743.2,6743.199999999997
2068.57,2068.5699999999997
2381.1200000000003,2381.12
10436.93,10436.93
7120.71,7120.709999999999
9117.44,9117.439999999999
1283.94,1283.9400000000023
1976.24,1976.2399999999975
5602.3,5602.2999999999965
1618.47,1618.4700000000005
6378.29,6378.289999999999
2023.2,2023.199999999999
4872.76,4872.759999999998
824.19,824.1900000000014
298.19,298.19000000000096
842.92,842.9200000000028
1481.23,1481.2299999999998
2747.02,2747.02
160.25,160.25
3360.27,3360.2700000000013
4720.24,4720.239999999997
1298.0700000000002,1298.0700000000031
3454.8700000000003,3454.8700000000035
533.69,533.6900000000014
3453.96,3453.9600000000046
3448.38,3448.3800000000037
3488.47,3488.470000000002
4262.11,4262.1100000000015
9117.44,9117.439999999995
2390.9,2390.9
7077.69,7077.69
6882.02,6882.019999999997
4272.08,4272.080000000002
4795.36,4795.359999999997
2998.9700000000003,2998.9700000000016
2215.65,2215.6500000000005
1572.82,1572.8199999999988
11519.34,11519.339999999997
5504.87,5504.869999999999
41.5,41.499999999999545
2022.96,2022.960000000001
6068.88,6068.879999999996
11519.64,11519.639999999996
4074.38,4074.3800000000015
2422.93,2422.93
741.5,741.5000000000032
894.0899999999999,894.0899999999983
3932.05,3932.0499999999993
3346.53,3346.5299999999984
2593.07,2593.0700000000015
769.22,769.2200000000016
6229.54,6229.539999999999
1498.24,1498.240000000003
8575.849999999999,8575.849999999999
2433.96,2433.959999999998
530.15,530.1500000000028
2057.02,2057.0199999999995
5625.67,5625.669999999999
1553.31,1553.3099999999993
837.8100000000001,837.8100000000018
1735.56,1735.5599999999977
4810.860000000001,4810.860000000001
145.25,145.24999999999955
927.92,927.920000000001
469.96,469.9599999999996
205.26,205.2599999999975
4907.59,4907.589999999998
2494.23,2494.230000000004
1610.7900000000002,1610.7900000000031
7169.64,7169.639999999999
535.36,535.3599999999965
7168.44,7168.439999999998
5596.45,5596.450000000003
815.5200000000001,815.5200000000041
5093.15,5093.15
4866.69,4866.69
2426.77,2426.7700000000045
103.75,103.74999999999727
2059.8,2059.799999999999
1827.76,1827.7599999999995
4002.66,4002.66
3278.65,3278.650000000002
4595.0,4594.999999999999
1972.41,1972.410000000001
7188.36,7188.359999999999
8016.519999999999,8016.5199999999995
11396.8,11396.8
105.83,105.83000000000175
5068.98,5068.979999999999
2396.8500000000004,2396.8500000000017
8519.06,8519.059999999998
5652.73,5652.729999999998
2960.65,2960.6499999999996
6387.370000000001,6387.370000000004
6922.39,6922.390000000001
3479.08,3479.0800000000027
1770.08,1770.0799999999983
6201.29,6201.289999999995
207.5,207.49999999999773
10333.070000000002,10333.07
1830.3,1830.300000000002
6743.2,6743.199999999998
3371.54,3371.5400000000022
11543.34,11543.34
2461.6,2461.6000000000004
11637.4,11637.399999999998
1044.04,1044.0399999999981
374.2,374.2000000000021
3999.05,3999.050000000001
1948.81,1948.8100000000015
2297.5,2297.5
2914.74,2914.7400000000016
5504.87,5504.869999999996
463.96,463.96000000000186
827.71,827.7099999999991
927.92,927.9199999999996
4781.61,4781.609999999999
1986.45,1986.4500000000005
514.5699999999999,514.570000000002
171.03,171.03000000000065
2534.49,2534.490000000001
11396.8,11396.799999999996
3711.68,3711.6799999999976
3240.23,3240.230000000001
2800.2700000000004,2800.27
5598.75,5598.750000000002
488.05,488.0499999999997
7931.55,7931.549999999999
1159.07,1159.0700000000002
4245.049999999999,4245.049999999999
7911.9,7911.9
1552.7900000000002,1552.7900000000031
4771.81,4771.810000000001
1855.84,1855.8399999999997
463.96,463.96000000000004
1805.9,1805.8999999999999
2417.81,2417.8100000000045
708.38,708.3800000000006
4071.07,4071.0699999999974
3419.04,3419.0400000000013
1886.85,1886.8500000000013
5608.620000000001,5608.62
4792.07,4792.069999999997
7990.06,7990.059999999998
4811.61,4811.61
4558.72,4558.719999999999
2799.6800000000003,2799.680000000002
2497.01,2497.010000000001
3984.26,3984.260000000001
1636.6899999999998,1636.690000000001
11550.56,11550.559999999994
8054.22,8054.219999999997
1805.9,1805.900000000001
2282.13,2282.1299999999983
4720.24,4720.24
722.36,722.3600000000006
1027.48,1027.4800000000032
1210.5800000000002,1210.5800000000029
4720.24,4720.240000000001
524.74,524.7399999999984
7161.9,7161.9000000000015
1953.67,1953.6700000000026
1572.82,1572.819999999999
508.91,508.90999999999894
7126.349999999999,7126.349999999995
5125.44,5125.440000000002
190.5,190.50000000000227
6291.28,6291.279999999999
2528.26,2528.26
1865.14,1865.140000000001
209.18,209.1800000000012
5394.56,5394.5599999999995
4821.77,4821.770000000002
62.25,62.24999999999909
3247.72,3247.7199999999975
5470.950000000001,5470.950000000001
3611.8,3611.7999999999993
1445.72,1445.7200000000003
5577.28,5577.280000000001
3747.0,3747.0000000000023
11396.8,11396.799999999996
3265.37,3265.3699999999994
3241.5,3241.5000000000027
459.5,459.50000000000273
9325.8,9325.800000000001
1437.64,1437.6400000000012
6369.27,6369.269999999999
1453.42,1453.4200000000017
3439.3,3439.299999999999
3752.68,3752.6799999999967
1640.75,1640.7500000000039
791.19,791.1900000000023
823.6700000000001,823.6700000000019
136.56,136.56000000000222
62.18,62.180000000000746
3250.62,3250.619999999999
8011.45,8011.449999999997
249.75,249.75000000000045
4134.93,4134.929999999999
3711.68,3711.679999999996
7950.69,7950.689999999997
1838.0,1838.000000000001
5644.16,5644.159999999999
4843.7300000000005,4843.730000000001
3145.64,3145.639999999997
6935.64,6935.639999999999
1890.19,1890.1899999999994
4231.7300000000005,4231.7300000000005
1359.0700000000002,1359.07
4310.75,4310.750000000004
1251.34,1251.3400000000026
4135.5,4135.499999999998
3145.64,3145.639999999998
6347.120000000001,6347.119999999999
1623.9,1623.9000000000008
3247.72,3247.7200000000003
1378.5,1378.4999999999998
221.45,221.44999999999845
5559.240000000001,5559.2400000000025
993.36,993.360000000001
5522.03,5522.029999999999
848.48,848.4800000000027
2944.59,2944.590000000003
8448.3,8448.299999999996
7195.129999999999,7195.130000000001
1154.84,1154.8400000000029
4135.5,4135.499999999999
502.99,502.9900000000034
527.29,527.2900000000022
2001.94,2001.9399999999982
993.19,993.1900000000023
201.65,201.64999999999918
2528.26,2528.2599999999998
4664.530000000001,4664.530000000001
62.25,62.24999999999909
3823.06,3823.060000000001
85.53,85.53000000000247
2575.72,2575.720000000002
3798.25,3798.25
5963.3,5963.3
2922.0,2922.0
2216.12,2216.1200000000035
773.2900000000001,773.2900000000009
4844.63,4844.630000000004
5588.87,5588.870000000003
5698.4,5698.4000000000015
3337.55,3337.55
1971.36,1971.3600000000008
1929.88,1929.8800000000006
294.9,294.8999999999992
2183.83,2183.8300000000027
827.99,827.9900000000039
2431.11,2431.1100000000038
6354.8,6354.799999999999
3359.82,3359.8200000000015
2533.53,2533.529999999998
8494.41,8494.409999999996
4328.95,4328.950000000001
1556.56,1556.5599999999974
2055.66,2055.6599999999976
2030.5,2030.499999999998
4639.6,4639.599999999997
494.06,494.0599999999986
4332.83,4332.830000000002
1406.83,1406.8300000000013
2022.96,2022.9599999999982
6068.88,6068.88
3656.9,3656.9
2319.8,2319.800000000001
4108.08,4108.079999999998
6853.34,6853.340000000001
4270.98,4270.9800000000005
2697.28,2697.2799999999997
20.75,20.749999999997726
2297.5,2297.4999999999995
3379.32,3379.3200000000015
4698.89,4698.890000000003
1858.9,1858.9000000000026
3465.33,3465.3299999999986
3796.7,3796.6999999999985
5539.42,5539.419999999997
4797.74,4797.740000000002
3543.42,3543.420000000003
2050.18,2050.1799999999994
889.1600000000001,889.1600000000021
5793.77,5793.77
5698.4,5698.400000000001
1004.15,1004.1499999999992
322.15,322.1500000000001
1028.0,1027.9999999999982
1805.9,1805.8999999999999
1805.9,1805.8999999999999
3288.43,3288.429999999998
142.15,142.15000000000236
3247.72,3247.7199999999993
3151.84,3151.8400000000015
4640.75,4640.750000000005
1317.51,1317.510000000005
1590.31,1590.3099999999995
3189.19,3189.1900000000023
6419.79,6419.789999999999
981.92,981.9200000000014
5554.92,5554.919999999999
4928.96,4928.959999999999
1139.68,1139.6800000000017
41.5,41.49999999999909
3371.88,3371.880000000002
3955.95,3955.9500000000007
8259.87,8259.869999999999
6838.08,6838.079999999999
3247.72,3247.7199999999993
2005.34,2005.3399999999997
2575.89,2575.8900000000017
3716.95,3716.949999999999
2528.26,2528.2600000000007
1838.0,1837.9999999999982
1531.15,1531.1499999999992
2843.07,2843.070000000002
3757.92,3757.9199999999983
7959.42,7959.419999999998
6930.31,6930.31
192.45,192.44999999999982
5913.81,5913.8099999999995
3767.96,3767.959999999998
1716.56,1716.559999999999
1438.86,1438.860000000003
188.24,188.2400000000007
1391.88,1391.88
2279.36,2279.3600000000015
962.39,962.3899999999994
1772.55,1772.5499999999984
560.78,560.7799999999984
2757.0,2756.9999999999973
742.94,742.9399999999987
2375.86,2375.8599999999997
70.06,70.06000000000176
6068.88,6068.879999999996
194.89,194.89000000000078
3419.04,3419.0400000000013
1689.66,1689.660000000003
1441.14,1441.1400000000015
4720.24,4720.239999999998
4100.070000000001,4100.069999999998
5569.06,5569.059999999998
4096.76,4096.760000000002
2533.44,2533.44
887.69,887.69
7933.32,7933.319999999999
4689.25,4689.250000000003
4269.59,4269.590000000002
11396.8,11396.799999999996
1359.5200000000002,1359.5200000000004
10331.81,10331.809999999998
796.6600000000001,796.6600000000017
4102.3,4102.3
2518.1800000000003,2518.1799999999994
4050.81,4050.810000000002
3677.31,3677.3099999999995
975.62,975.6199999999999
7977.76,7977.759999999999
7864.1,7864.099999999998
2000.53,2000.5300000000004
5805.259999999999,5805.259999999998
1681.68,1681.6800000000046
1608.2600000000002,1608.2600000000027
7194.429999999999,7194.429999999997
41.5,41.49999999999909
3186.71,3186.709999999999
152.77,152.7699999999977
3415.58,3415.5800000000017
3051.59,3051.59
2220.87,2220.870000000001
3611.8,3611.7999999999997
5526.96,5526.959999999998
4830.79,4830.790000000001
2385.3,2385.3000000000025
2861.67,2861.6700000000014
4793.93,4793.930000000001
136.87,136.86999999999944
1855.84,1855.839999999998
590.1800000000001,590.1800000000021
5930.860000000001,5930.860000000001
1756.04,1756.0400000000052
4874.87,4874.87
1855.84,1855.8400000000001
1657.8000000000002,1657.8000000000031
97.66,97.6599999999994
2359.23,2359.2299999999987
4747.14,4747.139999999999
2299.87,2299.8699999999994
1805.9,1805.9000000000024
3955.95,3955.949999999998
1758.54,1758.540000000003
1548.73,1548.7300000000025
7948.719999999999,7948.7199999999975
7130.23,7130.229999999995
11396.8,11396.799999999996
6921.16,6921.160000000002
3385.49,3385.49
2545.99,2545.9900000000002
4788.7,4788.699999999996
3219.1,3219.1000000000013
3271.84,3271.8399999999974
4764.32,4764.319999999998
5521.88,5521.879999999999
3212.99,3212.9900000000002
6743.2,6743.199999999997
3231.2200000000003,3231.220000000003
6068.88,6068.880000000001
2889.44,2889.4399999999987
2684.1000000000004,2684.1000000000026
3792.82,3792.8199999999993
1437.0600000000002,1437.0599999999986
202.4,202.39999999999964
9136.56,9136.560000000001
6025.06,6025.060000000002
71.99000000000001,71.99000000000342
3711.68,3711.679999999997
5538.33,5538.329999999999
4662.85,4662.85
4723.79,4723.79
1514.74,1514.7400000000005
7233.34,7233.339999999998
7167.06,7167.059999999996
1976.24,1976.239999999996
1520.4,1520.4000000000015
741.09,741.0899999999992
3426.0,3426.0000000000005
5913.81,5913.8099999999995
4712.17,4712.1700000000055
5913.81,5913.810000000001
90.13,90.13000000000056
1444.72,1444.72
929.61,929.6100000000029
7077.69,7077.689999999997
1171.04,1171.0400000000027
776.6400000000001,776.6400000000026
3392.26,3392.26
2443.19,2443.190000000004
3955.95,3955.949999999998
6424.320000000001,6424.32
3293.96,3293.9599999999978
4718.46,4718.459999999998
3975.74,3975.7400000000007
473.91,473.91000000000304
7077.69,7077.689999999999
1515.4,1515.4000000000026
1634.33,1634.3300000000004
4800.32,4800.320000000001
2094.0,2094.000000000002
1931.95,1931.9500000000037
3754.52,3754.519999999997
4792.6,4792.599999999998
2835.88,2835.8800000000024
2856.51,2856.5099999999998
3711.68,3711.6799999999976
4652.01,4652.01
1997.5,1997.499999999999
519.98,519.9800000000005
199.56,199.56000000000222
4224.15,4224.150000000001
6911.9,6911.899999999998
186.75,186.7499999999991
4721.67,4721.670000000002
6743.2,6743.199999999998
1669.96,1669.9600000000034
6838.08,6838.08
3465.7200000000003,3465.7200000000043
2223.27,2223.269999999999
8130.24,8130.240000000001
141.65,141.65000000000146
2167.08,2167.0800000000004
8502.81,8502.809999999998
801.88,801.880000000001
1742.01,1742.0099999999977
2112.75,2112.75
2528.26,2528.2600000000007
1677.65,1677.6500000000017
8483.13,8483.129999999997
1023.57,1023.570000000002
2697.28,2697.279999999997
7150.9800000000005,7150.979999999998
1434.0,1433.9999999999977
171.84,171.8400000000015
1252.5800000000002,1252.5800000000036
1653.25,1653.2500000000034
741.09,741.0899999999997
1427.84,1427.8400000000001
3451.22,3451.22
3374.87,3374.869999999998
2889.44,2889.4399999999987
463.96,463.96000000000004
538.4,538.4000000000028
7864.1,7864.099999999998
2491.9500000000003,2491.949999999999
842.4,842.4000000000024
140.84,140.83999999999878
6783.79,6783.790000000001
1919.07,1919.0700000000027
936.67,936.6700000000028
5504.87,5504.869999999999
2551.84,2551.8400000000024
6291.28,6291.279999999997
1572.82,1572.8199999999993
4249.04,4249.039999999999
3371.6,3371.599999999998
6764.700000000001,6764.700000000001
459.5,459.5000000000009
2568.59,2568.59
1924.09,1924.0900000000008
5578.54,5578.540000000002
7158.15,7158.15
2057.84,2057.84
2757.0,2757.0
1132.14,1132.1400000000035
161.01,161.0099999999984
1238.86,1238.8600000000038
2840.3300000000004,2840.3300000000013
1232.86,1232.8600000000033
2528.26,2528.260000000001
5576.03,5576.0300000000025
2167.08,2167.0800000000004
1336.5300000000002,1336.5300000000002
3349.03,3349.0300000000016
5632.3,5632.300000000002
7955.33,7955.329999999998
2429.9100000000003,2429.910000000004
540.18,540.1800000000017
3752.97,3752.9699999999993
250.11,250.1100000000015
8037.05,8037.049999999999
3284.56,3284.56
2010.82,2010.820000000001
873.11,873.1099999999997
1378.5,1378.5000000000002
6377.200000000001,6377.200000000002
1287.99,1287.9899999999993
235.98,235.98000000000184
2265.23,2265.230000000003
1022.4,1022.3999999999983
919.0,919.0000000000009
7160.35,7160.3499999999985
169.73,169.72999999999865
791.19,791.1900000000046
919.0,919.0000000000018
811.4200000000001,811.4200000000019
3611.8,3611.7999999999997
3335.34,3335.339999999999
7124.799999999999,7124.799999999996
3336.52,3336.5200000000027
7989.299999999999,7989.300000000001
7958.67,7958.669999999998
3250.62,3250.620000000001
3335.07,3335.069999999999
2373.57,2373.5699999999997
4224.15,4224.1500000000015
1113.01,1113.0100000000016
1582.38,1582.3800000000028
3730.22,3730.2199999999993
961.7,961.6999999999989
6291.28,6291.279999999995
1855.84,1855.8399999999988
844.83,844.8300000000017
2839.98,2839.98
4324.21,4324.210000000001
4829.21,4829.210000000003
1176.39,1176.3900000000017
1894.38,1894.380000000001
6068.88,6068.879999999997
7916.72,7916.719999999998
1816.77,1816.7700000000016
5913.81,5913.81
3932.05,3932.0499999999984
4954.33,4954.330000000001
6838.08,6838.08
83.0,82.99999999999864
2757.0,2756.999999999998
2504.8,2504.8
5134.679999999999,5134.680000000001
1308.13,1308.1300000000024
1839.42,1839.4199999999998
263.74,263.7399999999998
1776.03,1776.0299999999982
4756.61,4756.6100000000015
816.5400000000001,816.5400000000009
856.74,856.7400000000034
186.75,186.7499999999991
3403.5800000000004,3403.580000000002
2484.44,2484.439999999998
283.11,283.1100000000015
1744.8000000000002,1744.8000000000031
1727.8100000000002,1727.810000000002
4304.69,4304.690000000001
4217.93,4217.929999999999
4233.679999999999,4233.680000000001
3955.95,3955.949999999999
1709.46,1709.4600000000028
988.12,988.1200000000003
6389.5,6389.500000000003
3164.76,3164.76
2443.76,2443.760000000002
4702.06,4702.060000000002
1457.3300000000002,1457.3300000000029
4180.22,4180.219999999998
2889.44,2889.439999999999
6374.93,6374.93
8501.72,8501.72
7940.5,7940.5
3790.06,3790.059999999999
897.4399999999999,897.44
674.32,674.320000000002
8527.84,8527.84
1028.01,1028.010000000002
1746.23,1746.2300000000062
7864.1,7864.099999999997
41.5,41.499999999997726
493.64,493.6400000000008
8069.56,8069.559999999999
166.0,165.99999999999818
1348.64,1348.640000000004
4869.09,4869.089999999998
741.09,741.0900000000001
1893.67,1893.6700000000021
248.61,248.60999999999876
7058.69,7058.6900000000005
145.25,145.24999999999864
4747.14,4747.139999999999
6442.62,6442.619999999997
1644.24,1644.2399999999993
4639.6,4639.599999999997
2579.49,2579.4900000000002
5719.799999999999,5719.800000000001
888.9100000000001,888.9099999999999
2167.08,2167.079999999998
153.52,153.52000000000135
2223.27,2223.2699999999973
786.41,786.4100000000003
7961.92,7961.919999999998
4321.54,4321.540000000004
7232.99,7232.989999999999
1458.87,1458.8700000000026
4783.37,4783.369999999997
2477.14,2477.1399999999994
20.75,20.749999999997726
2370.4500000000003,2370.4499999999994
6758.64,6758.639999999999
1978.95,1978.9499999999994
919.0,919.0000000000005
3598.26,3598.2599999999993
1447.66,1447.6599999999983
41.5,41.49999999999909
4079.53,4079.5299999999975
2783.76,2783.7599999999998
6886.84,6886.839999999998
282.77,282.7699999999991
4175.64,4175.639999999997
4849.13,4849.130000000001
20.75,20.75000000000091
1529.66,1529.6599999999994
3538.9,3538.9000000000015
3802.98,3802.9799999999996
2515.36,2515.3599999999997
3185.43,3185.43
2398.0,2398.000000000003
5969.990000000001,5969.990000000002
3327.48,3327.480000000002
2382.3,2382.3
1889.85,1889.8500000000008
7603.47,7603.4699999999975
4223.55,4223.550000000001
207.5,207.4999999999991
3289.86,3289.86
640.41,640.4100000000012
494.06,494.0599999999977
520.8,520.7999999999988
8139.070000000001,8139.069999999999
2803.38,2803.38
4197.56,4197.5599999999995
2228.63,2228.6299999999983
8116.5,8116.500000000002
10478.33,10478.329999999998
999.5,999.5000000000036
8005.719999999999,8005.72
2474.32,2474.3200000000043
1001.54,1001.5400000000022
3166.14,3166.14
6335.1,6335.1
5851.589999999999,5851.590000000003
1976.24,1976.2399999999966
10347.54,10347.54
2757.0,2757.000000000001
4778.099999999999,4778.0999999999985
4802.34,4802.340000000002
3611.8,3611.8000000000006
207.5,207.4999999999991
4718.46,4718.459999999997
1547.52,1547.5199999999998
205.8,205.79999999999927
7109.129999999999,7109.129999999997
965.25,965.2500000000009
5464.01,5464.009999999999
4767.240000000001,4767.240000000002
2470.3,2470.2999999999975
3419.04,3419.04
6819.280000000001,6819.2800000000025
786.41,786.410000000003
1957.52,1957.520000000003
1106.71,1106.7099999999996
480.6,480.6000000000017
919.0,919.0000000000023
3419.2200000000003,3419.220000000003
7181.52,7181.5199999999995
3744.15,3744.1500000000005
2371.4,2371.4000000000024
2066.92,2066.9199999999987
268.52,268.52000000000226
129.73,129.73000000000138
3788.62,3788.6199999999985
3369.06,3369.060000000001
3433.51,3433.510000000004
614.8199999999999,614.820000000002
3371.6,3371.5999999999985
1572.82,1572.8199999999993
2534.49,2534.490000000002
205.36,205.36000000000013
3327.78,3327.7799999999993
3660.05,3660.0500000000015
2484.97,2484.970000000002
7890.58,7890.579999999999
233.6,233.60000000000173
1275.34,1275.3399999999972
1582.38,1582.3800000000026
1001.88,1001.8800000000006
236.61,236.60999999999876
6329.52,6329.52
6329.52,6329.520000000001
7903.97,7903.969999999997
437.17,437.17000000000144
1561.5,1561.5000000000014
3944.57,3944.569999999999
93.9,93.89999999999964
4770.04,4770.039999999997
186.75,186.74999999999773
1788.59,1788.5900000000051
459.5,459.5
3216.5,3216.4999999999995
1242.85,1242.8500000000045
2396.83,2396.8300000000054
4144.88,4144.88
195.64,195.6400000000026
7941.639999999999,7941.6399999999985
3325.13,3325.1300000000024
3707.52,3707.5199999999995
6919.09,6919.090000000001
840.96,840.960000000001
4260.650000000001,4260.649999999999
844.83,844.8300000000031
862.9100000000001,862.910000000004
265.68,265.6799999999985
1855.84,1855.8399999999979
806.34,806.3400000000001
1046.96,1046.9600000000028
5504.87,5504.87
6182.2,6182.199999999999
1833.64,1833.6400000000026
2424.3900000000003,2424.3900000000026
7120.71,7120.709999999998
6743.2,6743.199999999995
1196.91,1196.910000000003
124.5,124.49999999999864
3974.96,3974.9599999999996
2359.23,2359.2300000000014
3383.79,3383.790000000001
1869.29,1869.2899999999977
800.14,800.1400000000003
2002.01,2002.0099999999973
5718.53,5718.529999999999
2794.8,2794.800000000001
4254.82,4254.8200000000015
184.59,184.59000000000106
4192.41,4192.41
4720.24,4720.239999999998
1378.5,1378.5
6743.2,6743.199999999997
3680.9,3680.8999999999987
3293.05,3293.05
3711.68,3711.679999999998
5990.72,5990.720000000004
4026.24,4026.2400000000016
3300.4,3300.3999999999974
606.55,606.5500000000034
2781.6200000000003,2781.6199999999985
5569.69,5569.6900000000005
4175.64,4175.64
4747.14,4747.139999999999
3302.88,3302.879999999998
1444.72,1444.7200000000025
4646.42,4646.420000000002
2167.08,2167.08
361.18,361.1800000000012
882.98,882.9800000000027
4595.0,4594.999999999996
2837.61,2837.61
3309.68,3309.6800000000017
5927.200000000001,5927.200000000001
2628.04,2628.040000000003
3407.44,3407.4400000000046
1838.0,1837.999999999998
5394.56,5394.5599999999995
920.4,920.4000000000028
4730.6,4730.5999999999985
3189.85,3189.85
722.36,722.360000000002
786.41,786.4099999999999
1580.87,1580.870000000001
1572.82,1572.8200000000004
141.94,141.9400000000005
2376.0600000000004,2376.06
3412.91,3412.909999999997
786.41,786.4100000000012
3442.15,3442.15
2407.32,2407.3200000000024
1573.78,1573.7800000000013
979.83,979.8300000000004
1553.8,1553.8000000000013
993.64,993.640000000003
5538.33,5538.33
2838.49,2838.4900000000007
2373.57,2373.570000000002
1855.84,1855.8400000000006
166.0,166.0000000000009
4858.58,4858.58
5655.9,5655.899999999998
1861.63,1861.6300000000008
4763.700000000001,4763.700000000002
237.13,237.13000000000102
6329.52,6329.52
7077.69,7077.689999999995
6149.95,6149.949999999998
5986.900000000001,5986.900000000002
1187.41,1187.4099999999999
5638.08,5638.080000000001
844.83,844.8300000000045
3307.09,3307.09
4235.82,4235.819999999999
2383.93,2383.930000000001
107.36,107.35999999999967
888.16,888.160000000004
210.19,210.18999999999915
207.5,207.49999999999955
3644.21,3644.21
4045.11,4045.1100000000033
6956.57,6956.57
3676.0,3675.9999999999986
3145.64,3145.6399999999985
2680.5,2680.499999999998
2338.5,2338.5000000000005
7911.9,7911.899999999999
9213.95,9213.95
3344.4,3344.399999999997
915.38,915.3800000000051
937.06,937.0600000000013
3711.68,3711.679999999998
4175.64,4175.639999999999
1594.7700000000002,1594.7700000000018
211.69,211.69000000000096
6918.36,6918.359999999999
4911.9,4911.900000000001
4225.77,4225.77
4182.01,4182.01
183.69,183.69000000000142
2540.5800000000004,2540.5799999999967
4637.51,4637.5099999999975
508.68,508.68000000000393
6743.2,6743.199999999996
7700.04,7700.039999999999
2354.49,2354.489999999999
3329.11,3329.1099999999983
3429.7000000000003,3429.7000000000025
279.34000000000003,279.3399999999979
6853.160000000001,6853.160000000002
511.15,511.1500000000019
4755.34,4755.339999999998
1903.1,1903.1000000000017
4224.15,4224.15
7603.47,7603.469999999995
137.95,137.95000000000164
2358.07,2358.0700000000015
864.72,864.7200000000039
3249.44,3249.4400000000014
2447.4,2447.400000000003
2071.03,2071.030000000003
7663.650000000001,7663.65
1650.12,1650.1199999999997
1578.82,1578.8200000000004
10324.92,10324.92
870.9100000000001,870.9100000000067
8515.949999999999,8515.949999999997
4769.160000000001,4769.16
3608.15,3608.1500000000015
175.24,175.2400000000007
5504.87,5504.870000000001
1248.5500000000002,1248.5499999999997
1019.68,1019.6799999999976
166.0,165.99999999999773
1489.42,1489.419999999999
6767.22,6767.220000000001
4281.35,4281.35
528.6999999999999,528.7000000000012
4077.4,4077.399999999999
3932.05,3932.049999999997
1235.15,1235.1499999999985
11396.8,11396.799999999996
1484.45,1484.4500000000025
2410.7000000000003,2410.700000000001
1023.57,1023.5699999999997
72.82,72.82000000000062
6758.64,6758.639999999999
1854.51,1854.5099999999975
5943.910000000001,5943.910000000002
1258.85,1258.8499999999988
316.99,316.99000000000024
1190.8100000000002,1190.8100000000031
9261.67,9261.67
5489.76,5489.759999999998
3499.43,3499.430000000001
6329.52,6329.519999999999
3268.12,3268.1200000000003
124.5,124.49999999999773
844.83,844.8300000000013
515.04,515.0399999999986
2497.67,2497.670000000002
3451.5,3451.4999999999995
6462.53,6462.529999999998
886.49,886.4900000000034
844.83,844.8300000000022
3391.09,3391.0900000000006
1543.26,1543.2600000000002
7670.17,7670.17
3744.54,3744.540000000002
2319.8,2319.8
5591.43,5591.43
765.46,765.4600000000032
1750.02,1750.0200000000018
6513.81,6513.809999999998
4824.9,4824.9
6840.98,6840.979999999994
9175.46,9175.46
7206.95,7206.949999999999
985.33,985.3300000000004
4647.7300000000005,4647.730000000002
2959.06,2959.059999999999
939.32,939.320000000002
1995.62,1995.6199999999988
2470.3,2470.2999999999975
3932.05,3932.0499999999997
6068.88,6068.879999999998
7967.469999999999,7967.47
2692.26,2692.260000000003
3485.11,3485.11
20.75,20.750000000001364
1488.85,1488.8500000000024
5394.56,5394.560000000001
2783.76,2783.76
8069.71,8069.710000000002
1572.82,1572.8200000000018
4224.15,4224.149999999998
1389.89,1389.8900000000035
7653.530000000001,7653.529999999998
2528.26,2528.26
4825.54,4825.540000000002
3988.38,3988.3799999999997
5619.65,5619.65
838.53,838.5300000000016
2475.57,2475.5700000000047
7977.76,7977.759999999998
178.42000000000002,178.41999999999962
1875.23,1875.2299999999993
3164.76,3164.7600000000025
2489.28,2489.2800000000034
927.92,927.9200000000005
2223.27,2223.269999999997
3379.24,3379.24
1551.27,1551.270000000001
8002.46,8002.460000000001
572.46,572.4600000000019
716.3900000000001,716.3900000000026
3837.48,3837.480000000001
2064.61,2064.6100000000006
1701.72,1701.720000000004
1552.55,1552.5500000000022
90.72,90.72000000000025
2811.9700000000003,2811.97
200.98,200.98000000000184
2398.19,2398.1900000000023
1464.04,1464.0400000000004
2078.01,2078.0099999999984
9164.85,9164.849999999999
1401.22,1401.2199999999991
3145.64,3145.639999999998
2555.62,2555.620000000002
3380.81,3380.809999999999
5091.379999999999,5091.380000000002
8544.47,8544.47
1912.24,1912.2400000000005
872.2,872.2000000000012
999.4,999.3999999999996
1300.26,1300.260000000001
141.13,141.12999999999874
3788.53,3788.5299999999997
5829.629999999999,5829.630000000001
8023.71,8023.7099999999955
4747.14,4747.140000000001
1559.8200000000002,1559.8200000000018
8453.509999999998,8453.509999999998
4610.05,4610.049999999998
7613.75,7613.749999999997
2528.26,2528.26
4255.85,4255.8499999999985
3070.57,3070.5700000000015
919.05,919.0500000000011
3344.74,3344.7399999999984
4693.47,4693.469999999996
896.69,896.690000000001
4800.65,4800.65
998.86,998.8599999999979
2367.61,2367.6100000000006
5419.740000000001,5419.740000000001
204.19,204.19000000000142
149.68,149.6800000000021
4749.01,4749.01
248.52,248.52000000000226
5655.32,5655.319999999998
2570.34,2570.3399999999997
2512.8700000000003,2512.87
2511.0600000000004,2511.0599999999986
41.5,41.500000000000455
2186.45,2186.4499999999994
6838.08,6838.08
5618.43,5618.4299999999985
2109.17,2109.169999999999
1730.71,1730.7100000000014
6291.28,6291.279999999999
4919.49,4919.49
1310.21,1310.2100000000014
2319.8,2319.7999999999993
4088.3,4088.2999999999993
294.74,294.74000000000024
4690.990000000001,4690.990000000002
243.53,243.53000000000247
5538.33,5538.330000000001
191.75,191.75000000000136
5146.87,5146.870000000003
201.45,201.45000000000164
1139.68,1139.6800000000035
2783.76,2783.76
6866.59,6866.589999999999
10341.490000000002,10341.489999999998
164.37,164.3699999999999
2359.49,2359.4899999999993
4125.74,4125.740000000001
3448.25,3448.2500000000023
304.85,304.85000000000036
11453.31,11453.309999999998
741.09,741.0899999999983
1809.28,1809.2799999999988
7257.91,7257.909999999999
2783.76,2783.76
1563.97,1563.9700000000016
970.88,970.8800000000001
6860.740000000001,6860.740000000002
1464.56,1464.5600000000015
3360.03,3360.0300000000034
4353.14,4353.14
8030.94,8030.939999999996
7120.71,7120.71
5394.56,5394.559999999998
145.18,145.17999999999984
6758.64,6758.639999999999
1147.53,1147.530000000001
2015.49,2015.4899999999973
6784.910000000001,6784.91
7156.36,7156.359999999998
4907.52,4907.5199999999995
2421.87,2421.8700000000013
3711.68,3711.679999999998
5619.82,5619.819999999998
2514.75,2514.7500000000005
1490.63,1490.6300000000017
1482.18,1482.179999999996
356.59000000000003,356.5900000000024
7938.27,7938.269999999999
330.68,330.6800000000012
3767.18,3767.180000000003
218.16,218.16000000000122
2816.42,2816.4199999999996
105.64,105.63999999999987
109.89,109.88999999999851
3944.19,3944.189999999999
3719.25,3719.25
988.12,988.1199999999981
2306.6,2306.6000000000017
11559.27,11559.269999999997
6743.2,6743.199999999998
6780.6,6780.5999999999985
4328.41,4328.410000000001
3453.25,3453.2500000000023
1800.86,1800.8600000000008
2635.71,2635.710000000002
7249.639999999999,7249.639999999999
9299.93,9299.93
1077.71,1077.7100000000023
2156.66,2156.6600000000008
2022.96,2022.9599999999987
3055.4300000000003,3055.430000000001
487.74,487.7400000000025
3012.92,3012.92
2318.23,2318.2300000000005
94.52,94.51999999999998
4635.7300000000005,4635.730000000002
2384.49,2384.4900000000034
1829.46,1829.4600000000007
1412.35,1412.349999999999
2300.02,2300.02
1235.15,1235.1499999999999
1014.99,1014.9900000000025
3266.0,3266.000000000003
186.75,186.74999999999727
2054.37,2054.3700000000017
2774.53,2774.529999999998
722.36,722.3599999999997
1505.16,1505.1600000000028
3955.95,3955.95
9332.34,9332.340000000004
5554.71,5554.710000000003
91.48,91.4799999999982
3497.97,3497.9700000000016
3214.83,3214.829999999998
6446.55,6446.550000000001
2449.13,2449.130000000001
785.36,785.360000000002
2319.8,2319.7999999999997
124.5,124.50000000000045
3955.95,3955.949999999999
11437.98,11437.979999999998
1160.58,1160.5800000000022
2185.74,2185.74
3218.8500000000004,3218.8500000000045
4017.01,4017.0099999999998
963.05,963.0499999999993
2167.08,2167.079999999998
986.82,986.8200000000006
3208.7000000000003,3208.7000000000016
103.75,103.74999999999864
791.19,791.1900000000014
252.59,252.59000000000015
3803.17,3803.1700000000014
2398.84,2398.84
130.59,130.59000000000106
5098.83,5098.83
3164.76,3164.760000000001
6488.71,6488.709999999999
5943.620000000001,5943.620000000001
6869.78,6869.779999999999
1372.74,1372.739999999999
722.36,722.360000000002
1942.5,1942.5000000000014
1637.23,1637.2300000000016
3330.72,3330.7199999999993
5641.58,5641.58
3428.1000000000004,3428.100000000003
234.53,234.5299999999961
5165.959999999999,5165.960000000001
2167.87,2167.869999999998
1976.24,1976.239999999997
1661.68,1661.6800000000035
164.23000000000002,164.23000000000047
6140.87,6140.869999999999
2376.4,2376.399999999999
7896.71,7896.709999999997
4123.25,4123.249999999999
3202.5800000000004,3202.5800000000013
62.25,62.25000000000091
6758.64,6758.640000000001
2014.34,2014.34
5589.51,5589.510000000002
4251.31,4251.3099999999995
4595.0,4594.999999999997
847.0699999999999,847.070000000002
3270.92,3270.9199999999987
1070.39,1070.3899999999999
231.69,231.6899999999987
1579.65,1579.6499999999992
1961.73,1961.7300000000012
20.75,20.74999999999909
6833.72,6833.720000000001
988.12,988.1199999999981
3371.6,3371.5999999999976
1850.96,1850.959999999999
857.0200000000001,857.0200000000063
6813.78,6813.779999999999
10257.12,10257.119999999995
6778.29,6778.290000000001
827.7900000000001,827.7900000000009
68.19,68.19000000000051
1482.18,1482.1799999999973
1976.24,1976.239999999999
1482.18,1482.1799999999985
2359.23,2359.229999999998
2948.58,2948.5800000000017
6197.83,6197.829999999998
3482.73,3482.730000000003
2167.08,2167.0800000000013
3720.21,3720.21
1954.94,1954.9400000000014
3116.07,3116.070000000003
7117.339999999999,7117.339999999997
2487.48,2487.4800000000005
2697.28,2697.2800000000007
2089.96,2089.959999999999
1936.02,1936.0200000000027
6008.64,6008.640000000001
2167.08,2167.079999999998
163.64,163.6400000000017
6391.72,6391.720000000001
2417.8500000000004,2417.8500000000054
3456.22,3456.2200000000007
6348.73,6348.729999999996
1259.0400000000002,1259.0400000000009
255.4,255.39999999999918
2573.59,2573.590000000002
775.35,775.349999999999
3448.24,3448.2400000000025
7980.17,7980.169999999996
1613.91,1613.9099999999999
1230.12,1230.1200000000013
1612.79,1612.7900000000025
5539.1,5539.100000000002
674.32,674.3199999999988
10257.12,10257.119999999995
1030.38,1030.3799999999997
288.41,288.41000000000304
3711.68,3711.6799999999976
2757.0,2756.999999999999
7712.34,7712.340000000001
4175.64,4175.639999999998
2797.9700000000003,2797.9699999999984
7655.860000000001,7655.859999999998
1058.14,1058.1400000000008
1181.8,1181.8000000000038
854.83,854.8300000000008
1083.26,1083.2600000000025
117.9,117.90000000000146
3415.65,3415.6500000000024
3025.62,3025.620000000002
7982.19,7982.19
1404.3300000000002,1404.330000000001
4172.79,4172.789999999999
1065.01,1065.0100000000011
3370.83,3370.830000000002
3466.6000000000004,3466.6000000000035
5913.81,5913.810000000001
3247.72,3247.719999999997
1083.54,1083.5400000000013
1925.14,1925.1400000000003
4045.92,4045.9199999999983
3611.8,3611.800000000002
3932.05,3932.0499999999993
5435.39,5435.389999999998
3306.65,3306.6500000000005
3164.76,3164.7599999999993
782.98,782.9800000000023
103.75,103.74999999999773
3379.32,3379.3200000000033
4184.67,4184.669999999997
755.4300000000001,755.4299999999998
222.1,222.10000000000173
2357.0,2357.0
5187.04,5187.040000000002
10367.08,10367.08
1508.46,1508.4599999999982
6796.53,6796.529999999996
4135.5,4135.499999999997
3423.93,3423.9299999999994
2889.44,2889.4399999999996
1582.38,1582.3800000000017
150.07,150.0699999999988
2833.5800000000004,2833.579999999998
459.5,459.5000000000009
5566.91,5566.909999999999
5980.0,5980.000000000001
1881.96,1881.9599999999987
62.29,62.29000000000087
5768.139999999999,5768.139999999998
4718.46,4718.459999999998
3932.05,3932.0499999999993
2046.54,2046.5399999999975
934.14,934.1400000000026
2632.46,2632.4600000000028
3628.88,3628.879999999998
1783.46,1783.4600000000055
73.82,73.81999999999744
3226.54,3226.539999999999
2892.21,2892.210000000002
1592.72,1592.720000000001
1645.75,1645.7500000000016
7120.71,7120.709999999997
4204.660000000001,4204.659999999998
887.5799999999999,887.5800000000017
2084.68,2084.680000000003
2025.72,2025.7200000000005
3371.6,3371.6
3717.79,3717.789999999998
988.12,988.1199999999994
964.95,964.9499999999998
1235.83,1235.830000000002
186.24,186.23999999999978
277.9,277.900000000001
7954.87,7954.869999999998
5486.18,5486.180000000001
2751.01,2751.01
182.39,182.39000000000124
3536.62,3536.62
566.28,566.2800000000002
8104.02,8104.020000000002
521.62,521.6200000000026
830.55,830.5500000000002
2084.7,2084.7000000000025
2315.34,2315.340000000001
6911.16,6911.159999999998
135.55,135.55000000000064
3744.18,3744.179999999999
6838.08,6838.079999999998
1173.81,1173.8100000000004
2319.8,2319.7999999999997
2371.36,2371.3599999999997
510.92,510.9200000000001
1268.28,1268.280000000003
2534.49,2534.4900000000025
9236.74,9236.74
2587.8,2587.8000000000015
2470.3,2470.2999999999975
1219.6,1219.6000000000045
5116.179999999999,5116.18
2697.28,2697.279999999999
4747.14,4747.1399999999985
1509.86,1509.8600000000026
6346.13,6346.129999999999
3588.75,3588.7500000000005
2278.53,2278.529999999997
6171.32,6171.319999999998
2223.27,2223.2699999999977
1807.37,1807.37
1481.74,1481.7400000000036
2198.37,2198.370000000001
6144.9800000000005,6144.979999999998
4294.29,4294.290000000004
1689.66,1689.6600000000033
950.42,950.4200000000019
152.28,152.27999999999884
1195.14,1195.1400000000017
